2026-08-06 20:12:06,174 - INFO - Settings dialog logging initialized
2026-08-06 20:12:06,241 - DEBUG - Running in frozen mode, base_dir: C:\Users\user\OneDrive\Desktop\DiscordQuestManager\version 1.1.0\dist
2026-08-06 20:12:06,242 - DEBUG - Settings file path: C:\Users\user\OneDrive\Desktop\DiscordQuestManager\version 1.1.0\dist\DiscordQuestManager-data\settings.json
2026-08-06 20:12:06,242 - INFO - Settings file path: C:\Users\user\OneDrive\Desktop\DiscordQuestManager\version 1.1.0\dist\DiscordQuestManager-data\settings.json
2026-08-06 20:12:06,242 - DEBUG - Loaded default settings with 38 keys
2026-08-06 20:12:06,243 - DEBUG - Attempting to load settings from: C:\Users\user\OneDrive\Desktop\DiscordQuestManager\version 1.1.0\dist\DiscordQuestManager-data\settings.json
2026-08-06 20:12:06,244 - INFO - Settings file does not exist at C:\Users\user\OneDrive\Desktop\DiscordQuestManager\version 1.1.0\dist\DiscordQuestManager-data\settings.json, using defaults
2026-08-06 20:12:06,244 - INFO - SettingsManager initialized with 38 total settings
2026-08-06 20:12:06,245 - INFO - Loaded 26 colors from mocha.json
2026-08-06 20:12:06,245 - DEBUG - GET setting 'theme': mocha (default: mocha)
2026-08-06 20:12:06,245 - INFO - set_theme called with theme: mocha, custom_colors: False
2026-08-06 20:12:06,245 - INFO - Setting built-in theme: mocha
2026-08-06 20:12:06,246 - INFO - Loaded 26 colors from mocha.json
2026-08-06 20:12:06,246 - INFO - Theme set to: mocha with 26 colors
2026-08-06 20:12:06,246 - WARNING - No theme change callback registered
2026-08-06 20:12:06,246 - DEBUG - GET setting 'custom_duration': 15 (default: 15)
2026-08-06 20:12:06,246 - DEBUG - GET setting 'multi_quest_limit': 0 (default: 0)
2026-08-06 20:12:06,246 - DEBUG - GET setting 'remember_duration': True (default: True)
2026-08-06 20:12:06,246 - DEBUG - GET setting 'minimize_to_tray': False (default: False)
2026-08-06 20:12:06,246 - DEBUG - GET setting 'auto_clean_on_exit': True (default: True)
2026-08-06 20:12:06,246 - DEBUG - GET setting 'discord_auto_open': True (default: True)
2026-08-06 20:12:06,246 - DEBUG - GET setting 'auto_check_updates': True (default: True)
2026-08-06 20:12:06,246 - DEBUG - GET setting 'dummy_cat_selection': Cat-1 (default: Cat-1)
2026-08-06 20:12:06,246 - DEBUG - GET setting 'exe_creation_path':  (default: )
2026-08-06 20:12:06,246 - DEBUG - GET setting 'data_folder_path':  (default: )
2026-08-06 20:12:06,251 - DEBUG - Importing PngImagePlugin
2026-08-06 20:12:06,257 - DEBUG - STREAM b'IHDR' 16 13
2026-08-06 20:12:06,257 - DEBUG - STREAM b'pHYs' 41 9
2026-08-06 20:12:06,257 - DEBUG - STREAM b'tEXt' 62 25
2026-08-06 20:12:06,257 - DEBUG - STREAM b'IDAT' 99 8192
2026-08-06 20:12:06,265 - DEBUG - STREAM b'IHDR' 16 13
2026-08-06 20:12:06,265 - DEBUG - STREAM b'pHYs' 41 9
2026-08-06 20:12:06,265 - DEBUG - STREAM b'tEXt' 62 25
2026-08-06 20:12:06,265 - DEBUG - STREAM b'IDAT' 99 8192
2026-08-06 20:12:06,269 - DEBUG - STREAM b'IHDR' 16 13
2026-08-06 20:12:06,269 - DEBUG - STREAM b'pHYs' 41 9
2026-08-06 20:12:06,269 - DEBUG - STREAM b'tEXt' 62 25
2026-08-06 20:12:06,269 - DEBUG - STREAM b'IDAT' 99 8192
2026-08-06 20:12:06,273 - DEBUG - STREAM b'IHDR' 16 13
2026-08-06 20:12:06,273 - DEBUG - STREAM b'pHYs' 41 9
2026-08-06 20:12:06,273 - DEBUG - STREAM b'tEXt' 62 25
2026-08-06 20:12:06,273 - DEBUG - STREAM b'IDAT' 99 8192
2026-08-06 20:12:06,329 - DEBUG - STREAM b'IHDR' 16 13
2026-08-06 20:12:06,330 - DEBUG - STREAM b'pHYs' 41 9
2026-08-06 20:12:06,330 - DEBUG - STREAM b'tEXt' 62 25
2026-08-06 20:12:06,330 - DEBUG - STREAM b'IDAT' 99 8192
2026-08-06 20:12:06,383 - DEBUG - STREAM b'IHDR' 16 13
2026-08-06 20:12:06,383 - DEBUG - STREAM b'sBIT' 41 4
2026-08-06 20:12:06,383 - DEBUG - b'sBIT' 41 4 (unknown)
2026-08-06 20:12:06,383 - DEBUG - STREAM b'pHYs' 57 9
2026-08-06 20:12:06,383 - DEBUG - STREAM b'tEXt' 78 25
2026-08-06 20:12:06,383 - DEBUG - STREAM b'IDAT' 115 8192
2026-08-06 20:12:06,388 - DEBUG - STREAM b'IHDR' 16 13
2026-08-06 20:12:06,388 - DEBUG - STREAM b'sBIT' 41 4
2026-08-06 20:12:06,388 - DEBUG - b'sBIT' 41 4 (unknown)
2026-08-06 20:12:06,388 - DEBUG - STREAM b'pHYs' 57 9
2026-08-06 20:12:06,388 - DEBUG - STREAM b'tEXt' 78 25
2026-08-06 20:12:06,388 - DEBUG - STREAM b'IDAT' 115 7260
2026-08-06 20:12:06,447 - DEBUG - STREAM b'IHDR' 16 13
2026-08-06 20:12:06,448 - DEBUG - STREAM b'pHYs' 41 9
2026-08-06 20:12:06,448 - DEBUG - STREAM b'tEXt' 62 25
2026-08-06 20:12:06,448 - DEBUG - STREAM b'IDAT' 99 8192
2026-08-06 20:12:06,488 - DEBUG - STREAM b'IHDR' 16 13
2026-08-06 20:12:06,488 - DEBUG - STREAM b'sBIT' 41 4
2026-08-06 20:12:06,488 - DEBUG - b'sBIT' 41 4 (unknown)
2026-08-06 20:12:06,488 - DEBUG - STREAM b'pHYs' 57 9
2026-08-06 20:12:06,488 - DEBUG - STREAM b'tEXt' 78 25
2026-08-06 20:12:06,488 - DEBUG - STREAM b'IDAT' 115 8192
2026-08-06 20:12:06,493 - DEBUG - STREAM b'IHDR' 16 13
2026-08-06 20:12:06,494 - DEBUG - STREAM b'sRGB' 41 1
2026-08-06 20:12:06,494 - DEBUG - STREAM b'IDAT' 54 719
2026-08-06 20:12:06,529 - DEBUG - Importing AvifImagePlugin
2026-08-06 20:12:06,532 - DEBUG - Importing BlpImagePlugin
2026-08-06 20:12:06,534 - DEBUG - Importing BmpImagePlugin
2026-08-06 20:12:06,534 - DEBUG - Importing BufrStubImagePlugin
2026-08-06 20:12:06,534 - DEBUG - Importing CurImagePlugin
2026-08-06 20:12:06,535 - DEBUG - Importing DcxImagePlugin
2026-08-06 20:12:06,536 - DEBUG - Importing DdsImagePlugin
2026-08-06 20:12:06,539 - DEBUG - Importing EpsImagePlugin
2026-08-06 20:12:06,540 - DEBUG - Importing FitsImagePlugin
2026-08-06 20:12:06,541 - DEBUG - Importing FliImagePlugin
2026-08-06 20:12:06,541 - DEBUG - Importing FpxImagePlugin
2026-08-06 20:12:06,542 - DEBUG - Image: failed to import FpxImagePlugin: No module named 'olefile'
2026-08-06 20:12:06,542 - DEBUG - Importing FtexImagePlugin
2026-08-06 20:12:06,542 - DEBUG - Importing GbrImagePlugin
2026-08-06 20:12:06,543 - DEBUG - Importing GifImagePlugin
2026-08-06 20:12:06,543 - DEBUG - Importing GribStubImagePlugin
2026-08-06 20:12:06,543 - DEBUG - Importing Hdf5StubImagePlugin
2026-08-06 20:12:06,543 - DEBUG - Importing IcnsImagePlugin
2026-08-06 20:12:06,544 - DEBUG - Importing IcoImagePlugin
2026-08-06 20:12:06,545 - DEBUG - Importing ImImagePlugin
2026-08-06 20:12:06,545 - DEBUG - Importing ImtImagePlugin
2026-08-06 20:12:06,546 - DEBUG - Importing IptcImagePlugin
2026-08-06 20:12:06,546 - DEBUG - Importing JpegImagePlugin
2026-08-06 20:12:06,546 - DEBUG - Importing Jpeg2KImagePlugin
2026-08-06 20:12:06,546 - DEBUG - Importing McIdasImagePlugin
2026-08-06 20:12:06,546 - DEBUG - Importing MicImagePlugin
2026-08-06 20:12:06,547 - DEBUG - Image: failed to import MicImagePlugin: No module named 'olefile'
2026-08-06 20:12:06,547 - DEBUG - Importing MpegImagePlugin
2026-08-06 20:12:06,547 - DEBUG - Importing MpoImagePlugin
2026-08-06 20:12:06,548 - DEBUG - Importing MspImagePlugin
2026-08-06 20:12:06,549 - DEBUG - Importing PalmImagePlugin
2026-08-06 20:12:06,549 - DEBUG - Importing PcdImagePlugin
2026-08-06 20:12:06,550 - DEBUG - Importing PcxImagePlugin
2026-08-06 20:12:06,550 - DEBUG - Importing PdfImagePlugin
2026-08-06 20:12:06,555 - DEBUG - Importing PixarImagePlugin
2026-08-06 20:12:06,555 - DEBUG - Importing PngImagePlugin
2026-08-06 20:12:06,556 - DEBUG - Importing PpmImagePlugin
2026-08-06 20:12:06,556 - DEBUG - Importing PsdImagePlugin
2026-08-06 20:12:06,556 - DEBUG - Importing QoiImagePlugin
2026-08-06 20:12:06,557 - DEBUG - Importing SgiImagePlugin
2026-08-06 20:12:06,557 - DEBUG - Importing SpiderImagePlugin
2026-08-06 20:12:06,558 - DEBUG - Importing SunImagePlugin
2026-08-06 20:12:06,558 - DEBUG - Importing TgaImagePlugin
2026-08-06 20:12:06,558 - DEBUG - Importing TiffImagePlugin
2026-08-06 20:12:06,559 - DEBUG - Importing WebPImagePlugin
2026-08-06 20:12:06,560 - DEBUG - Importing WmfImagePlugin
2026-08-06 20:12:06,561 - DEBUG - Importing XbmImagePlugin
2026-08-06 20:12:06,561 - DEBUG - Importing XpmImagePlugin
2026-08-06 20:12:06,561 - DEBUG - Importing XVThumbImagePlugin
2026-08-06 20:12:14,791 - DEBUG - GET_ALL: Returning 38 settings
2026-08-06 20:12:14,809 - DEBUG - STREAM b'IHDR' 16 13
2026-08-06 20:12:14,809 - DEBUG - STREAM b'sBIT' 41 4
2026-08-06 20:12:14,810 - DEBUG - b'sBIT' 41 4 (unknown)
2026-08-06 20:12:14,810 - DEBUG - STREAM b'pHYs' 57 9
2026-08-06 20:12:14,810 - DEBUG - STREAM b'tEXt' 78 25
2026-08-06 20:12:14,810 - DEBUG - STREAM b'IDAT' 115 7521
2026-08-06 20:12:14,824 - DEBUG - STREAM b'IHDR' 16 13
2026-08-06 20:12:14,825 - DEBUG - STREAM b'pHYs' 41 9
2026-08-06 20:12:14,825 - DEBUG - STREAM b'tEXt' 62 25
2026-08-06 20:12:14,825 - DEBUG - STREAM b'IDAT' 99 8192
2026-08-06 20:12:14,833 - DEBUG - STREAM b'IHDR' 16 13
2026-08-06 20:12:14,833 - DEBUG - STREAM b'pHYs' 41 9
2026-08-06 20:12:14,833 - DEBUG - STREAM b'tEXt' 62 25
2026-08-06 20:12:14,833 - DEBUG - STREAM b'IDAT' 99 8192
2026-08-06 20:12:14,862 - DEBUG - STREAM b'IHDR' 16 13
2026-08-06 20:12:14,862 - DEBUG - STREAM b'sBIT' 41 4
2026-08-06 20:12:14,862 - DEBUG - b'sBIT' 41 4 (unknown)
2026-08-06 20:12:14,863 - DEBUG - STREAM b'pHYs' 57 9
2026-08-06 20:12:14,863 - DEBUG - STREAM b'tEXt' 78 25
2026-08-06 20:12:14,863 - DEBUG - STREAM b'IDAT' 115 7521
2026-08-06 20:12:14,897 - DEBUG - STREAM b'IHDR' 16 13
2026-08-06 20:12:14,897 - DEBUG - STREAM b'pHYs' 41 9
2026-08-06 20:12:14,897 - DEBUG - STREAM b'tEXt' 62 25
2026-08-06 20:12:14,897 - DEBUG - STREAM b'IDAT' 99 8192
2026-08-06 20:12:14,901 - DEBUG - STREAM b'IHDR' 16 13
2026-08-06 20:12:14,901 - DEBUG - STREAM b'pHYs' 41 9
2026-08-06 20:12:14,901 - DEBUG - STREAM b'tEXt' 62 25
2026-08-06 20:12:14,901 - DEBUG - STREAM b'IDAT' 99 8192
2026-08-06 20:12:14,904 - DEBUG - STREAM b'IHDR' 16 13
2026-08-06 20:12:14,904 - DEBUG - STREAM b'pHYs' 41 9
2026-08-06 20:12:14,904 - DEBUG - STREAM b'tEXt' 62 25
2026-08-06 20:12:14,904 - DEBUG - STREAM b'IDAT' 99 8192
2026-08-06 20:12:14,909 - DEBUG - Building row for: base
2026-08-06 20:12:14,910 - DEBUG - Successfully built row for: base
2026-08-06 20:12:14,910 - DEBUG - Building row for: mantle
2026-08-06 20:12:14,910 - DEBUG - Successfully built row for: mantle
2026-08-06 20:12:14,910 - DEBUG - Building row for: surface
2026-08-06 20:12:14,911 - DEBUG - Successfully built row for: surface
2026-08-06 20:12:14,911 - DEBUG - Building row for: surface0
2026-08-06 20:12:14,911 - DEBUG - Successfully built row for: surface0
2026-08-06 20:12:14,911 - DEBUG - Building row for: surface1
2026-08-06 20:12:14,911 - DEBUG - Successfully built row for: surface1
2026-08-06 20:12:14,911 - DEBUG - Building row for: surface2
2026-08-06 20:12:14,912 - DEBUG - Successfully built row for: surface2
2026-08-06 20:12:14,912 - DEBUG - Building row for: text
2026-08-06 20:12:14,912 - DEBUG - Successfully built row for: text
2026-08-06 20:12:14,912 - DEBUG - Building row for: subtext0
2026-08-06 20:12:14,912 - DEBUG - Successfully built row for: subtext0
2026-08-06 20:12:14,912 - DEBUG - Building row for: subtext1
2026-08-06 20:12:14,913 - DEBUG - Successfully built row for: subtext1
2026-08-06 20:12:14,913 - DEBUG - Building row for: overlay0
2026-08-06 20:12:14,913 - DEBUG - Successfully built row for: overlay0
2026-08-06 20:12:14,927 - INFO - set_theme called with theme: mocha, custom_colors: False
2026-08-06 20:12:14,927 - INFO - Setting built-in theme: mocha
2026-08-06 20:12:14,927 - INFO - Loaded 26 colors from mocha.json
2026-08-06 20:12:14,927 - INFO - Theme set to: mocha with 26 colors
2026-08-06 20:12:14,927 - INFO - Calling theme change callback
2026-08-06 20:12:14,938 - DEBUG - STREAM b'IHDR' 16 13
2026-08-06 20:12:14,938 - DEBUG - STREAM b'sRGB' 41 1
2026-08-06 20:12:14,938 - DEBUG - STREAM b'IDAT' 54 292
2026-08-06 20:12:14,939 - DEBUG - STREAM b'IHDR' 16 13
2026-08-06 20:12:14,939 - DEBUG - STREAM b'sRGB' 41 1
2026-08-06 20:12:14,939 - DEBUG - STREAM b'IDAT' 54 183
2026-08-06 20:12:14,940 - DEBUG - STREAM b'IHDR' 16 13
2026-08-06 20:12:14,940 - DEBUG - STREAM b'sRGB' 41 1
2026-08-06 20:12:14,940 - DEBUG - STREAM b'IDAT' 54 234
2026-08-06 20:12:14,941 - DEBUG - STREAM b'IHDR' 16 13
2026-08-06 20:12:14,941 - DEBUG - STREAM b'sRGB' 41 1
2026-08-06 20:12:14,941 - DEBUG - STREAM b'IDAT' 54 286
2026-08-06 20:12:14,942 - DEBUG - STREAM b'IHDR' 16 13
2026-08-06 20:12:14,942 - DEBUG - STREAM b'sRGB' 41 1
2026-08-06 20:12:14,942 - DEBUG - STREAM b'IDAT' 54 298
2026-08-06 20:12:14,942 - DEBUG - STREAM b'IHDR' 16 13
2026-08-06 20:12:14,942 - DEBUG - STREAM b'sRGB' 41 1
2026-08-06 20:12:14,942 - DEBUG - STREAM b'IDAT' 54 338
2026-08-06 20:12:14,943 - DEBUG - STREAM b'IHDR' 16 13
2026-08-06 20:12:14,943 - DEBUG - STREAM b'pHYs' 41 9
2026-08-06 20:12:14,943 - DEBUG - STREAM b'tEXt' 62 25
2026-08-06 20:12:14,943 - DEBUG - STREAM b'IDAT' 99 8192
2026-08-06 20:12:14,947 - DEBUG - STREAM b'IHDR' 16 13
2026-08-06 20:12:14,947 - DEBUG - STREAM b'pHYs' 41 9
2026-08-06 20:12:14,947 - DEBUG - STREAM b'tEXt' 62 25
2026-08-06 20:12:14,947 - DEBUG - STREAM b'IDAT' 99 8192
2026-08-06 20:12:14,951 - DEBUG - STREAM b'IHDR' 16 13
2026-08-06 20:12:14,951 - DEBUG - STREAM b'pHYs' 41 9
2026-08-06 20:12:14,952 - DEBUG - STREAM b'tEXt' 62 25
2026-08-06 20:12:14,952 - DEBUG - STREAM b'IDAT' 99 8192
2026-08-06 20:12:14,955 - DEBUG - STREAM b'IHDR' 16 13
2026-08-06 20:12:14,955 - DEBUG - STREAM b'pHYs' 41 9
2026-08-06 20:12:14,955 - DEBUG - STREAM b'tEXt' 62 25
2026-08-06 20:12:14,955 - DEBUG - STREAM b'IDAT' 99 8192
2026-08-06 20:12:14,960 - DEBUG - STREAM b'IHDR' 16 13
2026-08-06 20:12:14,960 - DEBUG - STREAM b'sBIT' 41 4
2026-08-06 20:12:14,960 - DEBUG - b'sBIT' 41 4 (unknown)
2026-08-06 20:12:14,960 - DEBUG - STREAM b'pHYs' 57 9
2026-08-06 20:12:14,960 - DEBUG - STREAM b'tEXt' 78 25
2026-08-06 20:12:14,960 - DEBUG - STREAM b'IDAT' 115 8192
2026-08-06 20:12:16,374 - INFO - Save button clicked - starting save process
2026-08-06 20:12:16,431 - DEBUG - Created new_settings dict with 15 keys
2026-08-06 20:12:16,431 - DEBUG - Theme changed: False, Is custom theme: False
2026-08-06 20:12:16,431 - INFO - Calling on_save callback
2026-08-06 20:12:16,431 - DEBUG - SET setting 'theme': mocha (previous: mocha)
2026-08-06 20:12:16,431 - DEBUG - Attempting to save 38 settings to: C:\Users\user\OneDrive\Desktop\DiscordQuestManager\version 1.1.0\dist\DiscordQuestManager-data\settings.json
2026-08-06 20:12:16,432 - INFO - Successfully saved settings to file
2026-08-06 20:12:16,432 - DEBUG - Saved settings keys: ['theme', 'custom_duration', 'remember_duration', 'minimize_to_tray', 'auto_clean_on_exit', 'discord_auto_open', 'multi_quest_limit', 'dummy_cat_selection', 'dummy_alarm_enabled', 'dummy_alarm_type', 'dummy_alarm_sound_path', 'dummy_alarm_volume', 'custom_base', 'custom_mantle', 'custom_surface', 'custom_surface0', 'custom_surface1', 'custom_surface2', 'custom_text', 'custom_subtext0', 'custom_subtext1', 'custom_overlay0', 'custom_overlay1', 'custom_overlay2', 'custom_blue', 'custom_lavender', 'custom_sapphire', 'custom_sky', 'custom_teal', 'custom_green', 'custom_yellow', 'custom_peach', 'custom_maroon', 'custom_red', 'custom_mauve', 'custom_pink', 'custom_flamingo', 'custom_rosewater']
2026-08-06 20:12:16,432 - INFO - Setting 'theme' updated and saved
2026-08-06 20:12:16,432 - DEBUG - SET setting 'custom_duration': 15 (previous: 15)
2026-08-06 20:12:16,432 - DEBUG - Attempting to save 38 settings to: C:\Users\user\OneDrive\Desktop\DiscordQuestManager\version 1.1.0\dist\DiscordQuestManager-data\settings.json
2026-08-06 20:12:16,432 - INFO - Successfully saved settings to file
2026-08-06 20:12:16,432 - DEBUG - Saved settings keys: ['theme', 'custom_duration', 'remember_duration', 'minimize_to_tray', 'auto_clean_on_exit', 'discord_auto_open', 'multi_quest_limit', 'dummy_cat_selection', 'dummy_alarm_enabled', 'dummy_alarm_type', 'dummy_alarm_sound_path', 'dummy_alarm_volume', 'custom_base', 'custom_mantle', 'custom_surface', 'custom_surface0', 'custom_surface1', 'custom_surface2', 'custom_text', 'custom_subtext0', 'custom_subtext1', 'custom_overlay0', 'custom_overlay1', 'custom_overlay2', 'custom_blue', 'custom_lavender', 'custom_sapphire', 'custom_sky', 'custom_teal', 'custom_green', 'custom_yellow', 'custom_peach', 'custom_maroon', 'custom_red', 'custom_mauve', 'custom_pink', 'custom_flamingo', 'custom_rosewater']
2026-08-06 20:12:16,432 - INFO - Setting 'custom_duration' updated and saved
2026-08-06 20:12:16,432 - DEBUG - SET setting 'remember_duration': True (previous: True)
2026-08-06 20:12:16,432 - DEBUG - Attempting to save 38 settings to: C:\Users\user\OneDrive\Desktop\DiscordQuestManager\version 1.1.0\dist\DiscordQuestManager-data\settings.json
2026-08-06 20:12:16,440 - INFO - Successfully saved settings to file
2026-08-06 20:12:16,441 - DEBUG - Saved settings keys: ['theme', 'custom_duration', 'remember_duration', 'minimize_to_tray', 'auto_clean_on_exit', 'discord_auto_open', 'multi_quest_limit', 'dummy_cat_selection', 'dummy_alarm_enabled', 'dummy_alarm_type', 'dummy_alarm_sound_path', 'dummy_alarm_volume', 'custom_base', 'custom_mantle', 'custom_surface', 'custom_surface0', 'custom_surface1', 'custom_surface2', 'custom_text', 'custom_subtext0', 'custom_subtext1', 'custom_overlay0', 'custom_overlay1', 'custom_overlay2', 'custom_blue', 'custom_lavender', 'custom_sapphire', 'custom_sky', 'custom_teal', 'custom_green', 'custom_yellow', 'custom_peach', 'custom_maroon', 'custom_red', 'custom_mauve', 'custom_pink', 'custom_flamingo', 'custom_rosewater']
2026-08-06 20:12:16,441 - INFO - Setting 'remember_duration' updated and saved
2026-08-06 20:12:16,441 - DEBUG - SET setting 'minimize_to_tray': False (previous: False)
2026-08-06 20:12:16,441 - DEBUG - Attempting to save 38 settings to: C:\Users\user\OneDrive\Desktop\DiscordQuestManager\version 1.1.0\dist\DiscordQuestManager-data\settings.json
2026-08-06 20:12:16,441 - INFO - Successfully saved settings to file
2026-08-06 20:12:16,441 - DEBUG - Saved settings keys: ['theme', 'custom_duration', 'remember_duration', 'minimize_to_tray', 'auto_clean_on_exit', 'discord_auto_open', 'multi_quest_limit', 'dummy_cat_selection', 'dummy_alarm_enabled', 'dummy_alarm_type', 'dummy_alarm_sound_path', 'dummy_alarm_volume', 'custom_base', 'custom_mantle', 'custom_surface', 'custom_surface0', 'custom_surface1', 'custom_surface2', 'custom_text', 'custom_subtext0', 'custom_subtext1', 'custom_overlay0', 'custom_overlay1', 'custom_overlay2', 'custom_blue', 'custom_lavender', 'custom_sapphire', 'custom_sky', 'custom_teal', 'custom_green', 'custom_yellow', 'custom_peach', 'custom_maroon', 'custom_red', 'custom_mauve', 'custom_pink', 'custom_flamingo', 'custom_rosewater']
2026-08-06 20:12:16,441 - INFO - Setting 'minimize_to_tray' updated and saved
2026-08-06 20:12:16,441 - DEBUG - SET setting 'auto_clean_on_exit': True (previous: True)
2026-08-06 20:12:16,441 - DEBUG - Attempting to save 38 settings to: C:\Users\user\OneDrive\Desktop\DiscordQuestManager\version 1.1.0\dist\DiscordQuestManager-data\settings.json
2026-08-06 20:12:16,442 - INFO - Successfully saved settings to file
2026-08-06 20:12:16,442 - DEBUG - Saved settings keys: ['theme', 'custom_duration', 'remember_duration', 'minimize_to_tray', 'auto_clean_on_exit', 'discord_auto_open', 'multi_quest_limit', 'dummy_cat_selection', 'dummy_alarm_enabled', 'dummy_alarm_type', 'dummy_alarm_sound_path', 'dummy_alarm_volume', 'custom_base', 'custom_mantle', 'custom_surface', 'custom_surface0', 'custom_surface1', 'custom_surface2', 'custom_text', 'custom_subtext0', 'custom_subtext1', 'custom_overlay0', 'custom_overlay1', 'custom_overlay2', 'custom_blue', 'custom_lavender', 'custom_sapphire', 'custom_sky', 'custom_teal', 'custom_green', 'custom_yellow', 'custom_peach', 'custom_maroon', 'custom_red', 'custom_mauve', 'custom_pink', 'custom_flamingo', 'custom_rosewater']
2026-08-06 20:12:16,442 - INFO - Setting 'auto_clean_on_exit' updated and saved
2026-08-06 20:12:16,442 - DEBUG - SET setting 'discord_auto_open': True (previous: True)
2026-08-06 20:12:16,442 - DEBUG - Attempting to save 38 settings to: C:\Users\user\OneDrive\Desktop\DiscordQuestManager\version 1.1.0\dist\DiscordQuestManager-data\settings.json
2026-08-06 20:12:16,442 - INFO - Successfully saved settings to file
2026-08-06 20:12:16,442 - DEBUG - Saved settings keys: ['theme', 'custom_duration', 'remember_duration', 'minimize_to_tray', 'auto_clean_on_exit', 'discord_auto_open', 'multi_quest_limit', 'dummy_cat_selection', 'dummy_alarm_enabled', 'dummy_alarm_type', 'dummy_alarm_sound_path', 'dummy_alarm_volume', 'custom_base', 'custom_mantle', 'custom_surface', 'custom_surface0', 'custom_surface1', 'custom_surface2', 'custom_text', 'custom_subtext0', 'custom_subtext1', 'custom_overlay0', 'custom_overlay1', 'custom_overlay2', 'custom_blue', 'custom_lavender', 'custom_sapphire', 'custom_sky', 'custom_teal', 'custom_green', 'custom_yellow', 'custom_peach', 'custom_maroon', 'custom_red', 'custom_mauve', 'custom_pink', 'custom_flamingo', 'custom_rosewater']
2026-08-06 20:12:16,442 - INFO - Setting 'discord_auto_open' updated and saved
2026-08-06 20:12:16,442 - DEBUG - SET setting 'multi_quest_limit': 0 (previous: 0)
2026-08-06 20:12:16,442 - DEBUG - Attempting to save 38 settings to: C:\Users\user\OneDrive\Desktop\DiscordQuestManager\version 1.1.0\dist\DiscordQuestManager-data\settings.json
2026-08-06 20:12:16,443 - INFO - Successfully saved settings to file
2026-08-06 20:12:16,443 - DEBUG - Saved settings keys: ['theme', 'custom_duration', 'remember_duration', 'minimize_to_tray', 'auto_clean_on_exit', 'discord_auto_open', 'multi_quest_limit', 'dummy_cat_selection', 'dummy_alarm_enabled', 'dummy_alarm_type', 'dummy_alarm_sound_path', 'dummy_alarm_volume', 'custom_base', 'custom_mantle', 'custom_surface', 'custom_surface0', 'custom_surface1', 'custom_surface2', 'custom_text', 'custom_subtext0', 'custom_subtext1', 'custom_overlay0', 'custom_overlay1', 'custom_overlay2', 'custom_blue', 'custom_lavender', 'custom_sapphire', 'custom_sky', 'custom_teal', 'custom_green', 'custom_yellow', 'custom_peach', 'custom_maroon', 'custom_red', 'custom_mauve', 'custom_pink', 'custom_flamingo', 'custom_rosewater']
2026-08-06 20:12:16,444 - INFO - Setting 'multi_quest_limit' updated and saved
2026-08-06 20:12:16,444 - DEBUG - SET setting 'auto_check_updates': False (previous: NOT SET)
2026-08-06 20:12:16,444 - DEBUG - Attempting to save 39 settings to: C:\Users\user\OneDrive\Desktop\DiscordQuestManager\version 1.1.0\dist\DiscordQuestManager-data\settings.json
2026-08-06 20:12:16,445 - INFO - Successfully saved settings to file
2026-08-06 20:12:16,445 - DEBUG - Saved settings keys: ['theme', 'custom_duration', 'remember_duration', 'minimize_to_tray', 'auto_clean_on_exit', 'discord_auto_open', 'multi_quest_limit', 'dummy_cat_selection', 'dummy_alarm_enabled', 'dummy_alarm_type', 'dummy_alarm_sound_path', 'dummy_alarm_volume', 'custom_base', 'custom_mantle', 'custom_surface', 'custom_surface0', 'custom_surface1', 'custom_surface2', 'custom_text', 'custom_subtext0', 'custom_subtext1', 'custom_overlay0', 'custom_overlay1', 'custom_overlay2', 'custom_blue', 'custom_lavender', 'custom_sapphire', 'custom_sky', 'custom_teal', 'custom_green', 'custom_yellow', 'custom_peach', 'custom_maroon', 'custom_red', 'custom_mauve', 'custom_pink', 'custom_flamingo', 'custom_rosewater', 'auto_check_updates']
2026-08-06 20:12:16,446 - INFO - Setting 'auto_check_updates' updated and saved
2026-08-06 20:12:16,446 - DEBUG - SET setting 'dummy_cat_selection': Cat-1 (previous: Cat-1)
2026-08-06 20:12:16,446 - DEBUG - Attempting to save 39 settings to: C:\Users\user\OneDrive\Desktop\DiscordQuestManager\version 1.1.0\dist\DiscordQuestManager-data\settings.json
2026-08-06 20:12:16,456 - INFO - Successfully saved settings to file
2026-08-06 20:12:16,456 - DEBUG - Saved settings keys: ['theme', 'custom_duration', 'remember_duration', 'minimize_to_tray', 'auto_clean_on_exit', 'discord_auto_open', 'multi_quest_limit', 'dummy_cat_selection', 'dummy_alarm_enabled', 'dummy_alarm_type', 'dummy_alarm_sound_path', 'dummy_alarm_volume', 'custom_base', 'custom_mantle', 'custom_surface', 'custom_surface0', 'custom_surface1', 'custom_surface2', 'custom_text', 'custom_subtext0', 'custom_subtext1', 'custom_overlay0', 'custom_overlay1', 'custom_overlay2', 'custom_blue', 'custom_lavender', 'custom_sapphire', 'custom_sky', 'custom_teal', 'custom_green', 'custom_yellow', 'custom_peach', 'custom_maroon', 'custom_red', 'custom_mauve', 'custom_pink', 'custom_flamingo', 'custom_rosewater', 'auto_check_updates']
2026-08-06 20:12:16,456 - INFO - Setting 'dummy_cat_selection' updated and saved
2026-08-06 20:12:16,456 - DEBUG - SET setting 'dummy_alarm_enabled': True (previous: True)
2026-08-06 20:12:16,456 - DEBUG - Attempting to save 39 settings to: C:\Users\user\OneDrive\Desktop\DiscordQuestManager\version 1.1.0\dist\DiscordQuestManager-data\settings.json
2026-08-06 20:12:16,457 - INFO - Successfully saved settings to file
2026-08-06 20:12:16,457 - DEBUG - Saved settings keys: ['theme', 'custom_duration', 'remember_duration', 'minimize_to_tray', 'auto_clean_on_exit', 'discord_auto_open', 'multi_quest_limit', 'dummy_cat_selection', 'dummy_alarm_enabled', 'dummy_alarm_type', 'dummy_alarm_sound_path', 'dummy_alarm_volume', 'custom_base', 'custom_mantle', 'custom_surface', 'custom_surface0', 'custom_surface1', 'custom_surface2', 'custom_text', 'custom_subtext0', 'custom_subtext1', 'custom_overlay0', 'custom_overlay1', 'custom_overlay2', 'custom_blue', 'custom_lavender', 'custom_sapphire', 'custom_sky', 'custom_teal', 'custom_green', 'custom_yellow', 'custom_peach', 'custom_maroon', 'custom_red', 'custom_mauve', 'custom_pink', 'custom_flamingo', 'custom_rosewater', 'auto_check_updates']
2026-08-06 20:12:16,457 - INFO - Setting 'dummy_alarm_enabled' updated and saved
2026-08-06 20:12:16,457 - DEBUG - SET setting 'dummy_alarm_type': default (previous: default)
2026-08-06 20:12:16,457 - DEBUG - Attempting to save 39 settings to: C:\Users\user\OneDrive\Desktop\DiscordQuestManager\version 1.1.0\dist\DiscordQuestManager-data\settings.json
2026-08-06 20:12:16,458 - INFO - Successfully saved settings to file
2026-08-06 20:12:16,458 - DEBUG - Saved settings keys: ['theme', 'custom_duration', 'remember_duration', 'minimize_to_tray', 'auto_clean_on_exit', 'discord_auto_open', 'multi_quest_limit', 'dummy_cat_selection', 'dummy_alarm_enabled', 'dummy_alarm_type', 'dummy_alarm_sound_path', 'dummy_alarm_volume', 'custom_base', 'custom_mantle', 'custom_surface', 'custom_surface0', 'custom_surface1', 'custom_surface2', 'custom_text', 'custom_subtext0', 'custom_subtext1', 'custom_overlay0', 'custom_overlay1', 'custom_overlay2', 'custom_blue', 'custom_lavender', 'custom_sapphire', 'custom_sky', 'custom_teal', 'custom_green', 'custom_yellow', 'custom_peach', 'custom_maroon', 'custom_red', 'custom_mauve', 'custom_pink', 'custom_flamingo', 'custom_rosewater', 'auto_check_updates']
2026-08-06 20:12:16,458 - INFO - Setting 'dummy_alarm_type' updated and saved
2026-08-06 20:12:16,458 - DEBUG - SET setting 'dummy_alarm_sound_path':  (previous: )
2026-08-06 20:12:16,458 - DEBUG - Attempting to save 39 settings to: C:\Users\user\OneDrive\Desktop\DiscordQuestManager\version 1.1.0\dist\DiscordQuestManager-data\settings.json
2026-08-06 20:12:16,459 - INFO - Successfully saved settings to file
2026-08-06 20:12:16,459 - DEBUG - Saved settings keys: ['theme', 'custom_duration', 'remember_duration', 'minimize_to_tray', 'auto_clean_on_exit', 'discord_auto_open', 'multi_quest_limit', 'dummy_cat_selection', 'dummy_alarm_enabled', 'dummy_alarm_type', 'dummy_alarm_sound_path', 'dummy_alarm_volume', 'custom_base', 'custom_mantle', 'custom_surface', 'custom_surface0', 'custom_surface1', 'custom_surface2', 'custom_text', 'custom_subtext0', 'custom_subtext1', 'custom_overlay0', 'custom_overlay1', 'custom_overlay2', 'custom_blue', 'custom_lavender', 'custom_sapphire', 'custom_sky', 'custom_teal', 'custom_green', 'custom_yellow', 'custom_peach', 'custom_maroon', 'custom_red', 'custom_mauve', 'custom_pink', 'custom_flamingo', 'custom_rosewater', 'auto_check_updates']
2026-08-06 20:12:16,459 - INFO - Setting 'dummy_alarm_sound_path' updated and saved
2026-08-06 20:12:16,459 - DEBUG - SET setting 'dummy_alarm_volume': 100 (previous: 100)
2026-08-06 20:12:16,459 - DEBUG - Attempting to save 39 settings to: C:\Users\user\OneDrive\Desktop\DiscordQuestManager\version 1.1.0\dist\DiscordQuestManager-data\settings.json
2026-08-06 20:12:16,460 - INFO - Successfully saved settings to file
2026-08-06 20:12:16,460 - DEBUG - Saved settings keys: ['theme', 'custom_duration', 'remember_duration', 'minimize_to_tray', 'auto_clean_on_exit', 'discord_auto_open', 'multi_quest_limit', 'dummy_cat_selection', 'dummy_alarm_enabled', 'dummy_alarm_type', 'dummy_alarm_sound_path', 'dummy_alarm_volume', 'custom_base', 'custom_mantle', 'custom_surface', 'custom_surface0', 'custom_surface1', 'custom_surface2', 'custom_text', 'custom_subtext0', 'custom_subtext1', 'custom_overlay0', 'custom_overlay1', 'custom_overlay2', 'custom_blue', 'custom_lavender', 'custom_sapphire', 'custom_sky', 'custom_teal', 'custom_green', 'custom_yellow', 'custom_peach', 'custom_maroon', 'custom_red', 'custom_mauve', 'custom_pink', 'custom_flamingo', 'custom_rosewater', 'auto_check_updates']
2026-08-06 20:12:16,460 - INFO - Setting 'dummy_alarm_volume' updated and saved
2026-08-06 20:12:16,460 - DEBUG - SET setting 'exe_creation_path':  (previous: NOT SET)
2026-08-06 20:12:16,460 - DEBUG - Attempting to save 40 settings to: C:\Users\user\OneDrive\Desktop\DiscordQuestManager\version 1.1.0\dist\DiscordQuestManager-data\settings.json
2026-08-06 20:12:16,461 - INFO - Successfully saved settings to file
2026-08-06 20:12:16,461 - DEBUG - Saved settings keys: ['theme', 'custom_duration', 'remember_duration', 'minimize_to_tray', 'auto_clean_on_exit', 'discord_auto_open', 'multi_quest_limit', 'dummy_cat_selection', 'dummy_alarm_enabled', 'dummy_alarm_type', 'dummy_alarm_sound_path', 'dummy_alarm_volume', 'custom_base', 'custom_mantle', 'custom_surface', 'custom_surface0', 'custom_surface1', 'custom_surface2', 'custom_text', 'custom_subtext0', 'custom_subtext1', 'custom_overlay0', 'custom_overlay1', 'custom_overlay2', 'custom_blue', 'custom_lavender', 'custom_sapphire', 'custom_sky', 'custom_teal', 'custom_green', 'custom_yellow', 'custom_peach', 'custom_maroon', 'custom_red', 'custom_mauve', 'custom_pink', 'custom_flamingo', 'custom_rosewater', 'auto_check_updates', 'exe_creation_path']
2026-08-06 20:12:16,461 - INFO - Setting 'exe_creation_path' updated and saved
2026-08-06 20:12:16,461 - DEBUG - SET setting 'data_folder_path':  (previous: NOT SET)
2026-08-06 20:12:16,461 - DEBUG - Attempting to save 41 settings to: C:\Users\user\OneDrive\Desktop\DiscordQuestManager\version 1.1.0\dist\DiscordQuestManager-data\settings.json
2026-08-06 20:12:16,462 - INFO - Successfully saved settings to file
2026-08-06 20:12:16,462 - DEBUG - Saved settings keys: ['theme', 'custom_duration', 'remember_duration', 'minimize_to_tray', 'auto_clean_on_exit', 'discord_auto_open', 'multi_quest_limit', 'dummy_cat_selection', 'dummy_alarm_enabled', 'dummy_alarm_type', 'dummy_alarm_sound_path', 'dummy_alarm_volume', 'custom_base', 'custom_mantle', 'custom_surface', 'custom_surface0', 'custom_surface1', 'custom_surface2', 'custom_text', 'custom_subtext0', 'custom_subtext1', 'custom_overlay0', 'custom_overlay1', 'custom_overlay2', 'custom_blue', 'custom_lavender', 'custom_sapphire', 'custom_sky', 'custom_teal', 'custom_green', 'custom_yellow', 'custom_peach', 'custom_maroon', 'custom_red', 'custom_mauve', 'custom_pink', 'custom_flamingo', 'custom_rosewater', 'auto_check_updates', 'exe_creation_path', 'data_folder_path']
2026-08-06 20:12:16,462 - INFO - Setting 'data_folder_path' updated and saved
2026-08-06 20:12:16,462 - DEBUG - GET setting 'custom_duration': 15 (default: 15)
2026-08-06 20:12:16,462 - DEBUG - GET setting 'multi_quest_limit': 0 (default: 0)
2026-08-06 20:12:16,462 - DEBUG - GET setting 'remember_duration': True (default: True)
2026-08-06 20:12:16,462 - DEBUG - GET setting 'minimize_to_tray': False (default: False)
2026-08-06 20:12:16,462 - DEBUG - GET setting 'auto_clean_on_exit': True (default: True)
2026-08-06 20:12:16,462 - DEBUG - GET setting 'discord_auto_open': True (default: True)
2026-08-06 20:12:16,463 - DEBUG - GET setting 'auto_check_updates': False (default: True)
2026-08-06 20:12:16,463 - DEBUG - GET setting 'dummy_cat_selection': Cat-1 (default: Cat-1)
2026-08-06 20:12:16,463 - DEBUG - GET setting 'exe_creation_path':  (default: )
2026-08-06 20:12:16,463 - DEBUG - GET setting 'data_folder_path':  (default: )
2026-08-06 20:12:16,463 - INFO - Settings saved successfully
2026-08-06 20:12:19,397 - INFO - set_theme called with theme: latte, custom_colors: False
2026-08-06 20:12:19,397 - INFO - Setting built-in theme: latte
2026-08-06 20:12:19,398 - INFO - Loaded 26 colors from latte.json
2026-08-06 20:12:19,399 - INFO - Theme set to: latte with 26 colors
2026-08-06 20:12:19,399 - INFO - Calling theme change callback
2026-08-06 20:12:44,318 - INFO - set_theme called with theme: custom, custom_colors: True
2026-08-06 20:12:44,318 - INFO - Setting custom theme with 26 colors
2026-08-06 20:12:44,320 - INFO - Saved custom theme to C:\Users\user\AppData\Local\Temp\_MEI159882\core\themes\custom.json
2026-08-06 20:12:44,320 - INFO - Theme set to: custom with 26 colors
2026-08-06 20:12:44,320 - INFO - Calling theme change callback
2026-08-06 20:12:52,350 - INFO - Cancel button clicked - discarding changes
2026-08-06 20:12:52,351 - INFO - Reloaded original settings
2026-08-06 20:12:54,318 - INFO - set_theme called with theme: mocha, custom_colors: False
2026-08-06 20:12:54,318 - INFO - Setting built-in theme: mocha
2026-08-06 20:12:54,319 - INFO - Loaded 26 colors from mocha.json
2026-08-06 20:12:54,320 - INFO - Theme set to: mocha with 26 colors
2026-08-06 20:12:54,320 - INFO - Calling theme change callback
2026-08-06 20:12:55,718 - INFO - Save button clicked - starting save process
2026-08-06 20:12:55,772 - DEBUG - Created new_settings dict with 15 keys
2026-08-06 20:12:55,772 - DEBUG - Theme changed: False, Is custom theme: False
2026-08-06 20:12:55,773 - INFO - Calling on_save callback
2026-08-06 20:12:55,773 - DEBUG - SET setting 'theme': mocha (previous: mocha)
2026-08-06 20:12:55,773 - DEBUG - Attempting to save 41 settings to: C:\Users\user\OneDrive\Desktop\DiscordQuestManager\version 1.1.0\dist\DiscordQuestManager-data\settings.json
2026-08-06 20:12:55,773 - INFO - Successfully saved settings to file
2026-08-06 20:12:55,773 - DEBUG - Saved settings keys: ['theme', 'custom_duration', 'remember_duration', 'minimize_to_tray', 'auto_clean_on_exit', 'discord_auto_open', 'multi_quest_limit', 'dummy_cat_selection', 'dummy_alarm_enabled', 'dummy_alarm_type', 'dummy_alarm_sound_path', 'dummy_alarm_volume', 'custom_base', 'custom_mantle', 'custom_surface', 'custom_surface0', 'custom_surface1', 'custom_surface2', 'custom_text', 'custom_subtext0', 'custom_subtext1', 'custom_overlay0', 'custom_overlay1', 'custom_overlay2', 'custom_blue', 'custom_lavender', 'custom_sapphire', 'custom_sky', 'custom_teal', 'custom_green', 'custom_yellow', 'custom_peach', 'custom_maroon', 'custom_red', 'custom_mauve', 'custom_pink', 'custom_flamingo', 'custom_rosewater', 'auto_check_updates', 'exe_creation_path', 'data_folder_path']
2026-08-06 20:12:55,773 - INFO - Setting 'theme' updated and saved
2026-08-06 20:12:55,773 - DEBUG - SET setting 'custom_duration': 15 (previous: 15)
2026-08-06 20:12:55,773 - DEBUG - Attempting to save 41 settings to: C:\Users\user\OneDrive\Desktop\DiscordQuestManager\version 1.1.0\dist\DiscordQuestManager-data\settings.json
2026-08-06 20:12:55,774 - INFO - Successfully saved settings to file
2026-08-06 20:12:55,774 - DEBUG - Saved settings keys: ['theme', 'custom_duration', 'remember_duration', 'minimize_to_tray', 'auto_clean_on_exit', 'discord_auto_open', 'multi_quest_limit', 'dummy_cat_selection', 'dummy_alarm_enabled', 'dummy_alarm_type', 'dummy_alarm_sound_path', 'dummy_alarm_volume', 'custom_base', 'custom_mantle', 'custom_surface', 'custom_surface0', 'custom_surface1', 'custom_surface2', 'custom_text', 'custom_subtext0', 'custom_subtext1', 'custom_overlay0', 'custom_overlay1', 'custom_overlay2', 'custom_blue', 'custom_lavender', 'custom_sapphire', 'custom_sky', 'custom_teal', 'custom_green', 'custom_yellow', 'custom_peach', 'custom_maroon', 'custom_red', 'custom_mauve', 'custom_pink', 'custom_flamingo', 'custom_rosewater', 'auto_check_updates', 'exe_creation_path', 'data_folder_path']
2026-08-06 20:12:55,774 - INFO - Setting 'custom_duration' updated and saved
2026-08-06 20:12:55,774 - DEBUG - SET setting 'remember_duration': True (previous: True)
2026-08-06 20:12:55,774 - DEBUG - Attempting to save 41 settings to: C:\Users\user\OneDrive\Desktop\DiscordQuestManager\version 1.1.0\dist\DiscordQuestManager-data\settings.json
2026-08-06 20:12:55,774 - INFO - Successfully saved settings to file
2026-08-06 20:12:55,774 - DEBUG - Saved settings keys: ['theme', 'custom_duration', 'remember_duration', 'minimize_to_tray', 'auto_clean_on_exit', 'discord_auto_open', 'multi_quest_limit', 'dummy_cat_selection', 'dummy_alarm_enabled', 'dummy_alarm_type', 'dummy_alarm_sound_path', 'dummy_alarm_volume', 'custom_base', 'custom_mantle', 'custom_surface', 'custom_surface0', 'custom_surface1', 'custom_surface2', 'custom_text', 'custom_subtext0', 'custom_subtext1', 'custom_overlay0', 'custom_overlay1', 'custom_overlay2', 'custom_blue', 'custom_lavender', 'custom_sapphire', 'custom_sky', 'custom_teal', 'custom_green', 'custom_yellow', 'custom_peach', 'custom_maroon', 'custom_red', 'custom_mauve', 'custom_pink', 'custom_flamingo', 'custom_rosewater', 'auto_check_updates', 'exe_creation_path', 'data_folder_path']
2026-08-06 20:12:55,774 - INFO - Setting 'remember_duration' updated and saved
2026-08-06 20:12:55,774 - DEBUG - SET setting 'minimize_to_tray': False (previous: False)
2026-08-06 20:12:55,775 - DEBUG - Attempting to save 41 settings to: C:\Users\user\OneDrive\Desktop\DiscordQuestManager\version 1.1.0\dist\DiscordQuestManager-data\settings.json
2026-08-06 20:12:55,775 - INFO - Successfully saved settings to file
2026-08-06 20:12:55,775 - DEBUG - Saved settings keys: ['theme', 'custom_duration', 'remember_duration', 'minimize_to_tray', 'auto_clean_on_exit', 'discord_auto_open', 'multi_quest_limit', 'dummy_cat_selection', 'dummy_alarm_enabled', 'dummy_alarm_type', 'dummy_alarm_sound_path', 'dummy_alarm_volume', 'custom_base', 'custom_mantle', 'custom_surface', 'custom_surface0', 'custom_surface1', 'custom_surface2', 'custom_text', 'custom_subtext0', 'custom_subtext1', 'custom_overlay0', 'custom_overlay1', 'custom_overlay2', 'custom_blue', 'custom_lavender', 'custom_sapphire', 'custom_sky', 'custom_teal', 'custom_green', 'custom_yellow', 'custom_peach', 'custom_maroon', 'custom_red', 'custom_mauve', 'custom_pink', 'custom_flamingo', 'custom_rosewater', 'auto_check_updates', 'exe_creation_path', 'data_folder_path']
2026-08-06 20:12:55,775 - INFO - Setting 'minimize_to_tray' updated and saved
2026-08-06 20:12:55,775 - DEBUG - SET setting 'auto_clean_on_exit': True (previous: True)
2026-08-06 20:12:55,775 - DEBUG - Attempting to save 41 settings to: C:\Users\user\OneDrive\Desktop\DiscordQuestManager\version 1.1.0\dist\DiscordQuestManager-data\settings.json
2026-08-06 20:12:55,775 - INFO - Successfully saved settings to file
2026-08-06 20:12:55,775 - DEBUG - Saved settings keys: ['theme', 'custom_duration', 'remember_duration', 'minimize_to_tray', 'auto_clean_on_exit', 'discord_auto_open', 'multi_quest_limit', 'dummy_cat_selection', 'dummy_alarm_enabled', 'dummy_alarm_type', 'dummy_alarm_sound_path', 'dummy_alarm_volume', 'custom_base', 'custom_mantle', 'custom_surface', 'custom_surface0', 'custom_surface1', 'custom_surface2', 'custom_text', 'custom_subtext0', 'custom_subtext1', 'custom_overlay0', 'custom_overlay1', 'custom_overlay2', 'custom_blue', 'custom_lavender', 'custom_sapphire', 'custom_sky', 'custom_teal', 'custom_green', 'custom_yellow', 'custom_peach', 'custom_maroon', 'custom_red', 'custom_mauve', 'custom_pink', 'custom_flamingo', 'custom_rosewater', 'auto_check_updates', 'exe_creation_path', 'data_folder_path']
2026-08-06 20:12:55,775 - INFO - Setting 'auto_clean_on_exit' updated and saved
2026-08-06 20:12:55,775 - DEBUG - SET setting 'discord_auto_open': True (previous: True)
2026-08-06 20:12:55,776 - DEBUG - Attempting to save 41 settings to: C:\Users\user\OneDrive\Desktop\DiscordQuestManager\version 1.1.0\dist\DiscordQuestManager-data\settings.json
2026-08-06 20:12:55,776 - INFO - Successfully saved settings to file
2026-08-06 20:12:55,776 - DEBUG - Saved settings keys: ['theme', 'custom_duration', 'remember_duration', 'minimize_to_tray', 'auto_clean_on_exit', 'discord_auto_open', 'multi_quest_limit', 'dummy_cat_selection', 'dummy_alarm_enabled', 'dummy_alarm_type', 'dummy_alarm_sound_path', 'dummy_alarm_volume', 'custom_base', 'custom_mantle', 'custom_surface', 'custom_surface0', 'custom_surface1', 'custom_surface2', 'custom_text', 'custom_subtext0', 'custom_subtext1', 'custom_overlay0', 'custom_overlay1', 'custom_overlay2', 'custom_blue', 'custom_lavender', 'custom_sapphire', 'custom_sky', 'custom_teal', 'custom_green', 'custom_yellow', 'custom_peach', 'custom_maroon', 'custom_red', 'custom_mauve', 'custom_pink', 'custom_flamingo', 'custom_rosewater', 'auto_check_updates', 'exe_creation_path', 'data_folder_path']
2026-08-06 20:12:55,776 - INFO - Setting 'discord_auto_open' updated and saved
2026-08-06 20:12:55,776 - DEBUG - SET setting 'multi_quest_limit': 0 (previous: 0)
2026-08-06 20:12:55,776 - DEBUG - Attempting to save 41 settings to: C:\Users\user\OneDrive\Desktop\DiscordQuestManager\version 1.1.0\dist\DiscordQuestManager-data\settings.json
2026-08-06 20:12:55,776 - INFO - Successfully saved settings to file
2026-08-06 20:12:55,776 - DEBUG - Saved settings keys: ['theme', 'custom_duration', 'remember_duration', 'minimize_to_tray', 'auto_clean_on_exit', 'discord_auto_open', 'multi_quest_limit', 'dummy_cat_selection', 'dummy_alarm_enabled', 'dummy_alarm_type', 'dummy_alarm_sound_path', 'dummy_alarm_volume', 'custom_base', 'custom_mantle', 'custom_surface', 'custom_surface0', 'custom_surface1', 'custom_surface2', 'custom_text', 'custom_subtext0', 'custom_subtext1', 'custom_overlay0', 'custom_overlay1', 'custom_overlay2', 'custom_blue', 'custom_lavender', 'custom_sapphire', 'custom_sky', 'custom_teal', 'custom_green', 'custom_yellow', 'custom_peach', 'custom_maroon', 'custom_red', 'custom_mauve', 'custom_pink', 'custom_flamingo', 'custom_rosewater', 'auto_check_updates', 'exe_creation_path', 'data_folder_path']
2026-08-06 20:12:55,776 - INFO - Setting 'multi_quest_limit' updated and saved
2026-08-06 20:12:55,776 - DEBUG - SET setting 'auto_check_updates': False (previous: False)
2026-08-06 20:12:55,777 - DEBUG - Attempting to save 41 settings to: C:\Users\user\OneDrive\Desktop\DiscordQuestManager\version 1.1.0\dist\DiscordQuestManager-data\settings.json
2026-08-06 20:12:55,777 - INFO - Successfully saved settings to file
2026-08-06 20:12:55,777 - DEBUG - Saved settings keys: ['theme', 'custom_duration', 'remember_duration', 'minimize_to_tray', 'auto_clean_on_exit', 'discord_auto_open', 'multi_quest_limit', 'dummy_cat_selection', 'dummy_alarm_enabled', 'dummy_alarm_type', 'dummy_alarm_sound_path', 'dummy_alarm_volume', 'custom_base', 'custom_mantle', 'custom_surface', 'custom_surface0', 'custom_surface1', 'custom_surface2', 'custom_text', 'custom_subtext0', 'custom_subtext1', 'custom_overlay0', 'custom_overlay1', 'custom_overlay2', 'custom_blue', 'custom_lavender', 'custom_sapphire', 'custom_sky', 'custom_teal', 'custom_green', 'custom_yellow', 'custom_peach', 'custom_maroon', 'custom_red', 'custom_mauve', 'custom_pink', 'custom_flamingo', 'custom_rosewater', 'auto_check_updates', 'exe_creation_path', 'data_folder_path']
2026-08-06 20:12:55,777 - INFO - Setting 'auto_check_updates' updated and saved
2026-08-06 20:12:55,777 - DEBUG - SET setting 'dummy_cat_selection': Cat-1 (previous: Cat-1)
2026-08-06 20:12:55,777 - DEBUG - Attempting to save 41 settings to: C:\Users\user\OneDrive\Desktop\DiscordQuestManager\version 1.1.0\dist\DiscordQuestManager-data\settings.json
2026-08-06 20:12:55,777 - INFO - Successfully saved settings to file
2026-08-06 20:12:55,778 - DEBUG - Saved settings keys: ['theme', 'custom_duration', 'remember_duration', 'minimize_to_tray', 'auto_clean_on_exit', 'discord_auto_open', 'multi_quest_limit', 'dummy_cat_selection', 'dummy_alarm_enabled', 'dummy_alarm_type', 'dummy_alarm_sound_path', 'dummy_alarm_volume', 'custom_base', 'custom_mantle', 'custom_surface', 'custom_surface0', 'custom_surface1', 'custom_surface2', 'custom_text', 'custom_subtext0', 'custom_subtext1', 'custom_overlay0', 'custom_overlay1', 'custom_overlay2', 'custom_blue', 'custom_lavender', 'custom_sapphire', 'custom_sky', 'custom_teal', 'custom_green', 'custom_yellow', 'custom_peach', 'custom_maroon', 'custom_red', 'custom_mauve', 'custom_pink', 'custom_flamingo', 'custom_rosewater', 'auto_check_updates', 'exe_creation_path', 'data_folder_path']
2026-08-06 20:12:55,778 - INFO - Setting 'dummy_cat_selection' updated and saved
2026-08-06 20:12:55,778 - DEBUG - SET setting 'dummy_alarm_enabled': True (previous: True)
2026-08-06 20:12:55,778 - DEBUG - Attempting to save 41 settings to: C:\Users\user\OneDrive\Desktop\DiscordQuestManager\version 1.1.0\dist\DiscordQuestManager-data\settings.json
2026-08-06 20:12:55,778 - INFO - Successfully saved settings to file
2026-08-06 20:12:55,778 - DEBUG - Saved settings keys: ['theme', 'custom_duration', 'remember_duration', 'minimize_to_tray', 'auto_clean_on_exit', 'discord_auto_open', 'multi_quest_limit', 'dummy_cat_selection', 'dummy_alarm_enabled', 'dummy_alarm_type', 'dummy_alarm_sound_path', 'dummy_alarm_volume', 'custom_base', 'custom_mantle', 'custom_surface', 'custom_surface0', 'custom_surface1', 'custom_surface2', 'custom_text', 'custom_subtext0', 'custom_subtext1', 'custom_overlay0', 'custom_overlay1', 'custom_overlay2', 'custom_blue', 'custom_lavender', 'custom_sapphire', 'custom_sky', 'custom_teal', 'custom_green', 'custom_yellow', 'custom_peach', 'custom_maroon', 'custom_red', 'custom_mauve', 'custom_pink', 'custom_flamingo', 'custom_rosewater', 'auto_check_updates', 'exe_creation_path', 'data_folder_path']
2026-08-06 20:12:55,778 - INFO - Setting 'dummy_alarm_enabled' updated and saved
2026-08-06 20:12:55,778 - DEBUG - SET setting 'dummy_alarm_type': default (previous: default)
2026-08-06 20:12:55,778 - DEBUG - Attempting to save 41 settings to: C:\Users\user\OneDrive\Desktop\DiscordQuestManager\version 1.1.0\dist\DiscordQuestManager-data\settings.json
2026-08-06 20:12:55,779 - INFO - Successfully saved settings to file
2026-08-06 20:12:55,779 - DEBUG - Saved settings keys: ['theme', 'custom_duration', 'remember_duration', 'minimize_to_tray', 'auto_clean_on_exit', 'discord_auto_open', 'multi_quest_limit', 'dummy_cat_selection', 'dummy_alarm_enabled', 'dummy_alarm_type', 'dummy_alarm_sound_path', 'dummy_alarm_volume', 'custom_base', 'custom_mantle', 'custom_surface', 'custom_surface0', 'custom_surface1', 'custom_surface2', 'custom_text', 'custom_subtext0', 'custom_subtext1', 'custom_overlay0', 'custom_overlay1', 'custom_overlay2', 'custom_blue', 'custom_lavender', 'custom_sapphire', 'custom_sky', 'custom_teal', 'custom_green', 'custom_yellow', 'custom_peach', 'custom_maroon', 'custom_red', 'custom_mauve', 'custom_pink', 'custom_flamingo', 'custom_rosewater', 'auto_check_updates', 'exe_creation_path', 'data_folder_path']
2026-08-06 20:12:55,779 - INFO - Setting 'dummy_alarm_type' updated and saved
2026-08-06 20:12:55,779 - DEBUG - SET setting 'dummy_alarm_sound_path':  (previous: )
2026-08-06 20:12:55,779 - DEBUG - Attempting to save 41 settings to: C:\Users\user\OneDrive\Desktop\DiscordQuestManager\version 1.1.0\dist\DiscordQuestManager-data\settings.json
2026-08-06 20:12:55,779 - INFO - Successfully saved settings to file
2026-08-06 20:12:55,779 - DEBUG - Saved settings keys: ['theme', 'custom_duration', 'remember_duration', 'minimize_to_tray', 'auto_clean_on_exit', 'discord_auto_open', 'multi_quest_limit', 'dummy_cat_selection', 'dummy_alarm_enabled', 'dummy_alarm_type', 'dummy_alarm_sound_path', 'dummy_alarm_volume', 'custom_base', 'custom_mantle', 'custom_surface', 'custom_surface0', 'custom_surface1', 'custom_surface2', 'custom_text', 'custom_subtext0', 'custom_subtext1', 'custom_overlay0', 'custom_overlay1', 'custom_overlay2', 'custom_blue', 'custom_lavender', 'custom_sapphire', 'custom_sky', 'custom_teal', 'custom_green', 'custom_yellow', 'custom_peach', 'custom_maroon', 'custom_red', 'custom_mauve', 'custom_pink', 'custom_flamingo', 'custom_rosewater', 'auto_check_updates', 'exe_creation_path', 'data_folder_path']
2026-08-06 20:12:55,779 - INFO - Setting 'dummy_alarm_sound_path' updated and saved
2026-08-06 20:12:55,780 - DEBUG - SET setting 'dummy_alarm_volume': 100 (previous: 100)
2026-08-06 20:12:55,780 - DEBUG - Attempting to save 41 settings to: C:\Users\user\OneDrive\Desktop\DiscordQuestManager\version 1.1.0\dist\DiscordQuestManager-data\settings.json
2026-08-06 20:12:55,780 - INFO - Successfully saved settings to file
2026-08-06 20:12:55,780 - DEBUG - Saved settings keys: ['theme', 'custom_duration', 'remember_duration', 'minimize_to_tray', 'auto_clean_on_exit', 'discord_auto_open', 'multi_quest_limit', 'dummy_cat_selection', 'dummy_alarm_enabled', 'dummy_alarm_type', 'dummy_alarm_sound_path', 'dummy_alarm_volume', 'custom_base', 'custom_mantle', 'custom_surface', 'custom_surface0', 'custom_surface1', 'custom_surface2', 'custom_text', 'custom_subtext0', 'custom_subtext1', 'custom_overlay0', 'custom_overlay1', 'custom_overlay2', 'custom_blue', 'custom_lavender', 'custom_sapphire', 'custom_sky', 'custom_teal', 'custom_green', 'custom_yellow', 'custom_peach', 'custom_maroon', 'custom_red', 'custom_mauve', 'custom_pink', 'custom_flamingo', 'custom_rosewater', 'auto_check_updates', 'exe_creation_path', 'data_folder_path']
2026-08-06 20:12:55,780 - INFO - Setting 'dummy_alarm_volume' updated and saved
2026-08-06 20:12:55,780 - DEBUG - SET setting 'exe_creation_path':  (previous: )
2026-08-06 20:12:55,780 - DEBUG - Attempting to save 41 settings to: C:\Users\user\OneDrive\Desktop\DiscordQuestManager\version 1.1.0\dist\DiscordQuestManager-data\settings.json
2026-08-06 20:12:55,780 - INFO - Successfully saved settings to file
2026-08-06 20:12:55,781 - DEBUG - Saved settings keys: ['theme', 'custom_duration', 'remember_duration', 'minimize_to_tray', 'auto_clean_on_exit', 'discord_auto_open', 'multi_quest_limit', 'dummy_cat_selection', 'dummy_alarm_enabled', 'dummy_alarm_type', 'dummy_alarm_sound_path', 'dummy_alarm_volume', 'custom_base', 'custom_mantle', 'custom_surface', 'custom_surface0', 'custom_surface1', 'custom_surface2', 'custom_text', 'custom_subtext0', 'custom_subtext1', 'custom_overlay0', 'custom_overlay1', 'custom_overlay2', 'custom_blue', 'custom_lavender', 'custom_sapphire', 'custom_sky', 'custom_teal', 'custom_green', 'custom_yellow', 'custom_peach', 'custom_maroon', 'custom_red', 'custom_mauve', 'custom_pink', 'custom_flamingo', 'custom_rosewater', 'auto_check_updates', 'exe_creation_path', 'data_folder_path']
2026-08-06 20:12:55,781 - INFO - Setting 'exe_creation_path' updated and saved
2026-08-06 20:12:55,781 - DEBUG - SET setting 'data_folder_path':  (previous: )
2026-08-06 20:12:55,781 - DEBUG - Attempting to save 41 settings to: C:\Users\user\OneDrive\Desktop\DiscordQuestManager\version 1.1.0\dist\DiscordQuestManager-data\settings.json
2026-08-06 20:12:55,781 - INFO - Successfully saved settings to file
2026-08-06 20:12:55,781 - DEBUG - Saved settings keys: ['theme', 'custom_duration', 'remember_duration', 'minimize_to_tray', 'auto_clean_on_exit', 'discord_auto_open', 'multi_quest_limit', 'dummy_cat_selection', 'dummy_alarm_enabled', 'dummy_alarm_type', 'dummy_alarm_sound_path', 'dummy_alarm_volume', 'custom_base', 'custom_mantle', 'custom_surface', 'custom_surface0', 'custom_surface1', 'custom_surface2', 'custom_text', 'custom_subtext0', 'custom_subtext1', 'custom_overlay0', 'custom_overlay1', 'custom_overlay2', 'custom_blue', 'custom_lavender', 'custom_sapphire', 'custom_sky', 'custom_teal', 'custom_green', 'custom_yellow', 'custom_peach', 'custom_maroon', 'custom_red', 'custom_mauve', 'custom_pink', 'custom_flamingo', 'custom_rosewater', 'auto_check_updates', 'exe_creation_path', 'data_folder_path']
2026-08-06 20:12:55,781 - INFO - Setting 'data_folder_path' updated and saved
2026-08-06 20:12:55,781 - DEBUG - GET setting 'custom_duration': 15 (default: 15)
2026-08-06 20:12:55,781 - DEBUG - GET setting 'multi_quest_limit': 0 (default: 0)
2026-08-06 20:12:55,781 - DEBUG - GET setting 'remember_duration': True (default: True)
2026-08-06 20:12:55,781 - DEBUG - GET setting 'minimize_to_tray': False (default: False)
2026-08-06 20:12:55,781 - DEBUG - GET setting 'auto_clean_on_exit': True (default: True)
2026-08-06 20:12:55,781 - DEBUG - GET setting 'discord_auto_open': True (default: True)
2026-08-06 20:12:55,781 - DEBUG - GET setting 'auto_check_updates': False (default: True)
2026-08-06 20:12:55,781 - DEBUG - GET setting 'dummy_cat_selection': Cat-1 (default: Cat-1)
2026-08-06 20:12:55,781 - DEBUG - GET setting 'exe_creation_path':  (default: )
2026-08-06 20:12:55,781 - DEBUG - GET setting 'data_folder_path':  (default: )
2026-08-06 20:12:55,782 - INFO - Settings saved successfully
2026-08-06 20:12:56,917 - INFO - set_theme called with theme: latte, custom_colors: False
2026-08-06 20:12:56,917 - INFO - Setting built-in theme: latte
2026-08-06 20:12:56,918 - INFO - Loaded 26 colors from latte.json
2026-08-06 20:12:56,918 - INFO - Theme set to: latte with 26 colors
2026-08-06 20:12:56,918 - INFO - Calling theme change callback
2026-08-06 20:12:58,428 - INFO - set_theme called with theme: custom, custom_colors: True
2026-08-06 20:12:58,428 - INFO - Setting custom theme with 26 colors
2026-08-06 20:12:58,430 - INFO - Saved custom theme to C:\Users\user\AppData\Local\Temp\_MEI159882\core\themes\custom.json
2026-08-06 20:12:58,430 - INFO - Theme set to: custom with 26 colors
2026-08-06 20:12:58,431 - INFO - Calling theme change callback
2026-08-06 20:13:15,734 - DEBUG - GET_ALL: Returning 41 settings
2026-08-06 20:13:15,752 - DEBUG - STREAM b'IHDR' 16 13
2026-08-06 20:13:15,752 - DEBUG - STREAM b'pHYs' 41 9
2026-08-06 20:13:15,752 - DEBUG - STREAM b'tEXt' 62 25
2026-08-06 20:13:15,753 - DEBUG - STREAM b'IDAT' 99 8192
2026-08-06 20:13:15,817 - DEBUG - STREAM b'IHDR' 16 13
2026-08-06 20:13:15,817 - DEBUG - STREAM b'sBIT' 41 4
2026-08-06 20:13:15,817 - DEBUG - b'sBIT' 41 4 (unknown)
2026-08-06 20:13:15,817 - DEBUG - STREAM b'pHYs' 57 9
2026-08-06 20:13:15,817 - DEBUG - STREAM b'tEXt' 78 25
2026-08-06 20:13:15,817 - DEBUG - STREAM b'IDAT' 115 7521
2026-08-06 20:13:15,852 - DEBUG - Building row for: base
2026-08-06 20:13:15,852 - DEBUG - Successfully built row for: base
2026-08-06 20:13:15,852 - DEBUG - Building row for: mantle
2026-08-06 20:13:15,852 - DEBUG - Successfully built row for: mantle
2026-08-06 20:13:15,852 - DEBUG - Building row for: surface
2026-08-06 20:13:15,853 - DEBUG - Successfully built row for: surface
2026-08-06 20:13:15,853 - DEBUG - Building row for: surface0
2026-08-06 20:13:15,853 - DEBUG - Successfully built row for: surface0
2026-08-06 20:13:15,853 - DEBUG - Building row for: surface1
2026-08-06 20:13:15,853 - DEBUG - Successfully built row for: surface1
2026-08-06 20:13:15,853 - DEBUG - Building row for: surface2
2026-08-06 20:13:15,853 - DEBUG - Successfully built row for: surface2
2026-08-06 20:13:15,854 - DEBUG - Building row for: text
2026-08-06 20:13:15,854 - DEBUG - Successfully built row for: text
2026-08-06 20:13:15,854 - DEBUG - Building row for: subtext0
2026-08-06 20:13:15,854 - DEBUG - Successfully built row for: subtext0
2026-08-06 20:13:15,854 - DEBUG - Building row for: subtext1
2026-08-06 20:13:15,855 - DEBUG - Successfully built row for: subtext1
2026-08-06 20:13:15,855 - DEBUG - Building row for: overlay0
2026-08-06 20:13:15,855 - DEBUG - Successfully built row for: overlay0
2026-08-06 20:13:15,868 - INFO - set_theme called with theme: mocha, custom_colors: False
2026-08-06 20:13:15,869 - INFO - Setting built-in theme: mocha
2026-08-06 20:13:15,869 - INFO - Loaded 26 colors from mocha.json
2026-08-06 20:13:15,869 - INFO - Theme set to: mocha with 26 colors
2026-08-06 20:13:15,869 - INFO - Calling theme change callback
2026-08-06 20:13:15,879 - DEBUG - STREAM b'IHDR' 16 13
2026-08-06 20:13:15,879 - DEBUG - STREAM b'sRGB' 41 1
2026-08-06 20:13:15,879 - DEBUG - STREAM b'IDAT' 54 292
2026-08-06 20:13:15,880 - DEBUG - STREAM b'IHDR' 16 13
2026-08-06 20:13:15,880 - DEBUG - STREAM b'sRGB' 41 1
2026-08-06 20:13:15,880 - DEBUG - STREAM b'IDAT' 54 183
2026-08-06 20:13:15,880 - DEBUG - STREAM b'IHDR' 16 13
2026-08-06 20:13:15,880 - DEBUG - STREAM b'sRGB' 41 1
2026-08-06 20:13:15,880 - DEBUG - STREAM b'IDAT' 54 234
2026-08-06 20:13:15,881 - DEBUG - STREAM b'IHDR' 16 13
2026-08-06 20:13:15,881 - DEBUG - STREAM b'sRGB' 41 1
2026-08-06 20:13:15,881 - DEBUG - STREAM b'IDAT' 54 286
2026-08-06 20:13:15,882 - DEBUG - STREAM b'IHDR' 16 13
2026-08-06 20:13:15,882 - DEBUG - STREAM b'sRGB' 41 1
2026-08-06 20:13:15,882 - DEBUG - STREAM b'IDAT' 54 298
2026-08-06 20:13:15,883 - DEBUG - STREAM b'IHDR' 16 13
2026-08-06 20:13:15,883 - DEBUG - STREAM b'sRGB' 41 1
2026-08-06 20:13:15,883 - DEBUG - STREAM b'IDAT' 54 338
2026-08-06 20:13:18,472 - INFO - set_theme called with theme: custom, custom_colors: True
2026-08-06 20:13:18,472 - INFO - Setting custom theme with 26 colors
2026-08-06 20:13:18,473 - INFO - Saved custom theme to C:\Users\user\AppData\Local\Temp\_MEI159882\core\themes\custom.json
2026-08-06 20:13:18,473 - INFO - Theme set to: custom with 26 colors
2026-08-06 20:13:18,473 - INFO - Calling theme change callback
2026-08-06 20:13:24,182 - INFO - set_theme called with theme: latte, custom_colors: False
2026-08-06 20:13:24,183 - INFO - Setting built-in theme: latte
2026-08-06 20:13:24,184 - INFO - Loaded 26 colors from latte.json
2026-08-06 20:13:24,184 - INFO - Theme set to: latte with 26 colors
2026-08-06 20:13:24,184 - INFO - Calling theme change callback
2026-08-06 20:14:54,964 - DEBUG - STREAM b'IHDR' 16 13
2026-08-06 20:14:54,964 - DEBUG - STREAM b'pHYs' 41 9
2026-08-06 20:14:54,965 - DEBUG - STREAM b'tEXt' 62 25
2026-08-06 20:14:54,965 - DEBUG - STREAM b'IDAT' 99 8192
2026-08-06 20:14:54,969 - DEBUG - STREAM b'IHDR' 16 13
2026-08-06 20:14:54,969 - DEBUG - STREAM b'pHYs' 41 9
2026-08-06 20:14:54,969 - DEBUG - STREAM b'tEXt' 62 25
2026-08-06 20:14:54,969 - DEBUG - STREAM b'IDAT' 99 8192
2026-08-06 20:14:54,973 - DEBUG - STREAM b'IHDR' 16 13
2026-08-06 20:14:54,974 - DEBUG - STREAM b'pHYs' 41 9
2026-08-06 20:14:54,974 - DEBUG - STREAM b'tEXt' 62 25
2026-08-06 20:14:54,974 - DEBUG - STREAM b'IDAT' 99 8192
2026-08-06 20:15:06,386 - DEBUG - STREAM b'IHDR' 16 13
2026-08-06 20:15:06,386 - DEBUG - STREAM b'sRGB' 41 1
2026-08-06 20:15:06,386 - DEBUG - STREAM b'IDAT' 54 65204
2026-08-06 20:15:06,695 - INFO - Created fake executable: C:\Users\user\OneDrive\Desktop\DiscordQuestManager\version 1.1.0\dist\nowhereprophet.exe from C:\Users\user\OneDrive\Desktop\DiscordQuestManager\version 1.1.0\dist\DiscordQuestManager.exe
2026-08-06 20:15:08,024 - INFO - Created fake executable: C:\Users\user\OneDrive\Desktop\DiscordQuestManager\version 1.1.0\dist\wtwtlw_64.exe from C:\Users\user\OneDrive\Desktop\DiscordQuestManager\version 1.1.0\dist\DiscordQuestManager.exe
2026-08-06 20:15:09,193 - INFO - Settings dialog logging initialized
2026-08-06 20:15:10,780 - DEBUG - STREAM b'IHDR' 16 13
2026-08-06 20:15:10,780 - DEBUG - STREAM b'pHYs' 41 9
2026-08-06 20:15:10,780 - DEBUG - STREAM b'tEXt' 62 25
2026-08-06 20:15:10,780 - DEBUG - STREAM b'IDAT' 99 8192
2026-08-06 20:15:10,859 - DEBUG - STREAM b'IHDR' 16 13
2026-08-06 20:15:10,859 - DEBUG - STREAM b'pHYs' 41 9
2026-08-06 20:15:10,859 - DEBUG - STREAM b'tEXt' 62 25
2026-08-06 20:15:10,859 - DEBUG - STREAM b'IDAT' 99 8192
2026-08-06 20:15:12,578 - DEBUG - STREAM b'IHDR' 16 13
2026-08-06 20:15:12,578 - DEBUG - STREAM b'sRGB' 41 1
2026-08-06 20:15:12,578 - DEBUG - STREAM b'IDAT' 54 65204
2026-08-06 20:15:12,796 - INFO - Created fake executable: C:\Users\user\OneDrive\Desktop\DiscordQuestManager\version 1.1.0\dist\nowhereprophet.exe from C:\Users\user\OneDrive\Desktop\DiscordQuestManager\version 1.1.0\dist\DiscordQuestManager.exe
2026-08-06 20:15:13,322 - INFO - Created fake executable: C:\Users\user\OneDrive\Desktop\DiscordQuestManager\version 1.1.0\dist\wtwtlw_64.exe from C:\Users\user\OneDrive\Desktop\DiscordQuestManager\version 1.1.0\dist\DiscordQuestManager.exe
2026-08-06 20:15:15,164 - INFO - Settings dialog logging initialized
2026-08-06 20:15:15,607 - DEBUG - Importing PngImagePlugin
2026-08-06 20:15:15,615 - DEBUG - STREAM b'IHDR' 16 13
2026-08-06 20:15:15,615 - DEBUG - STREAM b'pHYs' 41 9
2026-08-06 20:15:15,615 - DEBUG - STREAM b'tEXt' 62 25
2026-08-06 20:15:15,615 - DEBUG - STREAM b'IDAT' 99 8192
2026-08-06 20:15:15,647 - INFO - Settings dialog logging initialized
2026-08-06 20:15:15,971 - DEBUG - Importing PngImagePlugin
2026-08-06 20:15:15,976 - DEBUG - STREAM b'IHDR' 16 13
2026-08-06 20:15:15,976 - DEBUG - STREAM b'pHYs' 41 9
2026-08-06 20:15:15,976 - DEBUG - STREAM b'tEXt' 62 25
2026-08-06 20:15:15,976 - DEBUG - STREAM b'IDAT' 99 8192
2026-08-06 20:15:37,645 - DEBUG - STREAM b'IHDR' 16 13
2026-08-06 20:15:37,645 - DEBUG - STREAM b'pHYs' 41 9
2026-08-06 20:15:37,645 - DEBUG - STREAM b'tEXt' 62 25
2026-08-06 20:15:37,645 - DEBUG - STREAM b'IDAT' 99 8192
2026-08-06 20:15:37,726 - DEBUG - STREAM b'IHDR' 16 13
2026-08-06 20:15:37,726 - DEBUG - STREAM b'pHYs' 41 9
2026-08-06 20:15:37,726 - DEBUG - STREAM b'tEXt' 62 25
2026-08-06 20:15:37,726 - DEBUG - STREAM b'IDAT' 99 8192
2026-08-06 20:15:37,772 - DEBUG - GET_ALL: Returning 41 settings
2026-08-06 20:15:37,776 - DEBUG - STREAM b'IHDR' 16 13
2026-08-06 20:15:37,776 - DEBUG - STREAM b'pHYs' 41 9
2026-08-06 20:15:37,776 - DEBUG - STREAM b'tEXt' 62 25
2026-08-06 20:15:37,776 - DEBUG - STREAM b'IDAT' 99 8192
2026-08-06 20:15:37,805 - DEBUG - STREAM b'IHDR' 16 13
2026-08-06 20:15:37,805 - DEBUG - STREAM b'sBIT' 41 4
2026-08-06 20:15:37,805 - DEBUG - b'sBIT' 41 4 (unknown)
2026-08-06 20:15:37,805 - DEBUG - STREAM b'pHYs' 57 9
2026-08-06 20:15:37,805 - DEBUG - STREAM b'tEXt' 78 25
2026-08-06 20:15:37,805 - DEBUG - STREAM b'IDAT' 115 7521
2026-08-06 20:15:37,843 - DEBUG - Building row for: base
2026-08-06 20:15:37,843 - DEBUG - Successfully built row for: base
2026-08-06 20:15:37,843 - DEBUG - Building row for: mantle
2026-08-06 20:15:37,843 - DEBUG - Successfully built row for: mantle
2026-08-06 20:15:37,843 - DEBUG - Building row for: surface
2026-08-06 20:15:37,844 - DEBUG - Successfully built row for: surface
2026-08-06 20:15:37,844 - DEBUG - Building row for: surface0
2026-08-06 20:15:37,844 - DEBUG - Successfully built row for: surface0
2026-08-06 20:15:37,844 - DEBUG - Building row for: surface1
2026-08-06 20:15:37,844 - DEBUG - Successfully built row for: surface1
2026-08-06 20:15:37,844 - DEBUG - Building row for: surface2
2026-08-06 20:15:37,845 - DEBUG - Successfully built row for: surface2
2026-08-06 20:15:37,845 - DEBUG - Building row for: text
2026-08-06 20:15:37,845 - DEBUG - Successfully built row for: text
2026-08-06 20:15:37,845 - DEBUG - Building row for: subtext0
2026-08-06 20:15:37,846 - DEBUG - Successfully built row for: subtext0
2026-08-06 20:15:37,846 - DEBUG - Building row for: subtext1
2026-08-06 20:15:37,846 - DEBUG - Successfully built row for: subtext1
2026-08-06 20:15:37,846 - DEBUG - Building row for: overlay0
2026-08-06 20:15:37,846 - DEBUG - Successfully built row for: overlay0
2026-08-06 20:15:37,866 - INFO - set_theme called with theme: mocha, custom_colors: False
2026-08-06 20:15:37,866 - INFO - Setting built-in theme: mocha
2026-08-06 20:15:37,866 - INFO - Loaded 26 colors from mocha.json
2026-08-06 20:15:37,866 - INFO - Theme set to: mocha with 26 colors
2026-08-06 20:15:37,866 - INFO - Calling theme change callback
2026-08-06 20:15:37,881 - DEBUG - STREAM b'IHDR' 16 13
2026-08-06 20:15:37,881 - DEBUG - STREAM b'sRGB' 41 1
2026-08-06 20:15:37,881 - DEBUG - STREAM b'IDAT' 54 292
2026-08-06 20:15:37,882 - DEBUG - STREAM b'IHDR' 16 13
2026-08-06 20:15:37,882 - DEBUG - STREAM b'sRGB' 41 1
2026-08-06 20:15:37,882 - DEBUG - STREAM b'IDAT' 54 183
2026-08-06 20:15:37,883 - DEBUG - STREAM b'IHDR' 16 13
2026-08-06 20:15:37,883 - DEBUG - STREAM b'sRGB' 41 1
2026-08-06 20:15:37,883 - DEBUG - STREAM b'IDAT' 54 234
2026-08-06 20:15:37,885 - DEBUG - STREAM b'IHDR' 16 13
2026-08-06 20:15:37,885 - DEBUG - STREAM b'sRGB' 41 1
2026-08-06 20:15:37,885 - DEBUG - STREAM b'IDAT' 54 286
2026-08-06 20:15:37,886 - DEBUG - STREAM b'IHDR' 16 13
2026-08-06 20:15:37,886 - DEBUG - STREAM b'sRGB' 41 1
2026-08-06 20:15:37,886 - DEBUG - STREAM b'IDAT' 54 298
2026-08-06 20:15:37,887 - DEBUG - STREAM b'IHDR' 16 13
2026-08-06 20:15:37,888 - DEBUG - STREAM b'sRGB' 41 1
2026-08-06 20:15:37,888 - DEBUG - STREAM b'IDAT' 54 338
2026-08-06 20:15:45,683 - INFO - Save button clicked - starting save process
2026-08-06 20:15:45,714 - DEBUG - Created new_settings dict with 15 keys
2026-08-06 20:15:45,714 - DEBUG - Theme changed: False, Is custom theme: False
2026-08-06 20:15:45,714 - INFO - Calling on_save callback
2026-08-06 20:15:45,714 - DEBUG - SET setting 'theme': mocha (previous: mocha)
2026-08-06 20:15:45,715 - DEBUG - Attempting to save 41 settings to: C:\Users\user\OneDrive\Desktop\DiscordQuestManager\version 1.1.0\dist\DiscordQuestManager-data\settings.json
2026-08-06 20:15:45,715 - INFO - Successfully saved settings to file
2026-08-06 20:15:45,715 - DEBUG - Saved settings keys: ['theme', 'custom_duration', 'remember_duration', 'minimize_to_tray', 'auto_clean_on_exit', 'discord_auto_open', 'multi_quest_limit', 'dummy_cat_selection', 'dummy_alarm_enabled', 'dummy_alarm_type', 'dummy_alarm_sound_path', 'dummy_alarm_volume', 'custom_base', 'custom_mantle', 'custom_surface', 'custom_surface0', 'custom_surface1', 'custom_surface2', 'custom_text', 'custom_subtext0', 'custom_subtext1', 'custom_overlay0', 'custom_overlay1', 'custom_overlay2', 'custom_blue', 'custom_lavender', 'custom_sapphire', 'custom_sky', 'custom_teal', 'custom_green', 'custom_yellow', 'custom_peach', 'custom_maroon', 'custom_red', 'custom_mauve', 'custom_pink', 'custom_flamingo', 'custom_rosewater', 'auto_check_updates', 'exe_creation_path', 'data_folder_path']
2026-08-06 20:15:45,715 - INFO - Setting 'theme' updated and saved
2026-08-06 20:15:45,715 - DEBUG - SET setting 'custom_duration': 5 (previous: 15)
2026-08-06 20:15:45,715 - DEBUG - Attempting to save 41 settings to: C:\Users\user\OneDrive\Desktop\DiscordQuestManager\version 1.1.0\dist\DiscordQuestManager-data\settings.json
2026-08-06 20:15:45,716 - INFO - Successfully saved settings to file
2026-08-06 20:15:45,716 - DEBUG - Saved settings keys: ['theme', 'custom_duration', 'remember_duration', 'minimize_to_tray', 'auto_clean_on_exit', 'discord_auto_open', 'multi_quest_limit', 'dummy_cat_selection', 'dummy_alarm_enabled', 'dummy_alarm_type', 'dummy_alarm_sound_path', 'dummy_alarm_volume', 'custom_base', 'custom_mantle', 'custom_surface', 'custom_surface0', 'custom_surface1', 'custom_surface2', 'custom_text', 'custom_subtext0', 'custom_subtext1', 'custom_overlay0', 'custom_overlay1', 'custom_overlay2', 'custom_blue', 'custom_lavender', 'custom_sapphire', 'custom_sky', 'custom_teal', 'custom_green', 'custom_yellow', 'custom_peach', 'custom_maroon', 'custom_red', 'custom_mauve', 'custom_pink', 'custom_flamingo', 'custom_rosewater', 'auto_check_updates', 'exe_creation_path', 'data_folder_path']
2026-08-06 20:15:45,716 - INFO - Setting 'custom_duration' updated and saved
2026-08-06 20:15:45,716 - DEBUG - SET setting 'remember_duration': True (previous: True)
2026-08-06 20:15:45,716 - DEBUG - Attempting to save 41 settings to: C:\Users\user\OneDrive\Desktop\DiscordQuestManager\version 1.1.0\dist\DiscordQuestManager-data\settings.json
2026-08-06 20:15:45,716 - INFO - Successfully saved settings to file
2026-08-06 20:15:45,716 - DEBUG - Saved settings keys: ['theme', 'custom_duration', 'remember_duration', 'minimize_to_tray', 'auto_clean_on_exit', 'discord_auto_open', 'multi_quest_limit', 'dummy_cat_selection', 'dummy_alarm_enabled', 'dummy_alarm_type', 'dummy_alarm_sound_path', 'dummy_alarm_volume', 'custom_base', 'custom_mantle', 'custom_surface', 'custom_surface0', 'custom_surface1', 'custom_surface2', 'custom_text', 'custom_subtext0', 'custom_subtext1', 'custom_overlay0', 'custom_overlay1', 'custom_overlay2', 'custom_blue', 'custom_lavender', 'custom_sapphire', 'custom_sky', 'custom_teal', 'custom_green', 'custom_yellow', 'custom_peach', 'custom_maroon', 'custom_red', 'custom_mauve', 'custom_pink', 'custom_flamingo', 'custom_rosewater', 'auto_check_updates', 'exe_creation_path', 'data_folder_path']
2026-08-06 20:15:45,716 - INFO - Setting 'remember_duration' updated and saved
2026-08-06 20:15:45,716 - DEBUG - SET setting 'minimize_to_tray': False (previous: False)
2026-08-06 20:15:45,716 - DEBUG - Attempting to save 41 settings to: C:\Users\user\OneDrive\Desktop\DiscordQuestManager\version 1.1.0\dist\DiscordQuestManager-data\settings.json
2026-08-06 20:15:45,723 - INFO - Successfully saved settings to file
2026-08-06 20:15:45,723 - DEBUG - Saved settings keys: ['theme', 'custom_duration', 'remember_duration', 'minimize_to_tray', 'auto_clean_on_exit', 'discord_auto_open', 'multi_quest_limit', 'dummy_cat_selection', 'dummy_alarm_enabled', 'dummy_alarm_type', 'dummy_alarm_sound_path', 'dummy_alarm_volume', 'custom_base', 'custom_mantle', 'custom_surface', 'custom_surface0', 'custom_surface1', 'custom_surface2', 'custom_text', 'custom_subtext0', 'custom_subtext1', 'custom_overlay0', 'custom_overlay1', 'custom_overlay2', 'custom_blue', 'custom_lavender', 'custom_sapphire', 'custom_sky', 'custom_teal', 'custom_green', 'custom_yellow', 'custom_peach', 'custom_maroon', 'custom_red', 'custom_mauve', 'custom_pink', 'custom_flamingo', 'custom_rosewater', 'auto_check_updates', 'exe_creation_path', 'data_folder_path']
2026-08-06 20:15:45,723 - INFO - Setting 'minimize_to_tray' updated and saved
2026-08-06 20:15:45,723 - DEBUG - SET setting 'auto_clean_on_exit': True (previous: True)
2026-08-06 20:15:45,723 - DEBUG - Attempting to save 41 settings to: C:\Users\user\OneDrive\Desktop\DiscordQuestManager\version 1.1.0\dist\DiscordQuestManager-data\settings.json
2026-08-06 20:15:45,724 - INFO - Successfully saved settings to file
2026-08-06 20:15:45,724 - DEBUG - Saved settings keys: ['theme', 'custom_duration', 'remember_duration', 'minimize_to_tray', 'auto_clean_on_exit', 'discord_auto_open', 'multi_quest_limit', 'dummy_cat_selection', 'dummy_alarm_enabled', 'dummy_alarm_type', 'dummy_alarm_sound_path', 'dummy_alarm_volume', 'custom_base', 'custom_mantle', 'custom_surface', 'custom_surface0', 'custom_surface1', 'custom_surface2', 'custom_text', 'custom_subtext0', 'custom_subtext1', 'custom_overlay0', 'custom_overlay1', 'custom_overlay2', 'custom_blue', 'custom_lavender', 'custom_sapphire', 'custom_sky', 'custom_teal', 'custom_green', 'custom_yellow', 'custom_peach', 'custom_maroon', 'custom_red', 'custom_mauve', 'custom_pink', 'custom_flamingo', 'custom_rosewater', 'auto_check_updates', 'exe_creation_path', 'data_folder_path']
2026-08-06 20:15:45,724 - INFO - Setting 'auto_clean_on_exit' updated and saved
2026-08-06 20:15:45,724 - DEBUG - SET setting 'discord_auto_open': True (previous: True)
2026-08-06 20:15:45,724 - DEBUG - Attempting to save 41 settings to: C:\Users\user\OneDrive\Desktop\DiscordQuestManager\version 1.1.0\dist\DiscordQuestManager-data\settings.json
2026-08-06 20:15:45,725 - INFO - Successfully saved settings to file
2026-08-06 20:15:45,725 - DEBUG - Saved settings keys: ['theme', 'custom_duration', 'remember_duration', 'minimize_to_tray', 'auto_clean_on_exit', 'discord_auto_open', 'multi_quest_limit', 'dummy_cat_selection', 'dummy_alarm_enabled', 'dummy_alarm_type', 'dummy_alarm_sound_path', 'dummy_alarm_volume', 'custom_base', 'custom_mantle', 'custom_surface', 'custom_surface0', 'custom_surface1', 'custom_surface2', 'custom_text', 'custom_subtext0', 'custom_subtext1', 'custom_overlay0', 'custom_overlay1', 'custom_overlay2', 'custom_blue', 'custom_lavender', 'custom_sapphire', 'custom_sky', 'custom_teal', 'custom_green', 'custom_yellow', 'custom_peach', 'custom_maroon', 'custom_red', 'custom_mauve', 'custom_pink', 'custom_flamingo', 'custom_rosewater', 'auto_check_updates', 'exe_creation_path', 'data_folder_path']
2026-08-06 20:15:45,725 - INFO - Setting 'discord_auto_open' updated and saved
2026-08-06 20:15:45,725 - DEBUG - SET setting 'multi_quest_limit': 0 (previous: 0)
2026-08-06 20:15:45,725 - DEBUG - Attempting to save 41 settings to: C:\Users\user\OneDrive\Desktop\DiscordQuestManager\version 1.1.0\dist\DiscordQuestManager-data\settings.json
2026-08-06 20:15:45,725 - INFO - Successfully saved settings to file
2026-08-06 20:15:45,725 - DEBUG - Saved settings keys: ['theme', 'custom_duration', 'remember_duration', 'minimize_to_tray', 'auto_clean_on_exit', 'discord_auto_open', 'multi_quest_limit', 'dummy_cat_selection', 'dummy_alarm_enabled', 'dummy_alarm_type', 'dummy_alarm_sound_path', 'dummy_alarm_volume', 'custom_base', 'custom_mantle', 'custom_surface', 'custom_surface0', 'custom_surface1', 'custom_surface2', 'custom_text', 'custom_subtext0', 'custom_subtext1', 'custom_overlay0', 'custom_overlay1', 'custom_overlay2', 'custom_blue', 'custom_lavender', 'custom_sapphire', 'custom_sky', 'custom_teal', 'custom_green', 'custom_yellow', 'custom_peach', 'custom_maroon', 'custom_red', 'custom_mauve', 'custom_pink', 'custom_flamingo', 'custom_rosewater', 'auto_check_updates', 'exe_creation_path', 'data_folder_path']
2026-08-06 20:15:45,725 - INFO - Setting 'multi_quest_limit' updated and saved
2026-08-06 20:15:45,725 - DEBUG - SET setting 'auto_check_updates': False (previous: False)
2026-08-06 20:15:45,725 - DEBUG - Attempting to save 41 settings to: C:\Users\user\OneDrive\Desktop\DiscordQuestManager\version 1.1.0\dist\DiscordQuestManager-data\settings.json
2026-08-06 20:15:45,726 - INFO - Successfully saved settings to file
2026-08-06 20:15:45,726 - DEBUG - Saved settings keys: ['theme', 'custom_duration', 'remember_duration', 'minimize_to_tray', 'auto_clean_on_exit', 'discord_auto_open', 'multi_quest_limit', 'dummy_cat_selection', 'dummy_alarm_enabled', 'dummy_alarm_type', 'dummy_alarm_sound_path', 'dummy_alarm_volume', 'custom_base', 'custom_mantle', 'custom_surface', 'custom_surface0', 'custom_surface1', 'custom_surface2', 'custom_text', 'custom_subtext0', 'custom_subtext1', 'custom_overlay0', 'custom_overlay1', 'custom_overlay2', 'custom_blue', 'custom_lavender', 'custom_sapphire', 'custom_sky', 'custom_teal', 'custom_green', 'custom_yellow', 'custom_peach', 'custom_maroon', 'custom_red', 'custom_mauve', 'custom_pink', 'custom_flamingo', 'custom_rosewater', 'auto_check_updates', 'exe_creation_path', 'data_folder_path']
2026-08-06 20:15:45,726 - INFO - Setting 'auto_check_updates' updated and saved
2026-08-06 20:15:45,726 - DEBUG - SET setting 'dummy_cat_selection': Cat-1 (previous: Cat-1)
2026-08-06 20:15:45,726 - DEBUG - Attempting to save 41 settings to: C:\Users\user\OneDrive\Desktop\DiscordQuestManager\version 1.1.0\dist\DiscordQuestManager-data\settings.json
2026-08-06 20:15:45,726 - INFO - Successfully saved settings to file
2026-08-06 20:15:45,726 - DEBUG - Saved settings keys: ['theme', 'custom_duration', 'remember_duration', 'minimize_to_tray', 'auto_clean_on_exit', 'discord_auto_open', 'multi_quest_limit', 'dummy_cat_selection', 'dummy_alarm_enabled', 'dummy_alarm_type', 'dummy_alarm_sound_path', 'dummy_alarm_volume', 'custom_base', 'custom_mantle', 'custom_surface', 'custom_surface0', 'custom_surface1', 'custom_surface2', 'custom_text', 'custom_subtext0', 'custom_subtext1', 'custom_overlay0', 'custom_overlay1', 'custom_overlay2', 'custom_blue', 'custom_lavender', 'custom_sapphire', 'custom_sky', 'custom_teal', 'custom_green', 'custom_yellow', 'custom_peach', 'custom_maroon', 'custom_red', 'custom_mauve', 'custom_pink', 'custom_flamingo', 'custom_rosewater', 'auto_check_updates', 'exe_creation_path', 'data_folder_path']
2026-08-06 20:15:45,726 - INFO - Setting 'dummy_cat_selection' updated and saved
2026-08-06 20:15:45,726 - DEBUG - SET setting 'dummy_alarm_enabled': True (previous: True)
2026-08-06 20:15:45,726 - DEBUG - Attempting to save 41 settings to: C:\Users\user\OneDrive\Desktop\DiscordQuestManager\version 1.1.0\dist\DiscordQuestManager-data\settings.json
2026-08-06 20:15:45,727 - INFO - Successfully saved settings to file
2026-08-06 20:15:45,727 - DEBUG - Saved settings keys: ['theme', 'custom_duration', 'remember_duration', 'minimize_to_tray', 'auto_clean_on_exit', 'discord_auto_open', 'multi_quest_limit', 'dummy_cat_selection', 'dummy_alarm_enabled', 'dummy_alarm_type', 'dummy_alarm_sound_path', 'dummy_alarm_volume', 'custom_base', 'custom_mantle', 'custom_surface', 'custom_surface0', 'custom_surface1', 'custom_surface2', 'custom_text', 'custom_subtext0', 'custom_subtext1', 'custom_overlay0', 'custom_overlay1', 'custom_overlay2', 'custom_blue', 'custom_lavender', 'custom_sapphire', 'custom_sky', 'custom_teal', 'custom_green', 'custom_yellow', 'custom_peach', 'custom_maroon', 'custom_red', 'custom_mauve', 'custom_pink', 'custom_flamingo', 'custom_rosewater', 'auto_check_updates', 'exe_creation_path', 'data_folder_path']
2026-08-06 20:15:45,727 - INFO - Setting 'dummy_alarm_enabled' updated and saved
2026-08-06 20:15:45,727 - DEBUG - SET setting 'dummy_alarm_type': default (previous: default)
2026-08-06 20:15:45,727 - DEBUG - Attempting to save 41 settings to: C:\Users\user\OneDrive\Desktop\DiscordQuestManager\version 1.1.0\dist\DiscordQuestManager-data\settings.json
2026-08-06 20:15:45,728 - INFO - Successfully saved settings to file
2026-08-06 20:15:45,728 - DEBUG - Saved settings keys: ['theme', 'custom_duration', 'remember_duration', 'minimize_to_tray', 'auto_clean_on_exit', 'discord_auto_open', 'multi_quest_limit', 'dummy_cat_selection', 'dummy_alarm_enabled', 'dummy_alarm_type', 'dummy_alarm_sound_path', 'dummy_alarm_volume', 'custom_base', 'custom_mantle', 'custom_surface', 'custom_surface0', 'custom_surface1', 'custom_surface2', 'custom_text', 'custom_subtext0', 'custom_subtext1', 'custom_overlay0', 'custom_overlay1', 'custom_overlay2', 'custom_blue', 'custom_lavender', 'custom_sapphire', 'custom_sky', 'custom_teal', 'custom_green', 'custom_yellow', 'custom_peach', 'custom_maroon', 'custom_red', 'custom_mauve', 'custom_pink', 'custom_flamingo', 'custom_rosewater', 'auto_check_updates', 'exe_creation_path', 'data_folder_path']
2026-08-06 20:15:45,728 - INFO - Setting 'dummy_alarm_type' updated and saved
2026-08-06 20:15:45,728 - DEBUG - SET setting 'dummy_alarm_sound_path':  (previous: )
2026-08-06 20:15:45,728 - DEBUG - Attempting to save 41 settings to: C:\Users\user\OneDrive\Desktop\DiscordQuestManager\version 1.1.0\dist\DiscordQuestManager-data\settings.json
2026-08-06 20:15:45,728 - INFO - Successfully saved settings to file
2026-08-06 20:15:45,728 - DEBUG - Saved settings keys: ['theme', 'custom_duration', 'remember_duration', 'minimize_to_tray', 'auto_clean_on_exit', 'discord_auto_open', 'multi_quest_limit', 'dummy_cat_selection', 'dummy_alarm_enabled', 'dummy_alarm_type', 'dummy_alarm_sound_path', 'dummy_alarm_volume', 'custom_base', 'custom_mantle', 'custom_surface', 'custom_surface0', 'custom_surface1', 'custom_surface2', 'custom_text', 'custom_subtext0', 'custom_subtext1', 'custom_overlay0', 'custom_overlay1', 'custom_overlay2', 'custom_blue', 'custom_lavender', 'custom_sapphire', 'custom_sky', 'custom_teal', 'custom_green', 'custom_yellow', 'custom_peach', 'custom_maroon', 'custom_red', 'custom_mauve', 'custom_pink', 'custom_flamingo', 'custom_rosewater', 'auto_check_updates', 'exe_creation_path', 'data_folder_path']
2026-08-06 20:15:45,728 - INFO - Setting 'dummy_alarm_sound_path' updated and saved
2026-08-06 20:15:45,728 - DEBUG - SET setting 'dummy_alarm_volume': 100 (previous: 100)
2026-08-06 20:15:45,729 - DEBUG - Attempting to save 41 settings to: C:\Users\user\OneDrive\Desktop\DiscordQuestManager\version 1.1.0\dist\DiscordQuestManager-data\settings.json
2026-08-06 20:15:45,729 - INFO - Successfully saved settings to file
2026-08-06 20:15:45,729 - DEBUG - Saved settings keys: ['theme', 'custom_duration', 'remember_duration', 'minimize_to_tray', 'auto_clean_on_exit', 'discord_auto_open', 'multi_quest_limit', 'dummy_cat_selection', 'dummy_alarm_enabled', 'dummy_alarm_type', 'dummy_alarm_sound_path', 'dummy_alarm_volume', 'custom_base', 'custom_mantle', 'custom_surface', 'custom_surface0', 'custom_surface1', 'custom_surface2', 'custom_text', 'custom_subtext0', 'custom_subtext1', 'custom_overlay0', 'custom_overlay1', 'custom_overlay2', 'custom_blue', 'custom_lavender', 'custom_sapphire', 'custom_sky', 'custom_teal', 'custom_green', 'custom_yellow', 'custom_peach', 'custom_maroon', 'custom_red', 'custom_mauve', 'custom_pink', 'custom_flamingo', 'custom_rosewater', 'auto_check_updates', 'exe_creation_path', 'data_folder_path']
2026-08-06 20:15:45,730 - INFO - Setting 'dummy_alarm_volume' updated and saved
2026-08-06 20:15:45,730 - DEBUG - SET setting 'exe_creation_path':  (previous: )
2026-08-06 20:15:45,730 - DEBUG - Attempting to save 41 settings to: C:\Users\user\OneDrive\Desktop\DiscordQuestManager\version 1.1.0\dist\DiscordQuestManager-data\settings.json
2026-08-06 20:15:45,730 - INFO - Successfully saved settings to file
2026-08-06 20:15:45,730 - DEBUG - Saved settings keys: ['theme', 'custom_duration', 'remember_duration', 'minimize_to_tray', 'auto_clean_on_exit', 'discord_auto_open', 'multi_quest_limit', 'dummy_cat_selection', 'dummy_alarm_enabled', 'dummy_alarm_type', 'dummy_alarm_sound_path', 'dummy_alarm_volume', 'custom_base', 'custom_mantle', 'custom_surface', 'custom_surface0', 'custom_surface1', 'custom_surface2', 'custom_text', 'custom_subtext0', 'custom_subtext1', 'custom_overlay0', 'custom_overlay1', 'custom_overlay2', 'custom_blue', 'custom_lavender', 'custom_sapphire', 'custom_sky', 'custom_teal', 'custom_green', 'custom_yellow', 'custom_peach', 'custom_maroon', 'custom_red', 'custom_mauve', 'custom_pink', 'custom_flamingo', 'custom_rosewater', 'auto_check_updates', 'exe_creation_path', 'data_folder_path']
2026-08-06 20:15:45,730 - INFO - Setting 'exe_creation_path' updated and saved
2026-08-06 20:15:45,730 - DEBUG - SET setting 'data_folder_path':  (previous: )
2026-08-06 20:15:45,730 - DEBUG - Attempting to save 41 settings to: C:\Users\user\OneDrive\Desktop\DiscordQuestManager\version 1.1.0\dist\DiscordQuestManager-data\settings.json
2026-08-06 20:15:45,731 - INFO - Successfully saved settings to file
2026-08-06 20:15:45,731 - DEBUG - Saved settings keys: ['theme', 'custom_duration', 'remember_duration', 'minimize_to_tray', 'auto_clean_on_exit', 'discord_auto_open', 'multi_quest_limit', 'dummy_cat_selection', 'dummy_alarm_enabled', 'dummy_alarm_type', 'dummy_alarm_sound_path', 'dummy_alarm_volume', 'custom_base', 'custom_mantle', 'custom_surface', 'custom_surface0', 'custom_surface1', 'custom_surface2', 'custom_text', 'custom_subtext0', 'custom_subtext1', 'custom_overlay0', 'custom_overlay1', 'custom_overlay2', 'custom_blue', 'custom_lavender', 'custom_sapphire', 'custom_sky', 'custom_teal', 'custom_green', 'custom_yellow', 'custom_peach', 'custom_maroon', 'custom_red', 'custom_mauve', 'custom_pink', 'custom_flamingo', 'custom_rosewater', 'auto_check_updates', 'exe_creation_path', 'data_folder_path']
2026-08-06 20:15:45,731 - INFO - Setting 'data_folder_path' updated and saved
2026-08-06 20:15:45,731 - DEBUG - GET setting 'custom_duration': 5 (default: 15)
2026-08-06 20:15:45,731 - DEBUG - GET setting 'multi_quest_limit': 0 (default: 0)
2026-08-06 20:15:45,731 - DEBUG - GET setting 'remember_duration': True (default: True)
2026-08-06 20:15:45,731 - DEBUG - GET setting 'minimize_to_tray': False (default: False)
2026-08-06 20:15:45,731 - DEBUG - GET setting 'auto_clean_on_exit': True (default: True)
2026-08-06 20:15:45,731 - DEBUG - GET setting 'discord_auto_open': True (default: True)
2026-08-06 20:15:45,731 - DEBUG - GET setting 'auto_check_updates': False (default: True)
2026-08-06 20:15:45,731 - DEBUG - GET setting 'dummy_cat_selection': Cat-1 (default: Cat-1)
2026-08-06 20:15:45,731 - DEBUG - GET setting 'exe_creation_path':  (default: )
2026-08-06 20:15:45,731 - DEBUG - GET setting 'data_folder_path':  (default: )
2026-08-06 20:15:45,731 - INFO - Settings saved successfully
2026-08-06 20:16:27,381 - DEBUG - GET_ALL: Returning 41 settings
2026-08-06 20:16:27,405 - DEBUG - STREAM b'IHDR' 16 13
2026-08-06 20:16:27,405 - DEBUG - STREAM b'pHYs' 41 9
2026-08-06 20:16:27,406 - DEBUG - STREAM b'tEXt' 62 25
2026-08-06 20:16:27,406 - DEBUG - STREAM b'IDAT' 99 8192
2026-08-06 20:16:27,460 - DEBUG - STREAM b'IHDR' 16 13
2026-08-06 20:16:27,460 - DEBUG - STREAM b'sBIT' 41 4
2026-08-06 20:16:27,461 - DEBUG - b'sBIT' 41 4 (unknown)
2026-08-06 20:16:27,461 - DEBUG - STREAM b'pHYs' 57 9
2026-08-06 20:16:27,461 - DEBUG - STREAM b'tEXt' 78 25
2026-08-06 20:16:27,461 - DEBUG - STREAM b'IDAT' 115 7521
2026-08-06 20:16:27,528 - DEBUG - Building row for: base
2026-08-06 20:16:27,528 - DEBUG - Successfully built row for: base
2026-08-06 20:16:27,528 - DEBUG - Building row for: mantle
2026-08-06 20:16:27,529 - DEBUG - Successfully built row for: mantle
2026-08-06 20:16:27,529 - DEBUG - Building row for: surface
2026-08-06 20:16:27,529 - DEBUG - Successfully built row for: surface
2026-08-06 20:16:27,529 - DEBUG - Building row for: surface0
2026-08-06 20:16:27,529 - DEBUG - Successfully built row for: surface0
2026-08-06 20:16:27,529 - DEBUG - Building row for: surface1
2026-08-06 20:16:27,530 - DEBUG - Successfully built row for: surface1
2026-08-06 20:16:27,530 - DEBUG - Building row for: surface2
2026-08-06 20:16:27,530 - DEBUG - Successfully built row for: surface2
2026-08-06 20:16:27,530 - DEBUG - Building row for: text
2026-08-06 20:16:27,530 - DEBUG - Successfully built row for: text
2026-08-06 20:16:27,530 - DEBUG - Building row for: subtext0
2026-08-06 20:16:27,531 - DEBUG - Successfully built row for: subtext0
2026-08-06 20:16:27,531 - DEBUG - Building row for: subtext1
2026-08-06 20:16:27,531 - DEBUG - Successfully built row for: subtext1
2026-08-06 20:16:27,531 - DEBUG - Building row for: overlay0
2026-08-06 20:16:27,531 - DEBUG - Successfully built row for: overlay0
2026-08-06 20:16:27,549 - INFO - set_theme called with theme: mocha, custom_colors: False
2026-08-06 20:16:27,549 - INFO - Setting built-in theme: mocha
2026-08-06 20:16:27,549 - INFO - Loaded 26 colors from mocha.json
2026-08-06 20:16:27,549 - INFO - Theme set to: mocha with 26 colors
2026-08-06 20:16:27,549 - INFO - Calling theme change callback
2026-08-06 20:16:27,559 - DEBUG - STREAM b'IHDR' 16 13
2026-08-06 20:16:27,559 - DEBUG - STREAM b'sRGB' 41 1
2026-08-06 20:16:27,559 - DEBUG - STREAM b'IDAT' 54 292
2026-08-06 20:16:27,560 - DEBUG - STREAM b'IHDR' 16 13
2026-08-06 20:16:27,560 - DEBUG - STREAM b'sRGB' 41 1
2026-08-06 20:16:27,560 - DEBUG - STREAM b'IDAT' 54 183
2026-08-06 20:16:27,561 - DEBUG - STREAM b'IHDR' 16 13
2026-08-06 20:16:27,561 - DEBUG - STREAM b'sRGB' 41 1
2026-08-06 20:16:27,561 - DEBUG - STREAM b'IDAT' 54 234
2026-08-06 20:16:27,562 - DEBUG - STREAM b'IHDR' 16 13
2026-08-06 20:16:27,562 - DEBUG - STREAM b'sRGB' 41 1
2026-08-06 20:16:27,562 - DEBUG - STREAM b'IDAT' 54 286
2026-08-06 20:16:27,562 - DEBUG - STREAM b'IHDR' 16 13
2026-08-06 20:16:27,563 - DEBUG - STREAM b'sRGB' 41 1
2026-08-06 20:16:27,563 - DEBUG - STREAM b'IDAT' 54 298
2026-08-06 20:16:27,563 - DEBUG - STREAM b'IHDR' 16 13
2026-08-06 20:16:27,563 - DEBUG - STREAM b'sRGB' 41 1
2026-08-06 20:16:27,563 - DEBUG - STREAM b'IDAT' 54 338
2026-08-06 20:16:28,723 - INFO - set_theme called with theme: latte, custom_colors: False
2026-08-06 20:16:28,723 - INFO - Setting built-in theme: latte
2026-08-06 20:16:28,724 - INFO - Loaded 26 colors from latte.json
2026-08-06 20:16:28,724 - INFO - Theme set to: latte with 26 colors
2026-08-06 20:16:28,724 - INFO - Calling theme change callback
2026-08-06 20:16:29,779 - INFO - Save button clicked - starting save process
2026-08-06 20:16:29,810 - DEBUG - Created new_settings dict with 15 keys
2026-08-06 20:16:29,810 - DEBUG - Theme changed: True, Is custom theme: False
2026-08-06 20:16:29,810 - INFO - Calling theme change callback
2026-08-06 20:16:29,810 - INFO - set_theme called with theme: latte, custom_colors: False
2026-08-06 20:16:29,811 - INFO - Setting built-in theme: latte
2026-08-06 20:16:29,811 - INFO - Loaded 26 colors from latte.json
2026-08-06 20:16:29,811 - INFO - Theme set to: latte with 26 colors
2026-08-06 20:16:29,811 - INFO - Calling theme change callback
2026-08-06 20:16:29,822 - INFO - Calling on_save callback
2026-08-06 20:16:29,822 - DEBUG - SET setting 'theme': latte (previous: mocha)
2026-08-06 20:16:29,822 - DEBUG - Attempting to save 41 settings to: C:\Users\user\OneDrive\Desktop\DiscordQuestManager\version 1.1.0\dist\DiscordQuestManager-data\settings.json
2026-08-06 20:16:29,822 - INFO - Successfully saved settings to file
2026-08-06 20:16:29,823 - DEBUG - Saved settings keys: ['theme', 'custom_duration', 'remember_duration', 'minimize_to_tray', 'auto_clean_on_exit', 'discord_auto_open', 'multi_quest_limit', 'dummy_cat_selection', 'dummy_alarm_enabled', 'dummy_alarm_type', 'dummy_alarm_sound_path', 'dummy_alarm_volume', 'custom_base', 'custom_mantle', 'custom_surface', 'custom_surface0', 'custom_surface1', 'custom_surface2', 'custom_text', 'custom_subtext0', 'custom_subtext1', 'custom_overlay0', 'custom_overlay1', 'custom_overlay2', 'custom_blue', 'custom_lavender', 'custom_sapphire', 'custom_sky', 'custom_teal', 'custom_green', 'custom_yellow', 'custom_peach', 'custom_maroon', 'custom_red', 'custom_mauve', 'custom_pink', 'custom_flamingo', 'custom_rosewater', 'auto_check_updates', 'exe_creation_path', 'data_folder_path']
2026-08-06 20:16:29,823 - INFO - Setting 'theme' updated and saved
2026-08-06 20:16:29,823 - DEBUG - SET setting 'custom_duration': 5 (previous: 5)
2026-08-06 20:16:29,823 - DEBUG - Attempting to save 41 settings to: C:\Users\user\OneDrive\Desktop\DiscordQuestManager\version 1.1.0\dist\DiscordQuestManager-data\settings.json
2026-08-06 20:16:29,823 - INFO - Successfully saved settings to file
2026-08-06 20:16:29,823 - DEBUG - Saved settings keys: ['theme', 'custom_duration', 'remember_duration', 'minimize_to_tray', 'auto_clean_on_exit', 'discord_auto_open', 'multi_quest_limit', 'dummy_cat_selection', 'dummy_alarm_enabled', 'dummy_alarm_type', 'dummy_alarm_sound_path', 'dummy_alarm_volume', 'custom_base', 'custom_mantle', 'custom_surface', 'custom_surface0', 'custom_surface1', 'custom_surface2', 'custom_text', 'custom_subtext0', 'custom_subtext1', 'custom_overlay0', 'custom_overlay1', 'custom_overlay2', 'custom_blue', 'custom_lavender', 'custom_sapphire', 'custom_sky', 'custom_teal', 'custom_green', 'custom_yellow', 'custom_peach', 'custom_maroon', 'custom_red', 'custom_mauve', 'custom_pink', 'custom_flamingo', 'custom_rosewater', 'auto_check_updates', 'exe_creation_path', 'data_folder_path']
2026-08-06 20:16:29,823 - INFO - Setting 'custom_duration' updated and saved
2026-08-06 20:16:29,823 - DEBUG - SET setting 'remember_duration': True (previous: True)
2026-08-06 20:16:29,823 - DEBUG - Attempting to save 41 settings to: C:\Users\user\OneDrive\Desktop\DiscordQuestManager\version 1.1.0\dist\DiscordQuestManager-data\settings.json
2026-08-06 20:16:29,834 - INFO - Successfully saved settings to file
2026-08-06 20:16:29,834 - DEBUG - Saved settings keys: ['theme', 'custom_duration', 'remember_duration', 'minimize_to_tray', 'auto_clean_on_exit', 'discord_auto_open', 'multi_quest_limit', 'dummy_cat_selection', 'dummy_alarm_enabled', 'dummy_alarm_type', 'dummy_alarm_sound_path', 'dummy_alarm_volume', 'custom_base', 'custom_mantle', 'custom_surface', 'custom_surface0', 'custom_surface1', 'custom_surface2', 'custom_text', 'custom_subtext0', 'custom_subtext1', 'custom_overlay0', 'custom_overlay1', 'custom_overlay2', 'custom_blue', 'custom_lavender', 'custom_sapphire', 'custom_sky', 'custom_teal', 'custom_green', 'custom_yellow', 'custom_peach', 'custom_maroon', 'custom_red', 'custom_mauve', 'custom_pink', 'custom_flamingo', 'custom_rosewater', 'auto_check_updates', 'exe_creation_path', 'data_folder_path']
2026-08-06 20:16:29,834 - INFO - Setting 'remember_duration' updated and saved
2026-08-06 20:16:29,834 - DEBUG - SET setting 'minimize_to_tray': False (previous: False)
2026-08-06 20:16:29,834 - DEBUG - Attempting to save 41 settings to: C:\Users\user\OneDrive\Desktop\DiscordQuestManager\version 1.1.0\dist\DiscordQuestManager-data\settings.json
2026-08-06 20:16:29,834 - INFO - Successfully saved settings to file
2026-08-06 20:16:29,835 - DEBUG - Saved settings keys: ['theme', 'custom_duration', 'remember_duration', 'minimize_to_tray', 'auto_clean_on_exit', 'discord_auto_open', 'multi_quest_limit', 'dummy_cat_selection', 'dummy_alarm_enabled', 'dummy_alarm_type', 'dummy_alarm_sound_path', 'dummy_alarm_volume', 'custom_base', 'custom_mantle', 'custom_surface', 'custom_surface0', 'custom_surface1', 'custom_surface2', 'custom_text', 'custom_subtext0', 'custom_subtext1', 'custom_overlay0', 'custom_overlay1', 'custom_overlay2', 'custom_blue', 'custom_lavender', 'custom_sapphire', 'custom_sky', 'custom_teal', 'custom_green', 'custom_yellow', 'custom_peach', 'custom_maroon', 'custom_red', 'custom_mauve', 'custom_pink', 'custom_flamingo', 'custom_rosewater', 'auto_check_updates', 'exe_creation_path', 'data_folder_path']
2026-08-06 20:16:29,835 - INFO - Setting 'minimize_to_tray' updated and saved
2026-08-06 20:16:29,835 - DEBUG - SET setting 'auto_clean_on_exit': True (previous: True)
2026-08-06 20:16:29,835 - DEBUG - Attempting to save 41 settings to: C:\Users\user\OneDrive\Desktop\DiscordQuestManager\version 1.1.0\dist\DiscordQuestManager-data\settings.json
2026-08-06 20:16:29,835 - INFO - Successfully saved settings to file
2026-08-06 20:16:29,835 - DEBUG - Saved settings keys: ['theme', 'custom_duration', 'remember_duration', 'minimize_to_tray', 'auto_clean_on_exit', 'discord_auto_open', 'multi_quest_limit', 'dummy_cat_selection', 'dummy_alarm_enabled', 'dummy_alarm_type', 'dummy_alarm_sound_path', 'dummy_alarm_volume', 'custom_base', 'custom_mantle', 'custom_surface', 'custom_surface0', 'custom_surface1', 'custom_surface2', 'custom_text', 'custom_subtext0', 'custom_subtext1', 'custom_overlay0', 'custom_overlay1', 'custom_overlay2', 'custom_blue', 'custom_lavender', 'custom_sapphire', 'custom_sky', 'custom_teal', 'custom_green', 'custom_yellow', 'custom_peach', 'custom_maroon', 'custom_red', 'custom_mauve', 'custom_pink', 'custom_flamingo', 'custom_rosewater', 'auto_check_updates', 'exe_creation_path', 'data_folder_path']
2026-08-06 20:16:29,835 - INFO - Setting 'auto_clean_on_exit' updated and saved
2026-08-06 20:16:29,835 - DEBUG - SET setting 'discord_auto_open': True (previous: True)
2026-08-06 20:16:29,835 - DEBUG - Attempting to save 41 settings to: C:\Users\user\OneDrive\Desktop\DiscordQuestManager\version 1.1.0\dist\DiscordQuestManager-data\settings.json
2026-08-06 20:16:29,836 - INFO - Successfully saved settings to file
2026-08-06 20:16:29,836 - DEBUG - Saved settings keys: ['theme', 'custom_duration', 'remember_duration', 'minimize_to_tray', 'auto_clean_on_exit', 'discord_auto_open', 'multi_quest_limit', 'dummy_cat_selection', 'dummy_alarm_enabled', 'dummy_alarm_type', 'dummy_alarm_sound_path', 'dummy_alarm_volume', 'custom_base', 'custom_mantle', 'custom_surface', 'custom_surface0', 'custom_surface1', 'custom_surface2', 'custom_text', 'custom_subtext0', 'custom_subtext1', 'custom_overlay0', 'custom_overlay1', 'custom_overlay2', 'custom_blue', 'custom_lavender', 'custom_sapphire', 'custom_sky', 'custom_teal', 'custom_green', 'custom_yellow', 'custom_peach', 'custom_maroon', 'custom_red', 'custom_mauve', 'custom_pink', 'custom_flamingo', 'custom_rosewater', 'auto_check_updates', 'exe_creation_path', 'data_folder_path']
2026-08-06 20:16:29,836 - INFO - Setting 'discord_auto_open' updated and saved
2026-08-06 20:16:29,836 - DEBUG - SET setting 'multi_quest_limit': 0 (previous: 0)
2026-08-06 20:16:29,836 - DEBUG - Attempting to save 41 settings to: C:\Users\user\OneDrive\Desktop\DiscordQuestManager\version 1.1.0\dist\DiscordQuestManager-data\settings.json
2026-08-06 20:16:29,836 - INFO - Successfully saved settings to file
2026-08-06 20:16:29,837 - DEBUG - Saved settings keys: ['theme', 'custom_duration', 'remember_duration', 'minimize_to_tray', 'auto_clean_on_exit', 'discord_auto_open', 'multi_quest_limit', 'dummy_cat_selection', 'dummy_alarm_enabled', 'dummy_alarm_type', 'dummy_alarm_sound_path', 'dummy_alarm_volume', 'custom_base', 'custom_mantle', 'custom_surface', 'custom_surface0', 'custom_surface1', 'custom_surface2', 'custom_text', 'custom_subtext0', 'custom_subtext1', 'custom_overlay0', 'custom_overlay1', 'custom_overlay2', 'custom_blue', 'custom_lavender', 'custom_sapphire', 'custom_sky', 'custom_teal', 'custom_green', 'custom_yellow', 'custom_peach', 'custom_maroon', 'custom_red', 'custom_mauve', 'custom_pink', 'custom_flamingo', 'custom_rosewater', 'auto_check_updates', 'exe_creation_path', 'data_folder_path']
2026-08-06 20:16:29,837 - INFO - Setting 'multi_quest_limit' updated and saved
2026-08-06 20:16:29,837 - DEBUG - SET setting 'auto_check_updates': False (previous: False)
2026-08-06 20:16:29,837 - DEBUG - Attempting to save 41 settings to: C:\Users\user\OneDrive\Desktop\DiscordQuestManager\version 1.1.0\dist\DiscordQuestManager-data\settings.json
2026-08-06 20:16:29,837 - INFO - Successfully saved settings to file
2026-08-06 20:16:29,837 - DEBUG - Saved settings keys: ['theme', 'custom_duration', 'remember_duration', 'minimize_to_tray', 'auto_clean_on_exit', 'discord_auto_open', 'multi_quest_limit', 'dummy_cat_selection', 'dummy_alarm_enabled', 'dummy_alarm_type', 'dummy_alarm_sound_path', 'dummy_alarm_volume', 'custom_base', 'custom_mantle', 'custom_surface', 'custom_surface0', 'custom_surface1', 'custom_surface2', 'custom_text', 'custom_subtext0', 'custom_subtext1', 'custom_overlay0', 'custom_overlay1', 'custom_overlay2', 'custom_blue', 'custom_lavender', 'custom_sapphire', 'custom_sky', 'custom_teal', 'custom_green', 'custom_yellow', 'custom_peach', 'custom_maroon', 'custom_red', 'custom_mauve', 'custom_pink', 'custom_flamingo', 'custom_rosewater', 'auto_check_updates', 'exe_creation_path', 'data_folder_path']
2026-08-06 20:16:29,837 - INFO - Setting 'auto_check_updates' updated and saved
2026-08-06 20:16:29,837 - DEBUG - SET setting 'dummy_cat_selection': Cat-1 (previous: Cat-1)
2026-08-06 20:16:29,837 - DEBUG - Attempting to save 41 settings to: C:\Users\user\OneDrive\Desktop\DiscordQuestManager\version 1.1.0\dist\DiscordQuestManager-data\settings.json
2026-08-06 20:16:29,838 - INFO - Successfully saved settings to file
2026-08-06 20:16:29,838 - DEBUG - Saved settings keys: ['theme', 'custom_duration', 'remember_duration', 'minimize_to_tray', 'auto_clean_on_exit', 'discord_auto_open', 'multi_quest_limit', 'dummy_cat_selection', 'dummy_alarm_enabled', 'dummy_alarm_type', 'dummy_alarm_sound_path', 'dummy_alarm_volume', 'custom_base', 'custom_mantle', 'custom_surface', 'custom_surface0', 'custom_surface1', 'custom_surface2', 'custom_text', 'custom_subtext0', 'custom_subtext1', 'custom_overlay0', 'custom_overlay1', 'custom_overlay2', 'custom_blue', 'custom_lavender', 'custom_sapphire', 'custom_sky', 'custom_teal', 'custom_green', 'custom_yellow', 'custom_peach', 'custom_maroon', 'custom_red', 'custom_mauve', 'custom_pink', 'custom_flamingo', 'custom_rosewater', 'auto_check_updates', 'exe_creation_path', 'data_folder_path']
2026-08-06 20:16:29,838 - INFO - Setting 'dummy_cat_selection' updated and saved
2026-08-06 20:16:29,838 - DEBUG - SET setting 'dummy_alarm_enabled': True (previous: True)
2026-08-06 20:16:29,838 - DEBUG - Attempting to save 41 settings to: C:\Users\user\OneDrive\Desktop\DiscordQuestManager\version 1.1.0\dist\DiscordQuestManager-data\settings.json
2026-08-06 20:16:29,839 - INFO - Successfully saved settings to file
2026-08-06 20:16:29,839 - DEBUG - Saved settings keys: ['theme', 'custom_duration', 'remember_duration', 'minimize_to_tray', 'auto_clean_on_exit', 'discord_auto_open', 'multi_quest_limit', 'dummy_cat_selection', 'dummy_alarm_enabled', 'dummy_alarm_type', 'dummy_alarm_sound_path', 'dummy_alarm_volume', 'custom_base', 'custom_mantle', 'custom_surface', 'custom_surface0', 'custom_surface1', 'custom_surface2', 'custom_text', 'custom_subtext0', 'custom_subtext1', 'custom_overlay0', 'custom_overlay1', 'custom_overlay2', 'custom_blue', 'custom_lavender', 'custom_sapphire', 'custom_sky', 'custom_teal', 'custom_green', 'custom_yellow', 'custom_peach', 'custom_maroon', 'custom_red', 'custom_mauve', 'custom_pink', 'custom_flamingo', 'custom_rosewater', 'auto_check_updates', 'exe_creation_path', 'data_folder_path']
2026-08-06 20:16:29,839 - INFO - Setting 'dummy_alarm_enabled' updated and saved
2026-08-06 20:16:29,839 - DEBUG - SET setting 'dummy_alarm_type': default (previous: default)
2026-08-06 20:16:29,839 - DEBUG - Attempting to save 41 settings to: C:\Users\user\OneDrive\Desktop\DiscordQuestManager\version 1.1.0\dist\DiscordQuestManager-data\settings.json
2026-08-06 20:16:29,839 - INFO - Successfully saved settings to file
2026-08-06 20:16:29,840 - DEBUG - Saved settings keys: ['theme', 'custom_duration', 'remember_duration', 'minimize_to_tray', 'auto_clean_on_exit', 'discord_auto_open', 'multi_quest_limit', 'dummy_cat_selection', 'dummy_alarm_enabled', 'dummy_alarm_type', 'dummy_alarm_sound_path', 'dummy_alarm_volume', 'custom_base', 'custom_mantle', 'custom_surface', 'custom_surface0', 'custom_surface1', 'custom_surface2', 'custom_text', 'custom_subtext0', 'custom_subtext1', 'custom_overlay0', 'custom_overlay1', 'custom_overlay2', 'custom_blue', 'custom_lavender', 'custom_sapphire', 'custom_sky', 'custom_teal', 'custom_green', 'custom_yellow', 'custom_peach', 'custom_maroon', 'custom_red', 'custom_mauve', 'custom_pink', 'custom_flamingo', 'custom_rosewater', 'auto_check_updates', 'exe_creation_path', 'data_folder_path']
2026-08-06 20:16:29,840 - INFO - Setting 'dummy_alarm_type' updated and saved
2026-08-06 20:16:29,840 - DEBUG - SET setting 'dummy_alarm_sound_path':  (previous: )
2026-08-06 20:16:29,840 - DEBUG - Attempting to save 41 settings to: C:\Users\user\OneDrive\Desktop\DiscordQuestManager\version 1.1.0\dist\DiscordQuestManager-data\settings.json
2026-08-06 20:16:29,840 - INFO - Successfully saved settings to file
2026-08-06 20:16:29,840 - DEBUG - Saved settings keys: ['theme', 'custom_duration', 'remember_duration', 'minimize_to_tray', 'auto_clean_on_exit', 'discord_auto_open', 'multi_quest_limit', 'dummy_cat_selection', 'dummy_alarm_enabled', 'dummy_alarm_type', 'dummy_alarm_sound_path', 'dummy_alarm_volume', 'custom_base', 'custom_mantle', 'custom_surface', 'custom_surface0', 'custom_surface1', 'custom_surface2', 'custom_text', 'custom_subtext0', 'custom_subtext1', 'custom_overlay0', 'custom_overlay1', 'custom_overlay2', 'custom_blue', 'custom_lavender', 'custom_sapphire', 'custom_sky', 'custom_teal', 'custom_green', 'custom_yellow', 'custom_peach', 'custom_maroon', 'custom_red', 'custom_mauve', 'custom_pink', 'custom_flamingo', 'custom_rosewater', 'auto_check_updates', 'exe_creation_path', 'data_folder_path']
2026-08-06 20:16:29,840 - INFO - Setting 'dummy_alarm_sound_path' updated and saved
2026-08-06 20:16:29,840 - DEBUG - SET setting 'dummy_alarm_volume': 100 (previous: 100)
2026-08-06 20:16:29,840 - DEBUG - Attempting to save 41 settings to: C:\Users\user\OneDrive\Desktop\DiscordQuestManager\version 1.1.0\dist\DiscordQuestManager-data\settings.json
2026-08-06 20:16:29,841 - INFO - Successfully saved settings to file
2026-08-06 20:16:29,841 - DEBUG - Saved settings keys: ['theme', 'custom_duration', 'remember_duration', 'minimize_to_tray', 'auto_clean_on_exit', 'discord_auto_open', 'multi_quest_limit', 'dummy_cat_selection', 'dummy_alarm_enabled', 'dummy_alarm_type', 'dummy_alarm_sound_path', 'dummy_alarm_volume', 'custom_base', 'custom_mantle', 'custom_surface', 'custom_surface0', 'custom_surface1', 'custom_surface2', 'custom_text', 'custom_subtext0', 'custom_subtext1', 'custom_overlay0', 'custom_overlay1', 'custom_overlay2', 'custom_blue', 'custom_lavender', 'custom_sapphire', 'custom_sky', 'custom_teal', 'custom_green', 'custom_yellow', 'custom_peach', 'custom_maroon', 'custom_red', 'custom_mauve', 'custom_pink', 'custom_flamingo', 'custom_rosewater', 'auto_check_updates', 'exe_creation_path', 'data_folder_path']
2026-08-06 20:16:29,841 - INFO - Setting 'dummy_alarm_volume' updated and saved
2026-08-06 20:16:29,841 - DEBUG - SET setting 'exe_creation_path':  (previous: )
2026-08-06 20:16:29,841 - DEBUG - Attempting to save 41 settings to: C:\Users\user\OneDrive\Desktop\DiscordQuestManager\version 1.1.0\dist\DiscordQuestManager-data\settings.json
2026-08-06 20:16:29,841 - INFO - Successfully saved settings to file
2026-08-06 20:16:29,841 - DEBUG - Saved settings keys: ['theme', 'custom_duration', 'remember_duration', 'minimize_to_tray', 'auto_clean_on_exit', 'discord_auto_open', 'multi_quest_limit', 'dummy_cat_selection', 'dummy_alarm_enabled', 'dummy_alarm_type', 'dummy_alarm_sound_path', 'dummy_alarm_volume', 'custom_base', 'custom_mantle', 'custom_surface', 'custom_surface0', 'custom_surface1', 'custom_surface2', 'custom_text', 'custom_subtext0', 'custom_subtext1', 'custom_overlay0', 'custom_overlay1', 'custom_overlay2', 'custom_blue', 'custom_lavender', 'custom_sapphire', 'custom_sky', 'custom_teal', 'custom_green', 'custom_yellow', 'custom_peach', 'custom_maroon', 'custom_red', 'custom_mauve', 'custom_pink', 'custom_flamingo', 'custom_rosewater', 'auto_check_updates', 'exe_creation_path', 'data_folder_path']
2026-08-06 20:16:29,841 - INFO - Setting 'exe_creation_path' updated and saved
2026-08-06 20:16:29,841 - DEBUG - SET setting 'data_folder_path':  (previous: )
2026-08-06 20:16:29,841 - DEBUG - Attempting to save 41 settings to: C:\Users\user\OneDrive\Desktop\DiscordQuestManager\version 1.1.0\dist\DiscordQuestManager-data\settings.json
2026-08-06 20:16:29,842 - INFO - Successfully saved settings to file
2026-08-06 20:16:29,842 - DEBUG - Saved settings keys: ['theme', 'custom_duration', 'remember_duration', 'minimize_to_tray', 'auto_clean_on_exit', 'discord_auto_open', 'multi_quest_limit', 'dummy_cat_selection', 'dummy_alarm_enabled', 'dummy_alarm_type', 'dummy_alarm_sound_path', 'dummy_alarm_volume', 'custom_base', 'custom_mantle', 'custom_surface', 'custom_surface0', 'custom_surface1', 'custom_surface2', 'custom_text', 'custom_subtext0', 'custom_subtext1', 'custom_overlay0', 'custom_overlay1', 'custom_overlay2', 'custom_blue', 'custom_lavender', 'custom_sapphire', 'custom_sky', 'custom_teal', 'custom_green', 'custom_yellow', 'custom_peach', 'custom_maroon', 'custom_red', 'custom_mauve', 'custom_pink', 'custom_flamingo', 'custom_rosewater', 'auto_check_updates', 'exe_creation_path', 'data_folder_path']
2026-08-06 20:16:29,842 - INFO - Setting 'data_folder_path' updated and saved
2026-08-06 20:16:29,842 - DEBUG - GET setting 'custom_duration': 5 (default: 15)
2026-08-06 20:16:29,842 - DEBUG - GET setting 'multi_quest_limit': 0 (default: 0)
2026-08-06 20:16:29,842 - DEBUG - GET setting 'remember_duration': True (default: True)
2026-08-06 20:16:29,842 - DEBUG - GET setting 'minimize_to_tray': False (default: False)
2026-08-06 20:16:29,842 - DEBUG - GET setting 'auto_clean_on_exit': True (default: True)
2026-08-06 20:16:29,842 - DEBUG - GET setting 'discord_auto_open': True (default: True)
2026-08-06 20:16:29,842 - DEBUG - GET setting 'auto_check_updates': False (default: True)
2026-08-06 20:16:29,842 - DEBUG - GET setting 'dummy_cat_selection': Cat-1 (default: Cat-1)
2026-08-06 20:16:29,842 - DEBUG - GET setting 'exe_creation_path':  (default: )
2026-08-06 20:16:29,842 - DEBUG - GET setting 'data_folder_path':  (default: )
2026-08-06 20:16:29,842 - INFO - Settings saved successfully
2026-08-06 20:16:33,012 - DEBUG - GET_ALL: Returning 41 settings
2026-08-06 20:16:33,032 - DEBUG - STREAM b'IHDR' 16 13
2026-08-06 20:16:33,032 - DEBUG - STREAM b'pHYs' 41 9
2026-08-06 20:16:33,033 - DEBUG - STREAM b'tEXt' 62 25
2026-08-06 20:16:33,033 - DEBUG - STREAM b'IDAT' 99 8192
2026-08-06 20:16:33,081 - DEBUG - STREAM b'IHDR' 16 13
2026-08-06 20:16:33,081 - DEBUG - STREAM b'sBIT' 41 4
2026-08-06 20:16:33,081 - DEBUG - b'sBIT' 41 4 (unknown)
2026-08-06 20:16:33,081 - DEBUG - STREAM b'pHYs' 57 9
2026-08-06 20:16:33,081 - DEBUG - STREAM b'tEXt' 78 25
2026-08-06 20:16:33,081 - DEBUG - STREAM b'IDAT' 115 7521
2026-08-06 20:16:33,125 - DEBUG - Building row for: base
2026-08-06 20:16:33,126 - DEBUG - Successfully built row for: base
2026-08-06 20:16:33,126 - DEBUG - Building row for: mantle
2026-08-06 20:16:33,126 - DEBUG - Successfully built row for: mantle
2026-08-06 20:16:33,126 - DEBUG - Building row for: surface
2026-08-06 20:16:33,126 - DEBUG - Successfully built row for: surface
2026-08-06 20:16:33,126 - DEBUG - Building row for: surface0
2026-08-06 20:16:33,127 - DEBUG - Successfully built row for: surface0
2026-08-06 20:16:33,127 - DEBUG - Building row for: surface1
2026-08-06 20:16:33,127 - DEBUG - Successfully built row for: surface1
2026-08-06 20:16:33,127 - DEBUG - Building row for: surface2
2026-08-06 20:16:33,127 - DEBUG - Successfully built row for: surface2
2026-08-06 20:16:33,128 - DEBUG - Building row for: text
2026-08-06 20:16:33,128 - DEBUG - Successfully built row for: text
2026-08-06 20:16:33,128 - DEBUG - Building row for: subtext0
2026-08-06 20:16:33,128 - DEBUG - Successfully built row for: subtext0
2026-08-06 20:16:33,128 - DEBUG - Building row for: subtext1
2026-08-06 20:16:33,128 - DEBUG - Successfully built row for: subtext1
2026-08-06 20:16:33,129 - DEBUG - Building row for: overlay0
2026-08-06 20:16:33,129 - DEBUG - Successfully built row for: overlay0
2026-08-06 20:16:33,145 - INFO - set_theme called with theme: latte, custom_colors: False
2026-08-06 20:16:33,145 - INFO - Setting built-in theme: latte
2026-08-06 20:16:33,146 - INFO - Loaded 26 colors from latte.json
2026-08-06 20:16:33,146 - INFO - Theme set to: latte with 26 colors
2026-08-06 20:16:33,146 - INFO - Calling theme change callback
2026-08-06 20:16:33,156 - DEBUG - STREAM b'IHDR' 16 13
2026-08-06 20:16:33,156 - DEBUG - STREAM b'sRGB' 41 1
2026-08-06 20:16:33,156 - DEBUG - STREAM b'IDAT' 54 292
2026-08-06 20:16:33,157 - DEBUG - STREAM b'IHDR' 16 13
2026-08-06 20:16:33,157 - DEBUG - STREAM b'sRGB' 41 1
2026-08-06 20:16:33,157 - DEBUG - STREAM b'IDAT' 54 183
2026-08-06 20:16:33,158 - DEBUG - STREAM b'IHDR' 16 13
2026-08-06 20:16:33,158 - DEBUG - STREAM b'sRGB' 41 1
2026-08-06 20:16:33,158 - DEBUG - STREAM b'IDAT' 54 234
2026-08-06 20:16:33,159 - DEBUG - STREAM b'IHDR' 16 13
2026-08-06 20:16:33,159 - DEBUG - STREAM b'sRGB' 41 1
2026-08-06 20:16:33,159 - DEBUG - STREAM b'IDAT' 54 286
2026-08-06 20:16:33,160 - DEBUG - STREAM b'IHDR' 16 13
2026-08-06 20:16:33,160 - DEBUG - STREAM b'sRGB' 41 1
2026-08-06 20:16:33,160 - DEBUG - STREAM b'IDAT' 54 298
2026-08-06 20:16:33,161 - DEBUG - STREAM b'IHDR' 16 13
2026-08-06 20:16:33,161 - DEBUG - STREAM b'sRGB' 41 1
2026-08-06 20:16:33,161 - DEBUG - STREAM b'IDAT' 54 338
2026-08-06 20:16:36,123 - INFO - Cancel button clicked - discarding changes
2026-08-06 20:16:36,124 - INFO - Reloaded original settings
2026-08-06 20:17:11,684 - DEBUG - GET setting 'auto_clean_on_exit': True (default: True)
2026-08-06 20:17:24,136 - INFO - Settings dialog logging initialized
2026-08-06 20:17:24,210 - DEBUG - Running in frozen mode, base_dir: C:\Users\user\OneDrive\Desktop\DiscordQuestManager\version 1.1.0\dist
2026-08-06 20:17:24,210 - DEBUG - Settings file path: C:\Users\user\OneDrive\Desktop\DiscordQuestManager\version 1.1.0\dist\DiscordQuestManager-data\settings.json
2026-08-06 20:17:24,210 - INFO - Settings file path: C:\Users\user\OneDrive\Desktop\DiscordQuestManager\version 1.1.0\dist\DiscordQuestManager-data\settings.json
2026-08-06 20:17:24,210 - DEBUG - Loaded default settings with 38 keys
2026-08-06 20:17:24,210 - DEBUG - Attempting to load settings from: C:\Users\user\OneDrive\Desktop\DiscordQuestManager\version 1.1.0\dist\DiscordQuestManager-data\settings.json
2026-08-06 20:17:24,219 - INFO - Successfully loaded 41 settings from file
2026-08-06 20:17:24,219 - DEBUG - Loaded settings keys: ['theme', 'custom_duration', 'remember_duration', 'minimize_to_tray', 'auto_clean_on_exit', 'discord_auto_open', 'multi_quest_limit', 'dummy_cat_selection', 'dummy_alarm_enabled', 'dummy_alarm_type', 'dummy_alarm_sound_path', 'dummy_alarm_volume', 'custom_base', 'custom_mantle', 'custom_surface', 'custom_surface0', 'custom_surface1', 'custom_surface2', 'custom_text', 'custom_subtext0', 'custom_subtext1', 'custom_overlay0', 'custom_overlay1', 'custom_overlay2', 'custom_blue', 'custom_lavender', 'custom_sapphire', 'custom_sky', 'custom_teal', 'custom_green', 'custom_yellow', 'custom_peach', 'custom_maroon', 'custom_red', 'custom_mauve', 'custom_pink', 'custom_flamingo', 'custom_rosewater', 'auto_check_updates', 'exe_creation_path', 'data_folder_path']
2026-08-06 20:17:24,219 - DEBUG - Updated settings, now have 41 total keys
2026-08-06 20:17:24,219 - INFO - SettingsManager initialized with 41 total settings
2026-08-06 20:17:24,220 - INFO - Loaded 26 colors from mocha.json
2026-08-06 20:17:24,221 - DEBUG - GET setting 'theme': latte (default: mocha)
2026-08-06 20:17:24,221 - INFO - set_theme called with theme: latte, custom_colors: False
2026-08-06 20:17:24,221 - INFO - Setting built-in theme: latte
2026-08-06 20:17:24,221 - INFO - Loaded 26 colors from latte.json
2026-08-06 20:17:24,221 - INFO - Theme set to: latte with 26 colors
2026-08-06 20:17:24,221 - WARNING - No theme change callback registered
2026-08-06 20:17:24,221 - DEBUG - GET setting 'custom_duration': 5 (default: 15)
2026-08-06 20:17:24,221 - DEBUG - GET setting 'multi_quest_limit': 0 (default: 0)
2026-08-06 20:17:24,221 - DEBUG - GET setting 'remember_duration': True (default: True)
2026-08-06 20:17:24,221 - DEBUG - GET setting 'minimize_to_tray': False (default: False)
2026-08-06 20:17:24,221 - DEBUG - GET setting 'auto_clean_on_exit': True (default: True)
2026-08-06 20:17:24,221 - DEBUG - GET setting 'discord_auto_open': True (default: True)
2026-08-06 20:17:24,221 - DEBUG - GET setting 'auto_check_updates': False (default: True)
2026-08-06 20:17:24,221 - DEBUG - GET setting 'dummy_cat_selection': Cat-1 (default: Cat-1)
2026-08-06 20:17:24,221 - DEBUG - GET setting 'exe_creation_path':  (default: )
2026-08-06 20:17:24,221 - DEBUG - GET setting 'data_folder_path':  (default: )
2026-08-06 20:17:24,228 - DEBUG - Importing PngImagePlugin
2026-08-06 20:17:24,235 - DEBUG - STREAM b'IHDR' 16 13
2026-08-06 20:17:24,235 - DEBUG - STREAM b'pHYs' 41 9
2026-08-06 20:17:24,235 - DEBUG - STREAM b'tEXt' 62 25
2026-08-06 20:17:24,235 - DEBUG - STREAM b'IDAT' 99 8192
2026-08-06 20:17:24,246 - DEBUG - STREAM b'IHDR' 16 13
2026-08-06 20:17:24,246 - DEBUG - STREAM b'pHYs' 41 9
2026-08-06 20:17:24,246 - DEBUG - STREAM b'tEXt' 62 25
2026-08-06 20:17:24,246 - DEBUG - STREAM b'IDAT' 99 8192
2026-08-06 20:17:24,251 - DEBUG - STREAM b'IHDR' 16 13
2026-08-06 20:17:24,251 - DEBUG - STREAM b'pHYs' 41 9
2026-08-06 20:17:24,251 - DEBUG - STREAM b'tEXt' 62 25
2026-08-06 20:17:24,251 - DEBUG - STREAM b'IDAT' 99 8192
2026-08-06 20:17:24,256 - DEBUG - STREAM b'IHDR' 16 13
2026-08-06 20:17:24,256 - DEBUG - STREAM b'pHYs' 41 9
2026-08-06 20:17:24,256 - DEBUG - STREAM b'tEXt' 62 25
2026-08-06 20:17:24,256 - DEBUG - STREAM b'IDAT' 99 8192
2026-08-06 20:17:24,317 - DEBUG - STREAM b'IHDR' 16 13
2026-08-06 20:17:24,317 - DEBUG - STREAM b'pHYs' 41 9
2026-08-06 20:17:24,317 - DEBUG - STREAM b'tEXt' 62 25
2026-08-06 20:17:24,317 - DEBUG - STREAM b'IDAT' 99 8192
2026-08-06 20:17:24,401 - DEBUG - STREAM b'IHDR' 16 13
2026-08-06 20:17:24,401 - DEBUG - STREAM b'sBIT' 41 4
2026-08-06 20:17:24,401 - DEBUG - b'sBIT' 41 4 (unknown)
2026-08-06 20:17:24,401 - DEBUG - STREAM b'pHYs' 57 9
2026-08-06 20:17:24,401 - DEBUG - STREAM b'tEXt' 78 25
2026-08-06 20:17:24,401 - DEBUG - STREAM b'IDAT' 115 8192
2026-08-06 20:17:24,411 - DEBUG - STREAM b'IHDR' 16 13
2026-08-06 20:17:24,411 - DEBUG - STREAM b'sBIT' 41 4
2026-08-06 20:17:24,411 - DEBUG - b'sBIT' 41 4 (unknown)
2026-08-06 20:17:24,413 - DEBUG - STREAM b'pHYs' 57 9
2026-08-06 20:17:24,413 - DEBUG - STREAM b'tEXt' 78 25
2026-08-06 20:17:24,414 - DEBUG - STREAM b'IDAT' 115 7260
2026-08-06 20:17:24,534 - DEBUG - STREAM b'IHDR' 16 13
2026-08-06 20:17:24,534 - DEBUG - STREAM b'pHYs' 41 9
2026-08-06 20:17:24,534 - DEBUG - STREAM b'tEXt' 62 25
2026-08-06 20:17:24,534 - DEBUG - STREAM b'IDAT' 99 8192
2026-08-06 20:17:24,603 - DEBUG - STREAM b'IHDR' 16 13
2026-08-06 20:17:24,604 - DEBUG - STREAM b'sBIT' 41 4
2026-08-06 20:17:24,604 - DEBUG - b'sBIT' 41 4 (unknown)
2026-08-06 20:17:24,604 - DEBUG - STREAM b'pHYs' 57 9
2026-08-06 20:17:24,604 - DEBUG - STREAM b'tEXt' 78 25
2026-08-06 20:17:24,604 - DEBUG - STREAM b'IDAT' 115 8192
2026-08-06 20:17:24,613 - DEBUG - STREAM b'IHDR' 16 13
2026-08-06 20:17:24,613 - DEBUG - STREAM b'sRGB' 41 1
2026-08-06 20:17:24,613 - DEBUG - STREAM b'IDAT' 54 719
2026-08-06 20:17:24,689 - DEBUG - Importing AvifImagePlugin
2026-08-06 20:17:24,696 - DEBUG - Importing BlpImagePlugin
2026-08-06 20:17:24,698 - DEBUG - Importing BmpImagePlugin
2026-08-06 20:17:24,698 - DEBUG - Importing BufrStubImagePlugin
2026-08-06 20:17:24,699 - DEBUG - Importing CurImagePlugin
2026-08-06 20:17:24,699 - DEBUG - Importing DcxImagePlugin
2026-08-06 20:17:24,700 - DEBUG - Importing DdsImagePlugin
2026-08-06 20:17:24,704 - DEBUG - Importing EpsImagePlugin
2026-08-06 20:17:24,705 - DEBUG - Importing FitsImagePlugin
2026-08-06 20:17:24,706 - DEBUG - Importing FliImagePlugin
2026-08-06 20:17:24,707 - DEBUG - Importing FpxImagePlugin
2026-08-06 20:17:24,708 - DEBUG - Image: failed to import FpxImagePlugin: No module named 'olefile'
2026-08-06 20:17:24,708 - DEBUG - Importing FtexImagePlugin
2026-08-06 20:17:24,708 - DEBUG - Importing GbrImagePlugin
2026-08-06 20:17:24,709 - DEBUG - Importing GifImagePlugin
2026-08-06 20:17:24,709 - DEBUG - Importing GribStubImagePlugin
2026-08-06 20:17:24,709 - DEBUG - Importing Hdf5StubImagePlugin
2026-08-06 20:17:24,710 - DEBUG - Importing IcnsImagePlugin
2026-08-06 20:17:24,711 - DEBUG - Importing IcoImagePlugin
2026-08-06 20:17:24,713 - DEBUG - Importing ImImagePlugin
2026-08-06 20:17:24,713 - DEBUG - Importing ImtImagePlugin
2026-08-06 20:17:24,714 - DEBUG - Importing IptcImagePlugin
2026-08-06 20:17:24,714 - DEBUG - Importing JpegImagePlugin
2026-08-06 20:17:24,715 - DEBUG - Importing Jpeg2KImagePlugin
2026-08-06 20:17:24,715 - DEBUG - Importing McIdasImagePlugin
2026-08-06 20:17:24,715 - DEBUG - Importing MicImagePlugin
2026-08-06 20:17:24,716 - DEBUG - Image: failed to import MicImagePlugin: No module named 'olefile'
2026-08-06 20:17:24,716 - DEBUG - Importing MpegImagePlugin
2026-08-06 20:17:24,716 - DEBUG - Importing MpoImagePlugin
2026-08-06 20:17:24,718 - DEBUG - Importing MspImagePlugin
2026-08-06 20:17:24,719 - DEBUG - Importing PalmImagePlugin
2026-08-06 20:17:24,720 - DEBUG - Importing PcdImagePlugin
2026-08-06 20:17:24,721 - DEBUG - Importing PcxImagePlugin
2026-08-06 20:17:24,721 - DEBUG - Importing PdfImagePlugin
2026-08-06 20:17:24,727 - DEBUG - Importing PixarImagePlugin
2026-08-06 20:17:24,728 - DEBUG - Importing PngImagePlugin
2026-08-06 20:17:24,728 - DEBUG - Importing PpmImagePlugin
2026-08-06 20:17:24,728 - DEBUG - Importing PsdImagePlugin
2026-08-06 20:17:24,729 - DEBUG - Importing QoiImagePlugin
2026-08-06 20:17:24,730 - DEBUG - Importing SgiImagePlugin
2026-08-06 20:17:24,730 - DEBUG - Importing SpiderImagePlugin
2026-08-06 20:17:24,731 - DEBUG - Importing SunImagePlugin
2026-08-06 20:17:24,731 - DEBUG - Importing TgaImagePlugin
2026-08-06 20:17:24,732 - DEBUG - Importing TiffImagePlugin
2026-08-06 20:17:24,732 - DEBUG - Importing WebPImagePlugin
2026-08-06 20:17:24,734 - DEBUG - Importing WmfImagePlugin
2026-08-06 20:17:24,735 - DEBUG - Importing XbmImagePlugin
2026-08-06 20:17:24,736 - DEBUG - Importing XpmImagePlugin
2026-08-06 20:17:24,737 - DEBUG - Importing XVThumbImagePlugin
2026-08-06 20:17:26,747 - DEBUG - GET_ALL: Returning 41 settings
2026-08-06 20:17:26,752 - DEBUG - STREAM b'IHDR' 16 13
2026-08-06 20:17:26,752 - DEBUG - STREAM b'sBIT' 41 4
2026-08-06 20:17:26,752 - DEBUG - b'sBIT' 41 4 (unknown)
2026-08-06 20:17:26,752 - DEBUG - STREAM b'pHYs' 57 9
2026-08-06 20:17:26,752 - DEBUG - STREAM b'tEXt' 78 25
2026-08-06 20:17:26,752 - DEBUG - STREAM b'IDAT' 115 7521
2026-08-06 20:17:26,756 - DEBUG - STREAM b'IHDR' 16 13
2026-08-06 20:17:26,756 - DEBUG - STREAM b'pHYs' 41 9
2026-08-06 20:17:26,756 - DEBUG - STREAM b'tEXt' 62 25
2026-08-06 20:17:26,756 - DEBUG - STREAM b'IDAT' 99 8192
2026-08-06 20:17:26,761 - DEBUG - STREAM b'IHDR' 16 13
2026-08-06 20:17:26,761 - DEBUG - STREAM b'pHYs' 41 9
2026-08-06 20:17:26,761 - DEBUG - STREAM b'tEXt' 62 25
2026-08-06 20:17:26,761 - DEBUG - STREAM b'IDAT' 99 8192
2026-08-06 20:17:26,803 - DEBUG - STREAM b'IHDR' 16 13
2026-08-06 20:17:26,804 - DEBUG - STREAM b'sBIT' 41 4
2026-08-06 20:17:26,804 - DEBUG - b'sBIT' 41 4 (unknown)
2026-08-06 20:17:26,804 - DEBUG - STREAM b'pHYs' 57 9
2026-08-06 20:17:26,804 - DEBUG - STREAM b'tEXt' 78 25
2026-08-06 20:17:26,804 - DEBUG - STREAM b'IDAT' 115 7521
2026-08-06 20:17:26,848 - DEBUG - STREAM b'IHDR' 16 13
2026-08-06 20:17:26,848 - DEBUG - STREAM b'pHYs' 41 9
2026-08-06 20:17:26,848 - DEBUG - STREAM b'tEXt' 62 25
2026-08-06 20:17:26,848 - DEBUG - STREAM b'IDAT' 99 8192
2026-08-06 20:17:26,852 - DEBUG - STREAM b'IHDR' 16 13
2026-08-06 20:17:26,852 - DEBUG - STREAM b'pHYs' 41 9
2026-08-06 20:17:26,852 - DEBUG - STREAM b'tEXt' 62 25
2026-08-06 20:17:26,852 - DEBUG - STREAM b'IDAT' 99 8192
2026-08-06 20:17:26,856 - DEBUG - STREAM b'IHDR' 16 13
2026-08-06 20:17:26,856 - DEBUG - STREAM b'pHYs' 41 9
2026-08-06 20:17:26,856 - DEBUG - STREAM b'tEXt' 62 25
2026-08-06 20:17:26,856 - DEBUG - STREAM b'IDAT' 99 8192
2026-08-06 20:17:26,862 - DEBUG - Building row for: base
2026-08-06 20:17:26,862 - DEBUG - Successfully built row for: base
2026-08-06 20:17:26,863 - DEBUG - Building row for: mantle
2026-08-06 20:17:26,863 - DEBUG - Successfully built row for: mantle
2026-08-06 20:17:26,863 - DEBUG - Building row for: surface
2026-08-06 20:17:26,864 - DEBUG - Successfully built row for: surface
2026-08-06 20:17:26,864 - DEBUG - Building row for: surface0
2026-08-06 20:17:26,864 - DEBUG - Successfully built row for: surface0
2026-08-06 20:17:26,864 - DEBUG - Building row for: surface1
2026-08-06 20:17:26,864 - DEBUG - Successfully built row for: surface1
2026-08-06 20:17:26,864 - DEBUG - Building row for: surface2
2026-08-06 20:17:26,864 - DEBUG - Successfully built row for: surface2
2026-08-06 20:17:26,865 - DEBUG - Building row for: text
2026-08-06 20:17:26,865 - DEBUG - Successfully built row for: text
2026-08-06 20:17:26,865 - DEBUG - Building row for: subtext0
2026-08-06 20:17:26,865 - DEBUG - Successfully built row for: subtext0
2026-08-06 20:17:26,865 - DEBUG - Building row for: subtext1
2026-08-06 20:17:26,866 - DEBUG - Successfully built row for: subtext1
2026-08-06 20:17:26,866 - DEBUG - Building row for: overlay0
2026-08-06 20:17:26,866 - DEBUG - Successfully built row for: overlay0
2026-08-06 20:17:26,883 - INFO - set_theme called with theme: latte, custom_colors: False
2026-08-06 20:17:26,883 - INFO - Setting built-in theme: latte
2026-08-06 20:17:26,884 - INFO - Loaded 26 colors from latte.json
2026-08-06 20:17:26,884 - INFO - Theme set to: latte with 26 colors
2026-08-06 20:17:26,884 - INFO - Calling theme change callback
2026-08-06 20:17:26,906 - DEBUG - STREAM b'IHDR' 16 13
2026-08-06 20:17:26,906 - DEBUG - STREAM b'sRGB' 41 1
2026-08-06 20:17:26,906 - DEBUG - STREAM b'IDAT' 54 292
2026-08-06 20:17:26,907 - DEBUG - STREAM b'IHDR' 16 13
2026-08-06 20:17:26,907 - DEBUG - STREAM b'sRGB' 41 1
2026-08-06 20:17:26,907 - DEBUG - STREAM b'IDAT' 54 183
2026-08-06 20:17:26,908 - DEBUG - STREAM b'IHDR' 16 13
2026-08-06 20:17:26,908 - DEBUG - STREAM b'sRGB' 41 1
2026-08-06 20:17:26,908 - DEBUG - STREAM b'IDAT' 54 234
2026-08-06 20:17:26,909 - DEBUG - STREAM b'IHDR' 16 13
2026-08-06 20:17:26,909 - DEBUG - STREAM b'sRGB' 41 1
2026-08-06 20:17:26,909 - DEBUG - STREAM b'IDAT' 54 286
2026-08-06 20:17:26,910 - DEBUG - STREAM b'IHDR' 16 13
2026-08-06 20:17:26,910 - DEBUG - STREAM b'sRGB' 41 1
2026-08-06 20:17:26,910 - DEBUG - STREAM b'IDAT' 54 298
2026-08-06 20:17:26,911 - DEBUG - STREAM b'IHDR' 16 13
2026-08-06 20:17:26,911 - DEBUG - STREAM b'sRGB' 41 1
2026-08-06 20:17:26,911 - DEBUG - STREAM b'IDAT' 54 338
2026-08-06 20:17:26,911 - DEBUG - STREAM b'IHDR' 16 13
2026-08-06 20:17:26,911 - DEBUG - STREAM b'pHYs' 41 9
2026-08-06 20:17:26,911 - DEBUG - STREAM b'tEXt' 62 25
2026-08-06 20:17:26,911 - DEBUG - STREAM b'IDAT' 99 8192
2026-08-06 20:17:26,926 - DEBUG - STREAM b'IHDR' 16 13
2026-08-06 20:17:26,927 - DEBUG - STREAM b'pHYs' 41 9
2026-08-06 20:17:26,927 - DEBUG - STREAM b'tEXt' 62 25
2026-08-06 20:17:26,927 - DEBUG - STREAM b'IDAT' 99 8192
2026-08-06 20:17:26,932 - DEBUG - STREAM b'IHDR' 16 13
2026-08-06 20:17:26,932 - DEBUG - STREAM b'pHYs' 41 9
2026-08-06 20:17:26,932 - DEBUG - STREAM b'tEXt' 62 25
2026-08-06 20:17:26,933 - DEBUG - STREAM b'IDAT' 99 8192
2026-08-06 20:17:26,937 - DEBUG - STREAM b'IHDR' 16 13
2026-08-06 20:17:26,937 - DEBUG - STREAM b'pHYs' 41 9
2026-08-06 20:17:26,937 - DEBUG - STREAM b'tEXt' 62 25
2026-08-06 20:17:26,937 - DEBUG - STREAM b'IDAT' 99 8192
2026-08-06 20:17:26,942 - DEBUG - STREAM b'IHDR' 16 13
2026-08-06 20:17:26,942 - DEBUG - STREAM b'sBIT' 41 4
2026-08-06 20:17:26,942 - DEBUG - b'sBIT' 41 4 (unknown)
2026-08-06 20:17:26,942 - DEBUG - STREAM b'pHYs' 57 9
2026-08-06 20:17:26,942 - DEBUG - STREAM b'tEXt' 78 25
2026-08-06 20:17:26,942 - DEBUG - STREAM b'IDAT' 115 8192
2026-08-06 20:23:47,206 - DEBUG - GET setting 'auto_clean_on_exit': True (default: True)
2026-08-06 20:24:05,681 - INFO - Settings dialog logging initialized
2026-08-06 20:24:05,744 - DEBUG - Running in frozen mode, base_dir: C:\Users\user\OneDrive\Desktop\DiscordQuestManager\version 1.1.0\dist
2026-08-06 20:24:05,744 - DEBUG - Settings file path: C:\Users\user\OneDrive\Desktop\DiscordQuestManager\version 1.1.0\dist\DiscordQuestManager-data\settings.json
2026-08-06 20:24:05,744 - INFO - Settings file path: C:\Users\user\OneDrive\Desktop\DiscordQuestManager\version 1.1.0\dist\DiscordQuestManager-data\settings.json
2026-08-06 20:24:05,744 - DEBUG - Loaded default settings with 38 keys
2026-08-06 20:24:05,744 - DEBUG - Attempting to load settings from: C:\Users\user\OneDrive\Desktop\DiscordQuestManager\version 1.1.0\dist\DiscordQuestManager-data\settings.json
2026-08-06 20:24:05,745 - INFO - Successfully loaded 41 settings from file
2026-08-06 20:24:05,745 - DEBUG - Loaded settings keys: ['theme', 'custom_duration', 'remember_duration', 'minimize_to_tray', 'auto_clean_on_exit', 'discord_auto_open', 'multi_quest_limit', 'dummy_cat_selection', 'dummy_alarm_enabled', 'dummy_alarm_type', 'dummy_alarm_sound_path', 'dummy_alarm_volume', 'custom_base', 'custom_mantle', 'custom_surface', 'custom_surface0', 'custom_surface1', 'custom_surface2', 'custom_text', 'custom_subtext0', 'custom_subtext1', 'custom_overlay0', 'custom_overlay1', 'custom_overlay2', 'custom_blue', 'custom_lavender', 'custom_sapphire', 'custom_sky', 'custom_teal', 'custom_green', 'custom_yellow', 'custom_peach', 'custom_maroon', 'custom_red', 'custom_mauve', 'custom_pink', 'custom_flamingo', 'custom_rosewater', 'auto_check_updates', 'exe_creation_path', 'data_folder_path']
2026-08-06 20:24:05,745 - DEBUG - Updated settings, now have 41 total keys
2026-08-06 20:24:05,745 - INFO - SettingsManager initialized with 41 total settings
2026-08-06 20:24:05,745 - INFO - Loaded 26 colors from mocha.json
2026-08-06 20:24:05,746 - DEBUG - GET setting 'theme': latte (default: mocha)
2026-08-06 20:24:05,746 - INFO - set_theme called with theme: latte, custom_colors: False
2026-08-06 20:24:05,746 - INFO - Setting built-in theme: latte
2026-08-06 20:24:05,746 - INFO - Loaded 26 colors from latte.json
2026-08-06 20:24:05,746 - INFO - Theme set to: latte with 26 colors
2026-08-06 20:24:05,746 - WARNING - No theme change callback registered
2026-08-06 20:24:05,746 - DEBUG - GET setting 'custom_duration': 5 (default: 15)
2026-08-06 20:24:05,746 - DEBUG - GET setting 'multi_quest_limit': 0 (default: 0)
2026-08-06 20:24:05,746 - DEBUG - GET setting 'remember_duration': True (default: True)
2026-08-06 20:24:05,746 - DEBUG - GET setting 'minimize_to_tray': False (default: False)
2026-08-06 20:24:05,746 - DEBUG - GET setting 'auto_clean_on_exit': True (default: True)
2026-08-06 20:24:05,746 - DEBUG - GET setting 'discord_auto_open': True (default: True)
2026-08-06 20:24:05,746 - DEBUG - GET setting 'auto_check_updates': False (default: True)
2026-08-06 20:24:05,746 - DEBUG - GET setting 'dummy_cat_selection': Cat-1 (default: Cat-1)
2026-08-06 20:24:05,746 - DEBUG - GET setting 'exe_creation_path':  (default: )
2026-08-06 20:24:05,746 - DEBUG - GET setting 'data_folder_path':  (default: )
2026-08-06 20:24:05,751 - DEBUG - Importing PngImagePlugin
2026-08-06 20:24:05,756 - DEBUG - STREAM b'IHDR' 16 13
2026-08-06 20:24:05,757 - DEBUG - STREAM b'pHYs' 41 9
2026-08-06 20:24:05,757 - DEBUG - STREAM b'tEXt' 62 25
2026-08-06 20:24:05,757 - DEBUG - STREAM b'IDAT' 99 8192
2026-08-06 20:24:05,773 - DEBUG - STREAM b'IHDR' 16 13
2026-08-06 20:24:05,773 - DEBUG - STREAM b'pHYs' 41 9
2026-08-06 20:24:05,773 - DEBUG - STREAM b'tEXt' 62 25
2026-08-06 20:24:05,773 - DEBUG - STREAM b'IDAT' 99 8192
2026-08-06 20:24:05,780 - DEBUG - STREAM b'IHDR' 16 13
2026-08-06 20:24:05,780 - DEBUG - STREAM b'pHYs' 41 9
2026-08-06 20:24:05,780 - DEBUG - STREAM b'tEXt' 62 25
2026-08-06 20:24:05,780 - DEBUG - STREAM b'IDAT' 99 8192
2026-08-06 20:24:05,784 - DEBUG - STREAM b'IHDR' 16 13
2026-08-06 20:24:05,784 - DEBUG - STREAM b'pHYs' 41 9
2026-08-06 20:24:05,784 - DEBUG - STREAM b'tEXt' 62 25
2026-08-06 20:24:05,784 - DEBUG - STREAM b'IDAT' 99 8192
2026-08-06 20:24:05,839 - DEBUG - STREAM b'IHDR' 16 13
2026-08-06 20:24:05,839 - DEBUG - STREAM b'pHYs' 41 9
2026-08-06 20:24:05,839 - DEBUG - STREAM b'tEXt' 62 25
2026-08-06 20:24:05,839 - DEBUG - STREAM b'IDAT' 99 8192
2026-08-06 20:24:05,903 - DEBUG - STREAM b'IHDR' 16 13
2026-08-06 20:24:05,903 - DEBUG - STREAM b'sBIT' 41 4
2026-08-06 20:24:05,903 - DEBUG - b'sBIT' 41 4 (unknown)
2026-08-06 20:24:05,903 - DEBUG - STREAM b'pHYs' 57 9
2026-08-06 20:24:05,903 - DEBUG - STREAM b'tEXt' 78 25
2026-08-06 20:24:05,903 - DEBUG - STREAM b'IDAT' 115 8192
2026-08-06 20:24:05,908 - DEBUG - STREAM b'IHDR' 16 13
2026-08-06 20:24:05,908 - DEBUG - STREAM b'sBIT' 41 4
2026-08-06 20:24:05,908 - DEBUG - b'sBIT' 41 4 (unknown)
2026-08-06 20:24:05,908 - DEBUG - STREAM b'pHYs' 57 9
2026-08-06 20:24:05,908 - DEBUG - STREAM b'tEXt' 78 25
2026-08-06 20:24:05,908 - DEBUG - STREAM b'IDAT' 115 7260
2026-08-06 20:24:05,976 - DEBUG - STREAM b'IHDR' 16 13
2026-08-06 20:24:05,976 - DEBUG - STREAM b'pHYs' 41 9
2026-08-06 20:24:05,976 - DEBUG - STREAM b'tEXt' 62 25
2026-08-06 20:24:05,976 - DEBUG - STREAM b'IDAT' 99 8192
2026-08-06 20:24:06,016 - DEBUG - STREAM b'IHDR' 16 13
2026-08-06 20:24:06,016 - DEBUG - STREAM b'sBIT' 41 4
2026-08-06 20:24:06,016 - DEBUG - b'sBIT' 41 4 (unknown)
2026-08-06 20:24:06,017 - DEBUG - STREAM b'pHYs' 57 9
2026-08-06 20:24:06,017 - DEBUG - STREAM b'tEXt' 78 25
2026-08-06 20:24:06,017 - DEBUG - STREAM b'IDAT' 115 8192
2026-08-06 20:24:06,021 - DEBUG - STREAM b'IHDR' 16 13
2026-08-06 20:24:06,021 - DEBUG - STREAM b'sRGB' 41 1
2026-08-06 20:24:06,021 - DEBUG - STREAM b'IDAT' 54 719
2026-08-06 20:24:06,085 - DEBUG - Importing AvifImagePlugin
2026-08-06 20:24:06,098 - DEBUG - Importing BlpImagePlugin
2026-08-06 20:24:06,104 - DEBUG - Importing BmpImagePlugin
2026-08-06 20:24:06,104 - DEBUG - Importing BufrStubImagePlugin
2026-08-06 20:24:06,105 - DEBUG - Importing CurImagePlugin
2026-08-06 20:24:06,107 - DEBUG - Importing DcxImagePlugin
2026-08-06 20:24:06,109 - DEBUG - Importing DdsImagePlugin
2026-08-06 20:24:06,113 - DEBUG - Importing EpsImagePlugin
2026-08-06 20:24:06,116 - DEBUG - Importing FitsImagePlugin
2026-08-06 20:24:06,117 - DEBUG - Importing FliImagePlugin
2026-08-06 20:24:06,117 - DEBUG - Importing FpxImagePlugin
2026-08-06 20:24:06,118 - DEBUG - Image: failed to import FpxImagePlugin: No module named 'olefile'
2026-08-06 20:24:06,118 - DEBUG - Importing FtexImagePlugin
2026-08-06 20:24:06,119 - DEBUG - Importing GbrImagePlugin
2026-08-06 20:24:06,119 - DEBUG - Importing GifImagePlugin
2026-08-06 20:24:06,119 - DEBUG - Importing GribStubImagePlugin
2026-08-06 20:24:06,120 - DEBUG - Importing Hdf5StubImagePlugin
2026-08-06 20:24:06,121 - DEBUG - Importing IcnsImagePlugin
2026-08-06 20:24:06,122 - DEBUG - Importing IcoImagePlugin
2026-08-06 20:24:06,123 - DEBUG - Importing ImImagePlugin
2026-08-06 20:24:06,123 - DEBUG - Importing ImtImagePlugin
2026-08-06 20:24:06,124 - DEBUG - Importing IptcImagePlugin
2026-08-06 20:24:06,124 - DEBUG - Importing JpegImagePlugin
2026-08-06 20:24:06,124 - DEBUG - Importing Jpeg2KImagePlugin
2026-08-06 20:24:06,124 - DEBUG - Importing McIdasImagePlugin
2026-08-06 20:24:06,124 - DEBUG - Importing MicImagePlugin
2026-08-06 20:24:06,125 - DEBUG - Image: failed to import MicImagePlugin: No module named 'olefile'
2026-08-06 20:24:06,125 - DEBUG - Importing MpegImagePlugin
2026-08-06 20:24:06,126 - DEBUG - Importing MpoImagePlugin
2026-08-06 20:24:06,127 - DEBUG - Importing MspImagePlugin
2026-08-06 20:24:06,128 - DEBUG - Importing PalmImagePlugin
2026-08-06 20:24:06,128 - DEBUG - Importing PcdImagePlugin
2026-08-06 20:24:06,128 - DEBUG - Importing PcxImagePlugin
2026-08-06 20:24:06,128 - DEBUG - Importing PdfImagePlugin
2026-08-06 20:24:06,133 - DEBUG - Importing PixarImagePlugin
2026-08-06 20:24:06,133 - DEBUG - Importing PngImagePlugin
2026-08-06 20:24:06,133 - DEBUG - Importing PpmImagePlugin
2026-08-06 20:24:06,133 - DEBUG - Importing PsdImagePlugin
2026-08-06 20:24:06,134 - DEBUG - Importing QoiImagePlugin
2026-08-06 20:24:06,134 - DEBUG - Importing SgiImagePlugin
2026-08-06 20:24:06,134 - DEBUG - Importing SpiderImagePlugin
2026-08-06 20:24:06,135 - DEBUG - Importing SunImagePlugin
2026-08-06 20:24:06,135 - DEBUG - Importing TgaImagePlugin
2026-08-06 20:24:06,135 - DEBUG - Importing TiffImagePlugin
2026-08-06 20:24:06,135 - DEBUG - Importing WebPImagePlugin
2026-08-06 20:24:06,137 - DEBUG - Importing WmfImagePlugin
2026-08-06 20:24:06,137 - DEBUG - Importing XbmImagePlugin
2026-08-06 20:24:06,138 - DEBUG - Importing XpmImagePlugin
2026-08-06 20:24:06,138 - DEBUG - Importing XVThumbImagePlugin
2026-08-06 20:24:07,365 - DEBUG - GET_ALL: Returning 41 settings
2026-08-06 20:24:07,386 - DEBUG - STREAM b'IHDR' 16 13
2026-08-06 20:24:07,386 - DEBUG - STREAM b'sBIT' 41 4
2026-08-06 20:24:07,386 - DEBUG - b'sBIT' 41 4 (unknown)
2026-08-06 20:24:07,387 - DEBUG - STREAM b'pHYs' 57 9
2026-08-06 20:24:07,387 - DEBUG - STREAM b'tEXt' 78 25
2026-08-06 20:24:07,387 - DEBUG - STREAM b'IDAT' 115 7521
2026-08-06 20:24:07,404 - DEBUG - STREAM b'IHDR' 16 13
2026-08-06 20:24:07,404 - DEBUG - STREAM b'pHYs' 41 9
2026-08-06 20:24:07,405 - DEBUG - STREAM b'tEXt' 62 25
2026-08-06 20:24:07,405 - DEBUG - STREAM b'IDAT' 99 8192
2026-08-06 20:24:07,415 - DEBUG - STREAM b'IHDR' 16 13
2026-08-06 20:24:07,416 - DEBUG - STREAM b'pHYs' 41 9
2026-08-06 20:24:07,416 - DEBUG - STREAM b'tEXt' 62 25
2026-08-06 20:24:07,416 - DEBUG - STREAM b'IDAT' 99 8192
2026-08-06 20:24:07,446 - DEBUG - STREAM b'IHDR' 16 13
2026-08-06 20:24:07,447 - DEBUG - STREAM b'sBIT' 41 4
2026-08-06 20:24:07,447 - DEBUG - b'sBIT' 41 4 (unknown)
2026-08-06 20:24:07,447 - DEBUG - STREAM b'pHYs' 57 9
2026-08-06 20:24:07,447 - DEBUG - STREAM b'tEXt' 78 25
2026-08-06 20:24:07,447 - DEBUG - STREAM b'IDAT' 115 7521
2026-08-06 20:24:07,480 - DEBUG - STREAM b'IHDR' 16 13
2026-08-06 20:24:07,480 - DEBUG - STREAM b'pHYs' 41 9
2026-08-06 20:24:07,480 - DEBUG - STREAM b'tEXt' 62 25
2026-08-06 20:24:07,480 - DEBUG - STREAM b'IDAT' 99 8192
2026-08-06 20:24:07,484 - DEBUG - STREAM b'IHDR' 16 13
2026-08-06 20:24:07,484 - DEBUG - STREAM b'pHYs' 41 9
2026-08-06 20:24:07,484 - DEBUG - STREAM b'tEXt' 62 25
2026-08-06 20:24:07,484 - DEBUG - STREAM b'IDAT' 99 8192
2026-08-06 20:24:07,487 - DEBUG - STREAM b'IHDR' 16 13
2026-08-06 20:24:07,487 - DEBUG - STREAM b'pHYs' 41 9
2026-08-06 20:24:07,487 - DEBUG - STREAM b'tEXt' 62 25
2026-08-06 20:24:07,487 - DEBUG - STREAM b'IDAT' 99 8192
2026-08-06 20:24:07,492 - DEBUG - Building row for: base
2026-08-06 20:24:07,493 - DEBUG - Successfully built row for: base
2026-08-06 20:24:07,493 - DEBUG - Building row for: mantle
2026-08-06 20:24:07,493 - DEBUG - Successfully built row for: mantle
2026-08-06 20:24:07,493 - DEBUG - Building row for: surface
2026-08-06 20:24:07,493 - DEBUG - Successfully built row for: surface
2026-08-06 20:24:07,493 - DEBUG - Building row for: surface0
2026-08-06 20:24:07,494 - DEBUG - Successfully built row for: surface0
2026-08-06 20:24:07,494 - DEBUG - Building row for: surface1
2026-08-06 20:24:07,494 - DEBUG - Successfully built row for: surface1
2026-08-06 20:24:07,494 - DEBUG - Building row for: surface2
2026-08-06 20:24:07,494 - DEBUG - Successfully built row for: surface2
2026-08-06 20:24:07,494 - DEBUG - Building row for: text
2026-08-06 20:24:07,494 - DEBUG - Successfully built row for: text
2026-08-06 20:24:07,494 - DEBUG - Building row for: subtext0
2026-08-06 20:24:07,495 - DEBUG - Successfully built row for: subtext0
2026-08-06 20:24:07,495 - DEBUG - Building row for: subtext1
2026-08-06 20:24:07,495 - DEBUG - Successfully built row for: subtext1
2026-08-06 20:24:07,495 - DEBUG - Building row for: overlay0
2026-08-06 20:24:07,495 - DEBUG - Successfully built row for: overlay0
2026-08-06 20:24:07,510 - INFO - set_theme called with theme: latte, custom_colors: False
2026-08-06 20:24:07,510 - INFO - Setting built-in theme: latte
2026-08-06 20:24:07,510 - INFO - Loaded 26 colors from latte.json
2026-08-06 20:24:07,510 - INFO - Theme set to: latte with 26 colors
2026-08-06 20:24:07,510 - INFO - Calling theme change callback
2026-08-06 20:24:07,518 - DEBUG - STREAM b'IHDR' 16 13
2026-08-06 20:24:07,519 - DEBUG - STREAM b'sRGB' 41 1
2026-08-06 20:24:07,519 - DEBUG - STREAM b'IDAT' 54 292
2026-08-06 20:24:07,519 - DEBUG - STREAM b'IHDR' 16 13
2026-08-06 20:24:07,519 - DEBUG - STREAM b'sRGB' 41 1
2026-08-06 20:24:07,519 - DEBUG - STREAM b'IDAT' 54 183
2026-08-06 20:24:07,520 - DEBUG - STREAM b'IHDR' 16 13
2026-08-06 20:24:07,520 - DEBUG - STREAM b'sRGB' 41 1
2026-08-06 20:24:07,520 - DEBUG - STREAM b'IDAT' 54 234
2026-08-06 20:24:07,521 - DEBUG - STREAM b'IHDR' 16 13
2026-08-06 20:24:07,521 - DEBUG - STREAM b'sRGB' 41 1
2026-08-06 20:24:07,521 - DEBUG - STREAM b'IDAT' 54 286
2026-08-06 20:24:07,522 - DEBUG - STREAM b'IHDR' 16 13
2026-08-06 20:24:07,522 - DEBUG - STREAM b'sRGB' 41 1
2026-08-06 20:24:07,522 - DEBUG - STREAM b'IDAT' 54 298
2026-08-06 20:24:07,522 - DEBUG - STREAM b'IHDR' 16 13
2026-08-06 20:24:07,522 - DEBUG - STREAM b'sRGB' 41 1
2026-08-06 20:24:07,523 - DEBUG - STREAM b'IDAT' 54 338
2026-08-06 20:24:07,523 - DEBUG - STREAM b'IHDR' 16 13
2026-08-06 20:24:07,523 - DEBUG - STREAM b'pHYs' 41 9
2026-08-06 20:24:07,523 - DEBUG - STREAM b'tEXt' 62 25
2026-08-06 20:24:07,523 - DEBUG - STREAM b'IDAT' 99 8192
2026-08-06 20:24:07,527 - DEBUG - STREAM b'IHDR' 16 13
2026-08-06 20:24:07,527 - DEBUG - STREAM b'pHYs' 41 9
2026-08-06 20:24:07,527 - DEBUG - STREAM b'tEXt' 62 25
2026-08-06 20:24:07,527 - DEBUG - STREAM b'IDAT' 99 8192
2026-08-06 20:24:07,532 - DEBUG - STREAM b'IHDR' 16 13
2026-08-06 20:24:07,532 - DEBUG - STREAM b'pHYs' 41 9
2026-08-06 20:24:07,532 - DEBUG - STREAM b'tEXt' 62 25
2026-08-06 20:24:07,532 - DEBUG - STREAM b'IDAT' 99 8192
2026-08-06 20:24:07,536 - DEBUG - STREAM b'IHDR' 16 13
2026-08-06 20:24:07,536 - DEBUG - STREAM b'pHYs' 41 9
2026-08-06 20:24:07,536 - DEBUG - STREAM b'tEXt' 62 25
2026-08-06 20:24:07,536 - DEBUG - STREAM b'IDAT' 99 8192
2026-08-06 20:24:07,540 - DEBUG - STREAM b'IHDR' 16 13
2026-08-06 20:24:07,540 - DEBUG - STREAM b'sBIT' 41 4
2026-08-06 20:24:07,540 - DEBUG - b'sBIT' 41 4 (unknown)
2026-08-06 20:24:07,540 - DEBUG - STREAM b'pHYs' 57 9
2026-08-06 20:24:07,540 - DEBUG - STREAM b'tEXt' 78 25
2026-08-06 20:24:07,540 - DEBUG - STREAM b'IDAT' 115 8192
2026-08-06 20:26:55,142 - DEBUG - GET setting 'auto_clean_on_exit': True (default: True)
2026-08-06 20:28:26,071 - INFO - Settings dialog logging initialized
2026-08-06 20:28:26,129 - DEBUG - Running in frozen mode, base_dir: C:\Users\user\OneDrive\Desktop\DiscordQuestManager\version 1.1.0\dist
2026-08-06 20:28:26,129 - DEBUG - Settings file path: C:\Users\user\OneDrive\Desktop\DiscordQuestManager\version 1.1.0\dist\DiscordQuestManager-data\settings.json
2026-08-06 20:28:26,129 - INFO - Settings file path: C:\Users\user\OneDrive\Desktop\DiscordQuestManager\version 1.1.0\dist\DiscordQuestManager-data\settings.json
2026-08-06 20:28:26,129 - DEBUG - Loaded default settings with 38 keys
2026-08-06 20:28:26,129 - DEBUG - Attempting to load settings from: C:\Users\user\OneDrive\Desktop\DiscordQuestManager\version 1.1.0\dist\DiscordQuestManager-data\settings.json
2026-08-06 20:28:26,129 - INFO - Successfully loaded 41 settings from file
2026-08-06 20:28:26,129 - DEBUG - Loaded settings keys: ['theme', 'custom_duration', 'remember_duration', 'minimize_to_tray', 'auto_clean_on_exit', 'discord_auto_open', 'multi_quest_limit', 'dummy_cat_selection', 'dummy_alarm_enabled', 'dummy_alarm_type', 'dummy_alarm_sound_path', 'dummy_alarm_volume', 'custom_base', 'custom_mantle', 'custom_surface', 'custom_surface0', 'custom_surface1', 'custom_surface2', 'custom_text', 'custom_subtext0', 'custom_subtext1', 'custom_overlay0', 'custom_overlay1', 'custom_overlay2', 'custom_blue', 'custom_lavender', 'custom_sapphire', 'custom_sky', 'custom_teal', 'custom_green', 'custom_yellow', 'custom_peach', 'custom_maroon', 'custom_red', 'custom_mauve', 'custom_pink', 'custom_flamingo', 'custom_rosewater', 'auto_check_updates', 'exe_creation_path', 'data_folder_path']
2026-08-06 20:28:26,129 - DEBUG - Updated settings, now have 41 total keys
2026-08-06 20:28:26,129 - INFO - SettingsManager initialized with 41 total settings
2026-08-06 20:28:26,130 - INFO - Loaded 26 colors from mocha.json
2026-08-06 20:28:26,130 - DEBUG - GET setting 'theme': latte (default: mocha)
2026-08-06 20:28:26,130 - INFO - set_theme called with theme: latte, custom_colors: False
2026-08-06 20:28:26,130 - INFO - Setting built-in theme: latte
2026-08-06 20:28:26,130 - INFO - Loaded 26 colors from latte.json
2026-08-06 20:28:26,130 - INFO - Theme set to: latte with 26 colors
2026-08-06 20:28:26,130 - WARNING - No theme change callback registered
2026-08-06 20:28:26,130 - DEBUG - GET setting 'custom_duration': 5 (default: 15)
2026-08-06 20:28:26,130 - DEBUG - GET setting 'multi_quest_limit': 0 (default: 0)
2026-08-06 20:28:26,130 - DEBUG - GET setting 'remember_duration': True (default: True)
2026-08-06 20:28:26,130 - DEBUG - GET setting 'minimize_to_tray': False (default: False)
2026-08-06 20:28:26,131 - DEBUG - GET setting 'auto_clean_on_exit': True (default: True)
2026-08-06 20:28:26,131 - DEBUG - GET setting 'discord_auto_open': True (default: True)
2026-08-06 20:28:26,131 - DEBUG - GET setting 'auto_check_updates': False (default: True)
2026-08-06 20:28:26,131 - DEBUG - GET setting 'dummy_cat_selection': Cat-1 (default: Cat-1)
2026-08-06 20:28:26,131 - DEBUG - GET setting 'exe_creation_path':  (default: )
2026-08-06 20:28:26,131 - DEBUG - GET setting 'data_folder_path':  (default: )
2026-08-06 20:28:26,135 - DEBUG - Importing PngImagePlugin
2026-08-06 20:28:26,140 - DEBUG - STREAM b'IHDR' 16 13
2026-08-06 20:28:26,140 - DEBUG - STREAM b'pHYs' 41 9
2026-08-06 20:28:26,140 - DEBUG - STREAM b'tEXt' 62 25
2026-08-06 20:28:26,141 - DEBUG - STREAM b'IDAT' 99 8192
2026-08-06 20:28:26,149 - DEBUG - STREAM b'IHDR' 16 13
2026-08-06 20:28:26,149 - DEBUG - STREAM b'pHYs' 41 9
2026-08-06 20:28:26,149 - DEBUG - STREAM b'tEXt' 62 25
2026-08-06 20:28:26,149 - DEBUG - STREAM b'IDAT' 99 8192
2026-08-06 20:28:26,153 - DEBUG - STREAM b'IHDR' 16 13
2026-08-06 20:28:26,153 - DEBUG - STREAM b'pHYs' 41 9
2026-08-06 20:28:26,153 - DEBUG - STREAM b'tEXt' 62 25
2026-08-06 20:28:26,153 - DEBUG - STREAM b'IDAT' 99 8192
2026-08-06 20:28:26,157 - DEBUG - STREAM b'IHDR' 16 13
2026-08-06 20:28:26,157 - DEBUG - STREAM b'pHYs' 41 9
2026-08-06 20:28:26,157 - DEBUG - STREAM b'tEXt' 62 25
2026-08-06 20:28:26,157 - DEBUG - STREAM b'IDAT' 99 8192
2026-08-06 20:28:26,210 - DEBUG - STREAM b'IHDR' 16 13
2026-08-06 20:28:26,210 - DEBUG - STREAM b'pHYs' 41 9
2026-08-06 20:28:26,211 - DEBUG - STREAM b'tEXt' 62 25
2026-08-06 20:28:26,211 - DEBUG - STREAM b'IDAT' 99 8192
2026-08-06 20:28:26,265 - DEBUG - STREAM b'IHDR' 16 13
2026-08-06 20:28:26,266 - DEBUG - STREAM b'sBIT' 41 4
2026-08-06 20:28:26,266 - DEBUG - b'sBIT' 41 4 (unknown)
2026-08-06 20:28:26,266 - DEBUG - STREAM b'pHYs' 57 9
2026-08-06 20:28:26,266 - DEBUG - STREAM b'tEXt' 78 25
2026-08-06 20:28:26,266 - DEBUG - STREAM b'IDAT' 115 8192
2026-08-06 20:28:26,270 - DEBUG - STREAM b'IHDR' 16 13
2026-08-06 20:28:26,270 - DEBUG - STREAM b'sBIT' 41 4
2026-08-06 20:28:26,270 - DEBUG - b'sBIT' 41 4 (unknown)
2026-08-06 20:28:26,270 - DEBUG - STREAM b'pHYs' 57 9
2026-08-06 20:28:26,270 - DEBUG - STREAM b'tEXt' 78 25
2026-08-06 20:28:26,270 - DEBUG - STREAM b'IDAT' 115 7260
2026-08-06 20:28:26,397 - DEBUG - STREAM b'IHDR' 16 13
2026-08-06 20:28:26,397 - DEBUG - STREAM b'pHYs' 41 9
2026-08-06 20:28:26,397 - DEBUG - STREAM b'tEXt' 62 25
2026-08-06 20:28:26,397 - DEBUG - STREAM b'IDAT' 99 8192
2026-08-06 20:28:26,437 - DEBUG - STREAM b'IHDR' 16 13
2026-08-06 20:28:26,437 - DEBUG - STREAM b'sBIT' 41 4
2026-08-06 20:28:26,437 - DEBUG - b'sBIT' 41 4 (unknown)
2026-08-06 20:28:26,437 - DEBUG - STREAM b'pHYs' 57 9
2026-08-06 20:28:26,437 - DEBUG - STREAM b'tEXt' 78 25
2026-08-06 20:28:26,437 - DEBUG - STREAM b'IDAT' 115 8192
2026-08-06 20:28:26,441 - DEBUG - STREAM b'IHDR' 16 13
2026-08-06 20:28:26,441 - DEBUG - STREAM b'sRGB' 41 1
2026-08-06 20:28:26,441 - DEBUG - STREAM b'IDAT' 54 719
2026-08-06 20:28:26,503 - DEBUG - Importing AvifImagePlugin
2026-08-06 20:28:26,510 - DEBUG - Importing BlpImagePlugin
2026-08-06 20:28:26,511 - DEBUG - Importing BmpImagePlugin
2026-08-06 20:28:26,512 - DEBUG - Importing BufrStubImagePlugin
2026-08-06 20:28:26,513 - DEBUG - Importing CurImagePlugin
2026-08-06 20:28:26,514 - DEBUG - Importing DcxImagePlugin
2026-08-06 20:28:26,514 - DEBUG - Importing DdsImagePlugin
2026-08-06 20:28:26,518 - DEBUG - Importing EpsImagePlugin
2026-08-06 20:28:26,519 - DEBUG - Importing FitsImagePlugin
2026-08-06 20:28:26,520 - DEBUG - Importing FliImagePlugin
2026-08-06 20:28:26,520 - DEBUG - Importing FpxImagePlugin
2026-08-06 20:28:26,520 - DEBUG - Image: failed to import FpxImagePlugin: No module named 'olefile'
2026-08-06 20:28:26,520 - DEBUG - Importing FtexImagePlugin
2026-08-06 20:28:26,521 - DEBUG - Importing GbrImagePlugin
2026-08-06 20:28:26,521 - DEBUG - Importing GifImagePlugin
2026-08-06 20:28:26,521 - DEBUG - Importing GribStubImagePlugin
2026-08-06 20:28:26,521 - DEBUG - Importing Hdf5StubImagePlugin
2026-08-06 20:28:26,522 - DEBUG - Importing IcnsImagePlugin
2026-08-06 20:28:26,525 - DEBUG - Importing IcoImagePlugin
2026-08-06 20:28:26,526 - DEBUG - Importing ImImagePlugin
2026-08-06 20:28:26,527 - DEBUG - Importing ImtImagePlugin
2026-08-06 20:28:26,527 - DEBUG - Importing IptcImagePlugin
2026-08-06 20:28:26,527 - DEBUG - Importing JpegImagePlugin
2026-08-06 20:28:26,527 - DEBUG - Importing Jpeg2KImagePlugin
2026-08-06 20:28:26,527 - DEBUG - Importing McIdasImagePlugin
2026-08-06 20:28:26,528 - DEBUG - Importing MicImagePlugin
2026-08-06 20:28:26,530 - DEBUG - Image: failed to import MicImagePlugin: No module named 'olefile'
2026-08-06 20:28:26,530 - DEBUG - Importing MpegImagePlugin
2026-08-06 20:28:26,531 - DEBUG - Importing MpoImagePlugin
2026-08-06 20:28:26,533 - DEBUG - Importing MspImagePlugin
2026-08-06 20:28:26,533 - DEBUG - Importing PalmImagePlugin
2026-08-06 20:28:26,535 - DEBUG - Importing PcdImagePlugin
2026-08-06 20:28:26,535 - DEBUG - Importing PcxImagePlugin
2026-08-06 20:28:26,535 - DEBUG - Importing PdfImagePlugin
2026-08-06 20:28:26,544 - DEBUG - Importing PixarImagePlugin
2026-08-06 20:28:26,544 - DEBUG - Importing PngImagePlugin
2026-08-06 20:28:26,544 - DEBUG - Importing PpmImagePlugin
2026-08-06 20:28:26,544 - DEBUG - Importing PsdImagePlugin
2026-08-06 20:28:26,546 - DEBUG - Importing QoiImagePlugin
2026-08-06 20:28:26,548 - DEBUG - Importing SgiImagePlugin
2026-08-06 20:28:26,550 - DEBUG - Importing SpiderImagePlugin
2026-08-06 20:28:26,551 - DEBUG - Importing SunImagePlugin
2026-08-06 20:28:26,552 - DEBUG - Importing TgaImagePlugin
2026-08-06 20:28:26,554 - DEBUG - Importing TiffImagePlugin
2026-08-06 20:28:26,554 - DEBUG - Importing WebPImagePlugin
2026-08-06 20:28:26,558 - DEBUG - Importing WmfImagePlugin
2026-08-06 20:28:26,559 - DEBUG - Importing XbmImagePlugin
2026-08-06 20:28:26,560 - DEBUG - Importing XpmImagePlugin
2026-08-06 20:28:26,561 - DEBUG - Importing XVThumbImagePlugin
2026-08-06 20:28:27,628 - DEBUG - GET_ALL: Returning 41 settings
2026-08-06 20:28:27,650 - DEBUG - STREAM b'IHDR' 16 13
2026-08-06 20:28:27,651 - DEBUG - STREAM b'sBIT' 41 4
2026-08-06 20:28:27,651 - DEBUG - b'sBIT' 41 4 (unknown)
2026-08-06 20:28:27,651 - DEBUG - STREAM b'pHYs' 57 9
2026-08-06 20:28:27,652 - DEBUG - STREAM b'tEXt' 78 25
2026-08-06 20:28:27,652 - DEBUG - STREAM b'IDAT' 115 7521
2026-08-06 20:28:27,672 - DEBUG - STREAM b'IHDR' 16 13
2026-08-06 20:28:27,673 - DEBUG - STREAM b'pHYs' 41 9
2026-08-06 20:28:27,673 - DEBUG - STREAM b'tEXt' 62 25
2026-08-06 20:28:27,673 - DEBUG - STREAM b'IDAT' 99 8192
2026-08-06 20:28:27,683 - DEBUG - STREAM b'IHDR' 16 13
2026-08-06 20:28:27,683 - DEBUG - STREAM b'pHYs' 41 9
2026-08-06 20:28:27,683 - DEBUG - STREAM b'tEXt' 62 25
2026-08-06 20:28:27,683 - DEBUG - STREAM b'IDAT' 99 8192
2026-08-06 20:28:27,714 - DEBUG - STREAM b'IHDR' 16 13
2026-08-06 20:28:27,714 - DEBUG - STREAM b'sBIT' 41 4
2026-08-06 20:28:27,714 - DEBUG - b'sBIT' 41 4 (unknown)
2026-08-06 20:28:27,714 - DEBUG - STREAM b'pHYs' 57 9
2026-08-06 20:28:27,714 - DEBUG - STREAM b'tEXt' 78 25
2026-08-06 20:28:27,714 - DEBUG - STREAM b'IDAT' 115 7521
2026-08-06 20:28:27,750 - DEBUG - STREAM b'IHDR' 16 13
2026-08-06 20:28:27,750 - DEBUG - STREAM b'pHYs' 41 9
2026-08-06 20:28:27,750 - DEBUG - STREAM b'tEXt' 62 25
2026-08-06 20:28:27,750 - DEBUG - STREAM b'IDAT' 99 8192
2026-08-06 20:28:27,753 - DEBUG - STREAM b'IHDR' 16 13
2026-08-06 20:28:27,754 - DEBUG - STREAM b'pHYs' 41 9
2026-08-06 20:28:27,754 - DEBUG - STREAM b'tEXt' 62 25
2026-08-06 20:28:27,754 - DEBUG - STREAM b'IDAT' 99 8192
2026-08-06 20:28:27,757 - DEBUG - STREAM b'IHDR' 16 13
2026-08-06 20:28:27,757 - DEBUG - STREAM b'pHYs' 41 9
2026-08-06 20:28:27,757 - DEBUG - STREAM b'tEXt' 62 25
2026-08-06 20:28:27,757 - DEBUG - STREAM b'IDAT' 99 8192
2026-08-06 20:28:27,763 - DEBUG - Building row for: base
2026-08-06 20:28:27,763 - DEBUG - Successfully built row for: base
2026-08-06 20:28:27,764 - DEBUG - Building row for: mantle
2026-08-06 20:28:27,764 - DEBUG - Successfully built row for: mantle
2026-08-06 20:28:27,764 - DEBUG - Building row for: surface
2026-08-06 20:28:27,764 - DEBUG - Successfully built row for: surface
2026-08-06 20:28:27,764 - DEBUG - Building row for: surface0
2026-08-06 20:28:27,764 - DEBUG - Successfully built row for: surface0
2026-08-06 20:28:27,764 - DEBUG - Building row for: surface1
2026-08-06 20:28:27,765 - DEBUG - Successfully built row for: surface1
2026-08-06 20:28:27,765 - DEBUG - Building row for: surface2
2026-08-06 20:28:27,765 - DEBUG - Successfully built row for: surface2
2026-08-06 20:28:27,765 - DEBUG - Building row for: text
2026-08-06 20:28:27,765 - DEBUG - Successfully built row for: text
2026-08-06 20:28:27,766 - DEBUG - Building row for: subtext0
2026-08-06 20:28:27,766 - DEBUG - Successfully built row for: subtext0
2026-08-06 20:28:27,766 - DEBUG - Building row for: subtext1
2026-08-06 20:28:27,766 - DEBUG - Successfully built row for: subtext1
2026-08-06 20:28:27,766 - DEBUG - Building row for: overlay0
2026-08-06 20:28:27,767 - DEBUG - Successfully built row for: overlay0
2026-08-06 20:28:27,785 - INFO - set_theme called with theme: latte, custom_colors: False
2026-08-06 20:28:27,785 - INFO - Setting built-in theme: latte
2026-08-06 20:28:27,785 - INFO - Loaded 26 colors from latte.json
2026-08-06 20:28:27,786 - INFO - Theme set to: latte with 26 colors
2026-08-06 20:28:27,786 - INFO - Calling theme change callback
2026-08-06 20:28:27,794 - DEBUG - STREAM b'IHDR' 16 13
2026-08-06 20:28:27,794 - DEBUG - STREAM b'sRGB' 41 1
2026-08-06 20:28:27,794 - DEBUG - STREAM b'IDAT' 54 292
2026-08-06 20:28:27,795 - DEBUG - STREAM b'IHDR' 16 13
2026-08-06 20:28:27,795 - DEBUG - STREAM b'sRGB' 41 1
2026-08-06 20:28:27,795 - DEBUG - STREAM b'IDAT' 54 183
2026-08-06 20:28:27,796 - DEBUG - STREAM b'IHDR' 16 13
2026-08-06 20:28:27,796 - DEBUG - STREAM b'sRGB' 41 1
2026-08-06 20:28:27,796 - DEBUG - STREAM b'IDAT' 54 234
2026-08-06 20:28:27,797 - DEBUG - STREAM b'IHDR' 16 13
2026-08-06 20:28:27,797 - DEBUG - STREAM b'sRGB' 41 1
2026-08-06 20:28:27,797 - DEBUG - STREAM b'IDAT' 54 286
2026-08-06 20:28:27,797 - DEBUG - STREAM b'IHDR' 16 13
2026-08-06 20:28:27,798 - DEBUG - STREAM b'sRGB' 41 1
2026-08-06 20:28:27,798 - DEBUG - STREAM b'IDAT' 54 298
2026-08-06 20:28:27,798 - DEBUG - STREAM b'IHDR' 16 13
2026-08-06 20:28:27,798 - DEBUG - STREAM b'sRGB' 41 1
2026-08-06 20:28:27,798 - DEBUG - STREAM b'IDAT' 54 338
2026-08-06 20:28:27,799 - DEBUG - STREAM b'IHDR' 16 13
2026-08-06 20:28:27,799 - DEBUG - STREAM b'pHYs' 41 9
2026-08-06 20:28:27,799 - DEBUG - STREAM b'tEXt' 62 25
2026-08-06 20:28:27,799 - DEBUG - STREAM b'IDAT' 99 8192
2026-08-06 20:28:27,803 - DEBUG - STREAM b'IHDR' 16 13
2026-08-06 20:28:27,803 - DEBUG - STREAM b'pHYs' 41 9
2026-08-06 20:28:27,803 - DEBUG - STREAM b'tEXt' 62 25
2026-08-06 20:28:27,803 - DEBUG - STREAM b'IDAT' 99 8192
2026-08-06 20:28:27,807 - DEBUG - STREAM b'IHDR' 16 13
2026-08-06 20:28:27,807 - DEBUG - STREAM b'pHYs' 41 9
2026-08-06 20:28:27,807 - DEBUG - STREAM b'tEXt' 62 25
2026-08-06 20:28:27,808 - DEBUG - STREAM b'IDAT' 99 8192
2026-08-06 20:28:27,811 - DEBUG - STREAM b'IHDR' 16 13
2026-08-06 20:28:27,811 - DEBUG - STREAM b'pHYs' 41 9
2026-08-06 20:28:27,811 - DEBUG - STREAM b'tEXt' 62 25
2026-08-06 20:28:27,811 - DEBUG - STREAM b'IDAT' 99 8192
2026-08-06 20:28:27,815 - DEBUG - STREAM b'IHDR' 16 13
2026-08-06 20:28:27,815 - DEBUG - STREAM b'sBIT' 41 4
2026-08-06 20:28:27,815 - DEBUG - b'sBIT' 41 4 (unknown)
2026-08-06 20:28:27,815 - DEBUG - STREAM b'pHYs' 57 9
2026-08-06 20:28:27,815 - DEBUG - STREAM b'tEXt' 78 25
2026-08-06 20:28:27,815 - DEBUG - STREAM b'IDAT' 115 8192
2026-08-06 20:28:29,805 - INFO - set_theme called with theme: mocha, custom_colors: False
2026-08-06 20:28:29,805 - INFO - Setting built-in theme: mocha
2026-08-06 20:28:29,806 - INFO - Loaded 26 colors from mocha.json
2026-08-06 20:28:29,806 - INFO - Theme set to: mocha with 26 colors
2026-08-06 20:28:29,807 - INFO - Calling theme change callback
2026-08-06 20:28:32,509 - INFO - Save button clicked - starting save process
2026-08-06 20:28:32,555 - DEBUG - Created new_settings dict with 15 keys
2026-08-06 20:28:32,555 - DEBUG - Theme changed: True, Is custom theme: False
2026-08-06 20:28:32,555 - INFO - Calling theme change callback
2026-08-06 20:28:32,555 - INFO - set_theme called with theme: mocha, custom_colors: False
2026-08-06 20:28:32,555 - INFO - Setting built-in theme: mocha
2026-08-06 20:28:32,555 - INFO - Loaded 26 colors from mocha.json
2026-08-06 20:28:32,555 - INFO - Theme set to: mocha with 26 colors
2026-08-06 20:28:32,555 - INFO - Calling theme change callback
2026-08-06 20:28:32,568 - INFO - Calling on_save callback
2026-08-06 20:28:32,568 - DEBUG - SET setting 'theme': mocha (previous: latte)
2026-08-06 20:28:32,568 - DEBUG - Attempting to save 41 settings to: C:\Users\user\OneDrive\Desktop\DiscordQuestManager\version 1.1.0\dist\DiscordQuestManager-data\settings.json
2026-08-06 20:28:32,569 - INFO - Successfully saved settings to file
2026-08-06 20:28:32,569 - DEBUG - Saved settings keys: ['theme', 'custom_duration', 'remember_duration', 'minimize_to_tray', 'auto_clean_on_exit', 'discord_auto_open', 'multi_quest_limit', 'dummy_cat_selection', 'dummy_alarm_enabled', 'dummy_alarm_type', 'dummy_alarm_sound_path', 'dummy_alarm_volume', 'custom_base', 'custom_mantle', 'custom_surface', 'custom_surface0', 'custom_surface1', 'custom_surface2', 'custom_text', 'custom_subtext0', 'custom_subtext1', 'custom_overlay0', 'custom_overlay1', 'custom_overlay2', 'custom_blue', 'custom_lavender', 'custom_sapphire', 'custom_sky', 'custom_teal', 'custom_green', 'custom_yellow', 'custom_peach', 'custom_maroon', 'custom_red', 'custom_mauve', 'custom_pink', 'custom_flamingo', 'custom_rosewater', 'auto_check_updates', 'exe_creation_path', 'data_folder_path']
2026-08-06 20:28:32,569 - INFO - Setting 'theme' updated and saved
2026-08-06 20:28:32,569 - DEBUG - SET setting 'custom_duration': 5 (previous: 5)
2026-08-06 20:28:32,569 - DEBUG - Attempting to save 41 settings to: C:\Users\user\OneDrive\Desktop\DiscordQuestManager\version 1.1.0\dist\DiscordQuestManager-data\settings.json
2026-08-06 20:28:32,570 - INFO - Successfully saved settings to file
2026-08-06 20:28:32,571 - DEBUG - Saved settings keys: ['theme', 'custom_duration', 'remember_duration', 'minimize_to_tray', 'auto_clean_on_exit', 'discord_auto_open', 'multi_quest_limit', 'dummy_cat_selection', 'dummy_alarm_enabled', 'dummy_alarm_type', 'dummy_alarm_sound_path', 'dummy_alarm_volume', 'custom_base', 'custom_mantle', 'custom_surface', 'custom_surface0', 'custom_surface1', 'custom_surface2', 'custom_text', 'custom_subtext0', 'custom_subtext1', 'custom_overlay0', 'custom_overlay1', 'custom_overlay2', 'custom_blue', 'custom_lavender', 'custom_sapphire', 'custom_sky', 'custom_teal', 'custom_green', 'custom_yellow', 'custom_peach', 'custom_maroon', 'custom_red', 'custom_mauve', 'custom_pink', 'custom_flamingo', 'custom_rosewater', 'auto_check_updates', 'exe_creation_path', 'data_folder_path']
2026-08-06 20:28:32,571 - INFO - Setting 'custom_duration' updated and saved
2026-08-06 20:28:32,571 - DEBUG - SET setting 'remember_duration': True (previous: True)
2026-08-06 20:28:32,571 - DEBUG - Attempting to save 41 settings to: C:\Users\user\OneDrive\Desktop\DiscordQuestManager\version 1.1.0\dist\DiscordQuestManager-data\settings.json
2026-08-06 20:28:32,591 - INFO - Successfully saved settings to file
2026-08-06 20:28:32,591 - DEBUG - Saved settings keys: ['theme', 'custom_duration', 'remember_duration', 'minimize_to_tray', 'auto_clean_on_exit', 'discord_auto_open', 'multi_quest_limit', 'dummy_cat_selection', 'dummy_alarm_enabled', 'dummy_alarm_type', 'dummy_alarm_sound_path', 'dummy_alarm_volume', 'custom_base', 'custom_mantle', 'custom_surface', 'custom_surface0', 'custom_surface1', 'custom_surface2', 'custom_text', 'custom_subtext0', 'custom_subtext1', 'custom_overlay0', 'custom_overlay1', 'custom_overlay2', 'custom_blue', 'custom_lavender', 'custom_sapphire', 'custom_sky', 'custom_teal', 'custom_green', 'custom_yellow', 'custom_peach', 'custom_maroon', 'custom_red', 'custom_mauve', 'custom_pink', 'custom_flamingo', 'custom_rosewater', 'auto_check_updates', 'exe_creation_path', 'data_folder_path']
2026-08-06 20:28:32,591 - INFO - Setting 'remember_duration' updated and saved
2026-08-06 20:28:32,591 - DEBUG - SET setting 'minimize_to_tray': False (previous: False)
2026-08-06 20:28:32,591 - DEBUG - Attempting to save 41 settings to: C:\Users\user\OneDrive\Desktop\DiscordQuestManager\version 1.1.0\dist\DiscordQuestManager-data\settings.json
2026-08-06 20:28:32,592 - INFO - Successfully saved settings to file
2026-08-06 20:28:32,592 - DEBUG - Saved settings keys: ['theme', 'custom_duration', 'remember_duration', 'minimize_to_tray', 'auto_clean_on_exit', 'discord_auto_open', 'multi_quest_limit', 'dummy_cat_selection', 'dummy_alarm_enabled', 'dummy_alarm_type', 'dummy_alarm_sound_path', 'dummy_alarm_volume', 'custom_base', 'custom_mantle', 'custom_surface', 'custom_surface0', 'custom_surface1', 'custom_surface2', 'custom_text', 'custom_subtext0', 'custom_subtext1', 'custom_overlay0', 'custom_overlay1', 'custom_overlay2', 'custom_blue', 'custom_lavender', 'custom_sapphire', 'custom_sky', 'custom_teal', 'custom_green', 'custom_yellow', 'custom_peach', 'custom_maroon', 'custom_red', 'custom_mauve', 'custom_pink', 'custom_flamingo', 'custom_rosewater', 'auto_check_updates', 'exe_creation_path', 'data_folder_path']
2026-08-06 20:28:32,592 - INFO - Setting 'minimize_to_tray' updated and saved
2026-08-06 20:28:32,592 - DEBUG - SET setting 'auto_clean_on_exit': True (previous: True)
2026-08-06 20:28:32,592 - DEBUG - Attempting to save 41 settings to: C:\Users\user\OneDrive\Desktop\DiscordQuestManager\version 1.1.0\dist\DiscordQuestManager-data\settings.json
2026-08-06 20:28:32,593 - INFO - Successfully saved settings to file
2026-08-06 20:28:32,593 - DEBUG - Saved settings keys: ['theme', 'custom_duration', 'remember_duration', 'minimize_to_tray', 'auto_clean_on_exit', 'discord_auto_open', 'multi_quest_limit', 'dummy_cat_selection', 'dummy_alarm_enabled', 'dummy_alarm_type', 'dummy_alarm_sound_path', 'dummy_alarm_volume', 'custom_base', 'custom_mantle', 'custom_surface', 'custom_surface0', 'custom_surface1', 'custom_surface2', 'custom_text', 'custom_subtext0', 'custom_subtext1', 'custom_overlay0', 'custom_overlay1', 'custom_overlay2', 'custom_blue', 'custom_lavender', 'custom_sapphire', 'custom_sky', 'custom_teal', 'custom_green', 'custom_yellow', 'custom_peach', 'custom_maroon', 'custom_red', 'custom_mauve', 'custom_pink', 'custom_flamingo', 'custom_rosewater', 'auto_check_updates', 'exe_creation_path', 'data_folder_path']
2026-08-06 20:28:32,593 - INFO - Setting 'auto_clean_on_exit' updated and saved
2026-08-06 20:28:32,593 - DEBUG - SET setting 'discord_auto_open': True (previous: True)
2026-08-06 20:28:32,593 - DEBUG - Attempting to save 41 settings to: C:\Users\user\OneDrive\Desktop\DiscordQuestManager\version 1.1.0\dist\DiscordQuestManager-data\settings.json
2026-08-06 20:28:32,594 - INFO - Successfully saved settings to file
2026-08-06 20:28:32,594 - DEBUG - Saved settings keys: ['theme', 'custom_duration', 'remember_duration', 'minimize_to_tray', 'auto_clean_on_exit', 'discord_auto_open', 'multi_quest_limit', 'dummy_cat_selection', 'dummy_alarm_enabled', 'dummy_alarm_type', 'dummy_alarm_sound_path', 'dummy_alarm_volume', 'custom_base', 'custom_mantle', 'custom_surface', 'custom_surface0', 'custom_surface1', 'custom_surface2', 'custom_text', 'custom_subtext0', 'custom_subtext1', 'custom_overlay0', 'custom_overlay1', 'custom_overlay2', 'custom_blue', 'custom_lavender', 'custom_sapphire', 'custom_sky', 'custom_teal', 'custom_green', 'custom_yellow', 'custom_peach', 'custom_maroon', 'custom_red', 'custom_mauve', 'custom_pink', 'custom_flamingo', 'custom_rosewater', 'auto_check_updates', 'exe_creation_path', 'data_folder_path']
2026-08-06 20:28:32,594 - INFO - Setting 'discord_auto_open' updated and saved
2026-08-06 20:28:32,594 - DEBUG - SET setting 'multi_quest_limit': 0 (previous: 0)
2026-08-06 20:28:32,594 - DEBUG - Attempting to save 41 settings to: C:\Users\user\OneDrive\Desktop\DiscordQuestManager\version 1.1.0\dist\DiscordQuestManager-data\settings.json
2026-08-06 20:28:32,595 - INFO - Successfully saved settings to file
2026-08-06 20:28:32,595 - DEBUG - Saved settings keys: ['theme', 'custom_duration', 'remember_duration', 'minimize_to_tray', 'auto_clean_on_exit', 'discord_auto_open', 'multi_quest_limit', 'dummy_cat_selection', 'dummy_alarm_enabled', 'dummy_alarm_type', 'dummy_alarm_sound_path', 'dummy_alarm_volume', 'custom_base', 'custom_mantle', 'custom_surface', 'custom_surface0', 'custom_surface1', 'custom_surface2', 'custom_text', 'custom_subtext0', 'custom_subtext1', 'custom_overlay0', 'custom_overlay1', 'custom_overlay2', 'custom_blue', 'custom_lavender', 'custom_sapphire', 'custom_sky', 'custom_teal', 'custom_green', 'custom_yellow', 'custom_peach', 'custom_maroon', 'custom_red', 'custom_mauve', 'custom_pink', 'custom_flamingo', 'custom_rosewater', 'auto_check_updates', 'exe_creation_path', 'data_folder_path']
2026-08-06 20:28:32,595 - INFO - Setting 'multi_quest_limit' updated and saved
2026-08-06 20:28:32,595 - DEBUG - SET setting 'auto_check_updates': False (previous: False)
2026-08-06 20:28:32,595 - DEBUG - Attempting to save 41 settings to: C:\Users\user\OneDrive\Desktop\DiscordQuestManager\version 1.1.0\dist\DiscordQuestManager-data\settings.json
2026-08-06 20:28:32,596 - INFO - Successfully saved settings to file
2026-08-06 20:28:32,596 - DEBUG - Saved settings keys: ['theme', 'custom_duration', 'remember_duration', 'minimize_to_tray', 'auto_clean_on_exit', 'discord_auto_open', 'multi_quest_limit', 'dummy_cat_selection', 'dummy_alarm_enabled', 'dummy_alarm_type', 'dummy_alarm_sound_path', 'dummy_alarm_volume', 'custom_base', 'custom_mantle', 'custom_surface', 'custom_surface0', 'custom_surface1', 'custom_surface2', 'custom_text', 'custom_subtext0', 'custom_subtext1', 'custom_overlay0', 'custom_overlay1', 'custom_overlay2', 'custom_blue', 'custom_lavender', 'custom_sapphire', 'custom_sky', 'custom_teal', 'custom_green', 'custom_yellow', 'custom_peach', 'custom_maroon', 'custom_red', 'custom_mauve', 'custom_pink', 'custom_flamingo', 'custom_rosewater', 'auto_check_updates', 'exe_creation_path', 'data_folder_path']
2026-08-06 20:28:32,597 - INFO - Setting 'auto_check_updates' updated and saved
2026-08-06 20:28:32,597 - DEBUG - SET setting 'dummy_cat_selection': Cat-1 (previous: Cat-1)
2026-08-06 20:28:32,597 - DEBUG - Attempting to save 41 settings to: C:\Users\user\OneDrive\Desktop\DiscordQuestManager\version 1.1.0\dist\DiscordQuestManager-data\settings.json
2026-08-06 20:28:32,598 - INFO - Successfully saved settings to file
2026-08-06 20:28:32,598 - DEBUG - Saved settings keys: ['theme', 'custom_duration', 'remember_duration', 'minimize_to_tray', 'auto_clean_on_exit', 'discord_auto_open', 'multi_quest_limit', 'dummy_cat_selection', 'dummy_alarm_enabled', 'dummy_alarm_type', 'dummy_alarm_sound_path', 'dummy_alarm_volume', 'custom_base', 'custom_mantle', 'custom_surface', 'custom_surface0', 'custom_surface1', 'custom_surface2', 'custom_text', 'custom_subtext0', 'custom_subtext1', 'custom_overlay0', 'custom_overlay1', 'custom_overlay2', 'custom_blue', 'custom_lavender', 'custom_sapphire', 'custom_sky', 'custom_teal', 'custom_green', 'custom_yellow', 'custom_peach', 'custom_maroon', 'custom_red', 'custom_mauve', 'custom_pink', 'custom_flamingo', 'custom_rosewater', 'auto_check_updates', 'exe_creation_path', 'data_folder_path']
2026-08-06 20:28:32,598 - INFO - Setting 'dummy_cat_selection' updated and saved
2026-08-06 20:28:32,598 - DEBUG - SET setting 'dummy_alarm_enabled': True (previous: True)
2026-08-06 20:28:32,598 - DEBUG - Attempting to save 41 settings to: C:\Users\user\OneDrive\Desktop\DiscordQuestManager\version 1.1.0\dist\DiscordQuestManager-data\settings.json
2026-08-06 20:28:32,599 - INFO - Successfully saved settings to file
2026-08-06 20:28:32,599 - DEBUG - Saved settings keys: ['theme', 'custom_duration', 'remember_duration', 'minimize_to_tray', 'auto_clean_on_exit', 'discord_auto_open', 'multi_quest_limit', 'dummy_cat_selection', 'dummy_alarm_enabled', 'dummy_alarm_type', 'dummy_alarm_sound_path', 'dummy_alarm_volume', 'custom_base', 'custom_mantle', 'custom_surface', 'custom_surface0', 'custom_surface1', 'custom_surface2', 'custom_text', 'custom_subtext0', 'custom_subtext1', 'custom_overlay0', 'custom_overlay1', 'custom_overlay2', 'custom_blue', 'custom_lavender', 'custom_sapphire', 'custom_sky', 'custom_teal', 'custom_green', 'custom_yellow', 'custom_peach', 'custom_maroon', 'custom_red', 'custom_mauve', 'custom_pink', 'custom_flamingo', 'custom_rosewater', 'auto_check_updates', 'exe_creation_path', 'data_folder_path']
2026-08-06 20:28:32,599 - INFO - Setting 'dummy_alarm_enabled' updated and saved
2026-08-06 20:28:32,599 - DEBUG - SET setting 'dummy_alarm_type': default (previous: default)
2026-08-06 20:28:32,599 - DEBUG - Attempting to save 41 settings to: C:\Users\user\OneDrive\Desktop\DiscordQuestManager\version 1.1.0\dist\DiscordQuestManager-data\settings.json
2026-08-06 20:28:32,600 - INFO - Successfully saved settings to file
2026-08-06 20:28:32,600 - DEBUG - Saved settings keys: ['theme', 'custom_duration', 'remember_duration', 'minimize_to_tray', 'auto_clean_on_exit', 'discord_auto_open', 'multi_quest_limit', 'dummy_cat_selection', 'dummy_alarm_enabled', 'dummy_alarm_type', 'dummy_alarm_sound_path', 'dummy_alarm_volume', 'custom_base', 'custom_mantle', 'custom_surface', 'custom_surface0', 'custom_surface1', 'custom_surface2', 'custom_text', 'custom_subtext0', 'custom_subtext1', 'custom_overlay0', 'custom_overlay1', 'custom_overlay2', 'custom_blue', 'custom_lavender', 'custom_sapphire', 'custom_sky', 'custom_teal', 'custom_green', 'custom_yellow', 'custom_peach', 'custom_maroon', 'custom_red', 'custom_mauve', 'custom_pink', 'custom_flamingo', 'custom_rosewater', 'auto_check_updates', 'exe_creation_path', 'data_folder_path']
2026-08-06 20:28:32,600 - INFO - Setting 'dummy_alarm_type' updated and saved
2026-08-06 20:28:32,600 - DEBUG - SET setting 'dummy_alarm_sound_path':  (previous: )
2026-08-06 20:28:32,600 - DEBUG - Attempting to save 41 settings to: C:\Users\user\OneDrive\Desktop\DiscordQuestManager\version 1.1.0\dist\DiscordQuestManager-data\settings.json
2026-08-06 20:28:32,601 - INFO - Successfully saved settings to file
2026-08-06 20:28:32,601 - DEBUG - Saved settings keys: ['theme', 'custom_duration', 'remember_duration', 'minimize_to_tray', 'auto_clean_on_exit', 'discord_auto_open', 'multi_quest_limit', 'dummy_cat_selection', 'dummy_alarm_enabled', 'dummy_alarm_type', 'dummy_alarm_sound_path', 'dummy_alarm_volume', 'custom_base', 'custom_mantle', 'custom_surface', 'custom_surface0', 'custom_surface1', 'custom_surface2', 'custom_text', 'custom_subtext0', 'custom_subtext1', 'custom_overlay0', 'custom_overlay1', 'custom_overlay2', 'custom_blue', 'custom_lavender', 'custom_sapphire', 'custom_sky', 'custom_teal', 'custom_green', 'custom_yellow', 'custom_peach', 'custom_maroon', 'custom_red', 'custom_mauve', 'custom_pink', 'custom_flamingo', 'custom_rosewater', 'auto_check_updates', 'exe_creation_path', 'data_folder_path']
2026-08-06 20:28:32,601 - INFO - Setting 'dummy_alarm_sound_path' updated and saved
2026-08-06 20:28:32,601 - DEBUG - SET setting 'dummy_alarm_volume': 100 (previous: 100)
2026-08-06 20:28:32,601 - DEBUG - Attempting to save 41 settings to: C:\Users\user\OneDrive\Desktop\DiscordQuestManager\version 1.1.0\dist\DiscordQuestManager-data\settings.json
2026-08-06 20:28:32,602 - INFO - Successfully saved settings to file
2026-08-06 20:28:32,602 - DEBUG - Saved settings keys: ['theme', 'custom_duration', 'remember_duration', 'minimize_to_tray', 'auto_clean_on_exit', 'discord_auto_open', 'multi_quest_limit', 'dummy_cat_selection', 'dummy_alarm_enabled', 'dummy_alarm_type', 'dummy_alarm_sound_path', 'dummy_alarm_volume', 'custom_base', 'custom_mantle', 'custom_surface', 'custom_surface0', 'custom_surface1', 'custom_surface2', 'custom_text', 'custom_subtext0', 'custom_subtext1', 'custom_overlay0', 'custom_overlay1', 'custom_overlay2', 'custom_blue', 'custom_lavender', 'custom_sapphire', 'custom_sky', 'custom_teal', 'custom_green', 'custom_yellow', 'custom_peach', 'custom_maroon', 'custom_red', 'custom_mauve', 'custom_pink', 'custom_flamingo', 'custom_rosewater', 'auto_check_updates', 'exe_creation_path', 'data_folder_path']
2026-08-06 20:28:32,602 - INFO - Setting 'dummy_alarm_volume' updated and saved
2026-08-06 20:28:32,602 - DEBUG - SET setting 'exe_creation_path':  (previous: )
2026-08-06 20:28:32,602 - DEBUG - Attempting to save 41 settings to: C:\Users\user\OneDrive\Desktop\DiscordQuestManager\version 1.1.0\dist\DiscordQuestManager-data\settings.json
2026-08-06 20:28:32,602 - INFO - Successfully saved settings to file
2026-08-06 20:28:32,602 - DEBUG - Saved settings keys: ['theme', 'custom_duration', 'remember_duration', 'minimize_to_tray', 'auto_clean_on_exit', 'discord_auto_open', 'multi_quest_limit', 'dummy_cat_selection', 'dummy_alarm_enabled', 'dummy_alarm_type', 'dummy_alarm_sound_path', 'dummy_alarm_volume', 'custom_base', 'custom_mantle', 'custom_surface', 'custom_surface0', 'custom_surface1', 'custom_surface2', 'custom_text', 'custom_subtext0', 'custom_subtext1', 'custom_overlay0', 'custom_overlay1', 'custom_overlay2', 'custom_blue', 'custom_lavender', 'custom_sapphire', 'custom_sky', 'custom_teal', 'custom_green', 'custom_yellow', 'custom_peach', 'custom_maroon', 'custom_red', 'custom_mauve', 'custom_pink', 'custom_flamingo', 'custom_rosewater', 'auto_check_updates', 'exe_creation_path', 'data_folder_path']
2026-08-06 20:28:32,602 - INFO - Setting 'exe_creation_path' updated and saved
2026-08-06 20:28:32,602 - DEBUG - SET setting 'data_folder_path':  (previous: )
2026-08-06 20:28:32,602 - DEBUG - Attempting to save 41 settings to: C:\Users\user\OneDrive\Desktop\DiscordQuestManager\version 1.1.0\dist\DiscordQuestManager-data\settings.json
2026-08-06 20:28:32,603 - INFO - Successfully saved settings to file
2026-08-06 20:28:32,603 - DEBUG - Saved settings keys: ['theme', 'custom_duration', 'remember_duration', 'minimize_to_tray', 'auto_clean_on_exit', 'discord_auto_open', 'multi_quest_limit', 'dummy_cat_selection', 'dummy_alarm_enabled', 'dummy_alarm_type', 'dummy_alarm_sound_path', 'dummy_alarm_volume', 'custom_base', 'custom_mantle', 'custom_surface', 'custom_surface0', 'custom_surface1', 'custom_surface2', 'custom_text', 'custom_subtext0', 'custom_subtext1', 'custom_overlay0', 'custom_overlay1', 'custom_overlay2', 'custom_blue', 'custom_lavender', 'custom_sapphire', 'custom_sky', 'custom_teal', 'custom_green', 'custom_yellow', 'custom_peach', 'custom_maroon', 'custom_red', 'custom_mauve', 'custom_pink', 'custom_flamingo', 'custom_rosewater', 'auto_check_updates', 'exe_creation_path', 'data_folder_path']
2026-08-06 20:28:32,603 - INFO - Setting 'data_folder_path' updated and saved
2026-08-06 20:28:32,603 - DEBUG - GET setting 'custom_duration': 5 (default: 15)
2026-08-06 20:28:32,603 - DEBUG - GET setting 'multi_quest_limit': 0 (default: 0)
2026-08-06 20:28:32,603 - DEBUG - GET setting 'remember_duration': True (default: True)
2026-08-06 20:28:32,603 - DEBUG - GET setting 'minimize_to_tray': False (default: False)
2026-08-06 20:28:32,603 - DEBUG - GET setting 'auto_clean_on_exit': True (default: True)
2026-08-06 20:28:32,603 - DEBUG - GET setting 'discord_auto_open': True (default: True)
2026-08-06 20:28:32,603 - DEBUG - GET setting 'auto_check_updates': False (default: True)
2026-08-06 20:28:32,603 - DEBUG - GET setting 'dummy_cat_selection': Cat-1 (default: Cat-1)
2026-08-06 20:28:32,603 - DEBUG - GET setting 'exe_creation_path':  (default: )
2026-08-06 20:28:32,603 - DEBUG - GET setting 'data_folder_path':  (default: )
2026-08-06 20:28:32,603 - INFO - Settings saved successfully
2026-08-06 20:28:34,706 - INFO - set_theme called with theme: latte, custom_colors: False
2026-08-06 20:28:34,707 - INFO - Setting built-in theme: latte
2026-08-06 20:28:34,707 - INFO - Loaded 26 colors from latte.json
2026-08-06 20:28:34,707 - INFO - Theme set to: latte with 26 colors
2026-08-06 20:28:34,707 - INFO - Calling theme change callback
2026-08-06 20:28:37,235 - INFO - set_theme called with theme: mocha, custom_colors: False
2026-08-06 20:28:37,236 - INFO - Setting built-in theme: mocha
2026-08-06 20:28:37,237 - INFO - Loaded 26 colors from mocha.json
2026-08-06 20:28:37,237 - INFO - Theme set to: mocha with 26 colors
2026-08-06 20:28:37,237 - INFO - Calling theme change callback
2026-08-06 20:28:38,107 - INFO - set_theme called with theme: latte, custom_colors: False
2026-08-06 20:28:38,108 - INFO - Setting built-in theme: latte
2026-08-06 20:28:38,109 - INFO - Loaded 26 colors from latte.json
2026-08-06 20:28:38,109 - INFO - Theme set to: latte with 26 colors
2026-08-06 20:28:38,109 - INFO - Calling theme change callback
2026-08-06 20:28:41,815 - INFO - set_theme called with theme: custom, custom_colors: True
2026-08-06 20:28:41,815 - INFO - Setting custom theme with 26 colors
2026-08-06 20:28:41,817 - INFO - Saved custom theme to C:\Users\user\AppData\Local\Temp\_MEI197042\core\themes\custom.json
2026-08-06 20:28:41,818 - INFO - Theme set to: custom with 26 colors
2026-08-06 20:28:41,818 - INFO - Calling theme change callback
2026-08-06 20:28:43,522 - INFO - set_theme called with theme: latte, custom_colors: False
2026-08-06 20:28:43,523 - INFO - Setting built-in theme: latte
2026-08-06 20:28:43,523 - INFO - Loaded 26 colors from latte.json
2026-08-06 20:28:43,523 - INFO - Theme set to: latte with 26 colors
2026-08-06 20:28:43,523 - INFO - Calling theme change callback
2026-08-06 20:28:45,002 - INFO - set_theme called with theme: mocha, custom_colors: False
2026-08-06 20:28:45,002 - INFO - Setting built-in theme: mocha
2026-08-06 20:28:45,002 - INFO - Loaded 26 colors from mocha.json
2026-08-06 20:28:45,003 - INFO - Theme set to: mocha with 26 colors
2026-08-06 20:28:45,003 - INFO - Calling theme change callback
2026-08-06 20:28:47,099 - INFO - set_theme called with theme: latte, custom_colors: False
2026-08-06 20:28:47,099 - INFO - Setting built-in theme: latte
2026-08-06 20:28:47,099 - INFO - Loaded 26 colors from latte.json
2026-08-06 20:28:47,099 - INFO - Theme set to: latte with 26 colors
2026-08-06 20:28:47,099 - INFO - Calling theme change callback
2026-08-06 20:32:54,662 - DEBUG - GET setting 'auto_clean_on_exit': True (default: True)
2026-08-06 20:35:30,504 - INFO - Settings dialog logging initialized
2026-08-06 20:35:30,570 - DEBUG - Running in frozen mode, base_dir: C:\Users\user\OneDrive\Desktop\DiscordQuestManager\version 1.1.0\dist
2026-08-06 20:35:30,570 - DEBUG - Settings file path: C:\Users\user\OneDrive\Desktop\DiscordQuestManager\version 1.1.0\dist\DiscordQuestManager-data\settings.json
2026-08-06 20:35:30,570 - INFO - Settings file path: C:\Users\user\OneDrive\Desktop\DiscordQuestManager\version 1.1.0\dist\DiscordQuestManager-data\settings.json
2026-08-06 20:35:30,570 - DEBUG - Loaded default settings with 38 keys
2026-08-06 20:35:30,570 - DEBUG - Attempting to load settings from: C:\Users\user\OneDrive\Desktop\DiscordQuestManager\version 1.1.0\dist\DiscordQuestManager-data\settings.json
2026-08-06 20:35:30,570 - INFO - Successfully loaded 41 settings from file
2026-08-06 20:35:30,570 - DEBUG - Loaded settings keys: ['theme', 'custom_duration', 'remember_duration', 'minimize_to_tray', 'auto_clean_on_exit', 'discord_auto_open', 'multi_quest_limit', 'dummy_cat_selection', 'dummy_alarm_enabled', 'dummy_alarm_type', 'dummy_alarm_sound_path', 'dummy_alarm_volume', 'custom_base', 'custom_mantle', 'custom_surface', 'custom_surface0', 'custom_surface1', 'custom_surface2', 'custom_text', 'custom_subtext0', 'custom_subtext1', 'custom_overlay0', 'custom_overlay1', 'custom_overlay2', 'custom_blue', 'custom_lavender', 'custom_sapphire', 'custom_sky', 'custom_teal', 'custom_green', 'custom_yellow', 'custom_peach', 'custom_maroon', 'custom_red', 'custom_mauve', 'custom_pink', 'custom_flamingo', 'custom_rosewater', 'auto_check_updates', 'exe_creation_path', 'data_folder_path']
2026-08-06 20:35:30,570 - DEBUG - Updated settings, now have 41 total keys
2026-08-06 20:35:30,570 - INFO - SettingsManager initialized with 41 total settings
2026-08-06 20:35:30,571 - INFO - Loaded 26 colors from mocha.json
2026-08-06 20:35:30,571 - DEBUG - GET setting 'theme': mocha (default: mocha)
2026-08-06 20:35:30,572 - INFO - set_theme called with theme: mocha, custom_colors: False
2026-08-06 20:35:30,572 - INFO - Setting built-in theme: mocha
2026-08-06 20:35:30,572 - INFO - Loaded 26 colors from mocha.json
2026-08-06 20:35:30,572 - INFO - Theme set to: mocha with 26 colors
2026-08-06 20:35:30,572 - WARNING - No theme change callback registered
2026-08-06 20:35:30,572 - DEBUG - GET setting 'custom_duration': 5 (default: 15)
2026-08-06 20:35:30,572 - DEBUG - GET setting 'multi_quest_limit': 0 (default: 0)
2026-08-06 20:35:30,572 - DEBUG - GET setting 'remember_duration': True (default: True)
2026-08-06 20:35:30,572 - DEBUG - GET setting 'minimize_to_tray': False (default: False)
2026-08-06 20:35:30,572 - DEBUG - GET setting 'auto_clean_on_exit': True (default: True)
2026-08-06 20:35:30,572 - DEBUG - GET setting 'discord_auto_open': True (default: True)
2026-08-06 20:35:30,572 - DEBUG - GET setting 'auto_check_updates': False (default: True)
2026-08-06 20:35:30,572 - DEBUG - GET setting 'dummy_cat_selection': Cat-1 (default: Cat-1)
2026-08-06 20:35:30,572 - DEBUG - GET setting 'exe_creation_path':  (default: )
2026-08-06 20:35:30,572 - DEBUG - GET setting 'data_folder_path':  (default: )
2026-08-06 20:35:30,578 - DEBUG - Importing PngImagePlugin
2026-08-06 20:35:30,585 - DEBUG - STREAM b'IHDR' 16 13
2026-08-06 20:35:30,585 - DEBUG - STREAM b'pHYs' 41 9
2026-08-06 20:35:30,585 - DEBUG - STREAM b'tEXt' 62 25
2026-08-06 20:35:30,585 - DEBUG - STREAM b'IDAT' 99 8192
2026-08-06 20:35:30,596 - DEBUG - STREAM b'IHDR' 16 13
2026-08-06 20:35:30,596 - DEBUG - STREAM b'pHYs' 41 9
2026-08-06 20:35:30,596 - DEBUG - STREAM b'tEXt' 62 25
2026-08-06 20:35:30,596 - DEBUG - STREAM b'IDAT' 99 8192
2026-08-06 20:35:30,601 - DEBUG - STREAM b'IHDR' 16 13
2026-08-06 20:35:30,601 - DEBUG - STREAM b'pHYs' 41 9
2026-08-06 20:35:30,601 - DEBUG - STREAM b'tEXt' 62 25
2026-08-06 20:35:30,601 - DEBUG - STREAM b'IDAT' 99 8192
2026-08-06 20:35:30,606 - DEBUG - STREAM b'IHDR' 16 13
2026-08-06 20:35:30,606 - DEBUG - STREAM b'pHYs' 41 9
2026-08-06 20:35:30,606 - DEBUG - STREAM b'tEXt' 62 25
2026-08-06 20:35:30,606 - DEBUG - STREAM b'IDAT' 99 8192
2026-08-06 20:35:30,671 - DEBUG - STREAM b'IHDR' 16 13
2026-08-06 20:35:30,671 - DEBUG - STREAM b'pHYs' 41 9
2026-08-06 20:35:30,671 - DEBUG - STREAM b'tEXt' 62 25
2026-08-06 20:35:30,671 - DEBUG - STREAM b'IDAT' 99 8192
2026-08-06 20:35:30,727 - DEBUG - STREAM b'IHDR' 16 13
2026-08-06 20:35:30,727 - DEBUG - STREAM b'sBIT' 41 4
2026-08-06 20:35:30,727 - DEBUG - b'sBIT' 41 4 (unknown)
2026-08-06 20:35:30,727 - DEBUG - STREAM b'pHYs' 57 9
2026-08-06 20:35:30,727 - DEBUG - STREAM b'tEXt' 78 25
2026-08-06 20:35:30,727 - DEBUG - STREAM b'IDAT' 115 8192
2026-08-06 20:35:30,732 - DEBUG - STREAM b'IHDR' 16 13
2026-08-06 20:35:30,732 - DEBUG - STREAM b'sBIT' 41 4
2026-08-06 20:35:30,732 - DEBUG - b'sBIT' 41 4 (unknown)
2026-08-06 20:35:30,732 - DEBUG - STREAM b'pHYs' 57 9
2026-08-06 20:35:30,732 - DEBUG - STREAM b'tEXt' 78 25
2026-08-06 20:35:30,732 - DEBUG - STREAM b'IDAT' 115 7260
2026-08-06 20:35:30,773 - DEBUG - STREAM b'IHDR' 16 13
2026-08-06 20:35:30,773 - DEBUG - STREAM b'pHYs' 41 9
2026-08-06 20:35:30,773 - DEBUG - STREAM b'tEXt' 62 25
2026-08-06 20:35:30,773 - DEBUG - STREAM b'IDAT' 99 8192
2026-08-06 20:35:30,834 - DEBUG - STREAM b'IHDR' 16 13
2026-08-06 20:35:30,834 - DEBUG - STREAM b'sBIT' 41 4
2026-08-06 20:35:30,834 - DEBUG - b'sBIT' 41 4 (unknown)
2026-08-06 20:35:30,834 - DEBUG - STREAM b'pHYs' 57 9
2026-08-06 20:35:30,834 - DEBUG - STREAM b'tEXt' 78 25
2026-08-06 20:35:30,834 - DEBUG - STREAM b'IDAT' 115 8192
2026-08-06 20:35:30,839 - DEBUG - STREAM b'IHDR' 16 13
2026-08-06 20:35:30,839 - DEBUG - STREAM b'sRGB' 41 1
2026-08-06 20:35:30,839 - DEBUG - STREAM b'IDAT' 54 719
2026-08-06 20:35:30,911 - DEBUG - Importing AvifImagePlugin
2026-08-06 20:35:30,913 - DEBUG - Importing BlpImagePlugin
2026-08-06 20:35:30,914 - DEBUG - Importing BmpImagePlugin
2026-08-06 20:35:30,914 - DEBUG - Importing BufrStubImagePlugin
2026-08-06 20:35:30,914 - DEBUG - Importing CurImagePlugin
2026-08-06 20:35:30,914 - DEBUG - Importing DcxImagePlugin
2026-08-06 20:35:30,915 - DEBUG - Importing DdsImagePlugin
2026-08-06 20:35:30,919 - DEBUG - Importing EpsImagePlugin
2026-08-06 20:35:30,920 - DEBUG - Importing FitsImagePlugin
2026-08-06 20:35:30,921 - DEBUG - Importing FliImagePlugin
2026-08-06 20:35:30,922 - DEBUG - Importing FpxImagePlugin
2026-08-06 20:35:30,922 - DEBUG - Image: failed to import FpxImagePlugin: No module named 'olefile'
2026-08-06 20:35:30,922 - DEBUG - Importing FtexImagePlugin
2026-08-06 20:35:30,923 - DEBUG - Importing GbrImagePlugin
2026-08-06 20:35:30,924 - DEBUG - Importing GifImagePlugin
2026-08-06 20:35:30,924 - DEBUG - Importing GribStubImagePlugin
2026-08-06 20:35:30,924 - DEBUG - Importing Hdf5StubImagePlugin
2026-08-06 20:35:30,925 - DEBUG - Importing IcnsImagePlugin
2026-08-06 20:35:30,926 - DEBUG - Importing IcoImagePlugin
2026-08-06 20:35:30,926 - DEBUG - Importing ImImagePlugin
2026-08-06 20:35:30,927 - DEBUG - Importing ImtImagePlugin
2026-08-06 20:35:30,927 - DEBUG - Importing IptcImagePlugin
2026-08-06 20:35:30,928 - DEBUG - Importing JpegImagePlugin
2026-08-06 20:35:30,928 - DEBUG - Importing Jpeg2KImagePlugin
2026-08-06 20:35:30,928 - DEBUG - Importing McIdasImagePlugin
2026-08-06 20:35:30,928 - DEBUG - Importing MicImagePlugin
2026-08-06 20:35:30,929 - DEBUG - Image: failed to import MicImagePlugin: No module named 'olefile'
2026-08-06 20:35:30,929 - DEBUG - Importing MpegImagePlugin
2026-08-06 20:35:30,929 - DEBUG - Importing MpoImagePlugin
2026-08-06 20:35:30,930 - DEBUG - Importing MspImagePlugin
2026-08-06 20:35:30,931 - DEBUG - Importing PalmImagePlugin
2026-08-06 20:35:30,931 - DEBUG - Importing PcdImagePlugin
2026-08-06 20:35:30,932 - DEBUG - Importing PcxImagePlugin
2026-08-06 20:35:30,932 - DEBUG - Importing PdfImagePlugin
2026-08-06 20:35:30,937 - DEBUG - Importing PixarImagePlugin
2026-08-06 20:35:30,938 - DEBUG - Importing PngImagePlugin
2026-08-06 20:35:30,938 - DEBUG - Importing PpmImagePlugin
2026-08-06 20:35:30,938 - DEBUG - Importing PsdImagePlugin
2026-08-06 20:35:30,938 - DEBUG - Importing QoiImagePlugin
2026-08-06 20:35:30,938 - DEBUG - Importing SgiImagePlugin
2026-08-06 20:35:30,939 - DEBUG - Importing SpiderImagePlugin
2026-08-06 20:35:30,939 - DEBUG - Importing SunImagePlugin
2026-08-06 20:35:30,939 - DEBUG - Importing TgaImagePlugin
2026-08-06 20:35:30,940 - DEBUG - Importing TiffImagePlugin
2026-08-06 20:35:30,940 - DEBUG - Importing WebPImagePlugin
2026-08-06 20:35:30,941 - DEBUG - Importing WmfImagePlugin
2026-08-06 20:35:30,941 - DEBUG - Importing XbmImagePlugin
2026-08-06 20:35:30,942 - DEBUG - Importing XpmImagePlugin
2026-08-06 20:35:30,942 - DEBUG - Importing XVThumbImagePlugin
2026-08-06 20:36:07,962 - DEBUG - GET_ALL: Returning 41 settings
2026-08-06 20:36:07,967 - DEBUG - STREAM b'IHDR' 16 13
2026-08-06 20:36:07,967 - DEBUG - STREAM b'sBIT' 41 4
2026-08-06 20:36:07,967 - DEBUG - b'sBIT' 41 4 (unknown)
2026-08-06 20:36:07,967 - DEBUG - STREAM b'pHYs' 57 9
2026-08-06 20:36:07,967 - DEBUG - STREAM b'tEXt' 78 25
2026-08-06 20:36:07,967 - DEBUG - STREAM b'IDAT' 115 7521
2026-08-06 20:36:07,976 - DEBUG - STREAM b'IHDR' 16 13
2026-08-06 20:36:07,976 - DEBUG - STREAM b'pHYs' 41 9
2026-08-06 20:36:07,976 - DEBUG - STREAM b'tEXt' 62 25
2026-08-06 20:36:07,976 - DEBUG - STREAM b'IDAT' 99 8192
2026-08-06 20:36:07,980 - DEBUG - STREAM b'IHDR' 16 13
2026-08-06 20:36:07,980 - DEBUG - STREAM b'pHYs' 41 9
2026-08-06 20:36:07,980 - DEBUG - STREAM b'tEXt' 62 25
2026-08-06 20:36:07,980 - DEBUG - STREAM b'IDAT' 99 8192
2026-08-06 20:36:08,018 - DEBUG - STREAM b'IHDR' 16 13
2026-08-06 20:36:08,019 - DEBUG - STREAM b'sBIT' 41 4
2026-08-06 20:36:08,019 - DEBUG - b'sBIT' 41 4 (unknown)
2026-08-06 20:36:08,019 - DEBUG - STREAM b'pHYs' 57 9
2026-08-06 20:36:08,019 - DEBUG - STREAM b'tEXt' 78 25
2026-08-06 20:36:08,019 - DEBUG - STREAM b'IDAT' 115 7521
2026-08-06 20:36:08,053 - DEBUG - STREAM b'IHDR' 16 13
2026-08-06 20:36:08,053 - DEBUG - STREAM b'pHYs' 41 9
2026-08-06 20:36:08,053 - DEBUG - STREAM b'tEXt' 62 25
2026-08-06 20:36:08,053 - DEBUG - STREAM b'IDAT' 99 8192
2026-08-06 20:36:08,056 - DEBUG - STREAM b'IHDR' 16 13
2026-08-06 20:36:08,056 - DEBUG - STREAM b'pHYs' 41 9
2026-08-06 20:36:08,056 - DEBUG - STREAM b'tEXt' 62 25
2026-08-06 20:36:08,056 - DEBUG - STREAM b'IDAT' 99 8192
2026-08-06 20:36:08,060 - DEBUG - STREAM b'IHDR' 16 13
2026-08-06 20:36:08,060 - DEBUG - STREAM b'pHYs' 41 9
2026-08-06 20:36:08,060 - DEBUG - STREAM b'tEXt' 62 25
2026-08-06 20:36:08,060 - DEBUG - STREAM b'IDAT' 99 8192
2026-08-06 20:36:08,066 - DEBUG - Building row for: base
2026-08-06 20:36:08,067 - DEBUG - Successfully built row for: base
2026-08-06 20:36:08,067 - DEBUG - Building row for: mantle
2026-08-06 20:36:08,068 - DEBUG - Successfully built row for: mantle
2026-08-06 20:36:08,068 - DEBUG - Building row for: surface
2026-08-06 20:36:08,068 - DEBUG - Successfully built row for: surface
2026-08-06 20:36:08,068 - DEBUG - Building row for: surface0
2026-08-06 20:36:08,069 - DEBUG - Successfully built row for: surface0
2026-08-06 20:36:08,069 - DEBUG - Building row for: surface1
2026-08-06 20:36:08,069 - DEBUG - Successfully built row for: surface1
2026-08-06 20:36:08,069 - DEBUG - Building row for: surface2
2026-08-06 20:36:08,069 - DEBUG - Successfully built row for: surface2
2026-08-06 20:36:08,069 - DEBUG - Building row for: text
2026-08-06 20:36:08,070 - DEBUG - Successfully built row for: text
2026-08-06 20:36:08,070 - DEBUG - Building row for: subtext0
2026-08-06 20:36:08,070 - DEBUG - Successfully built row for: subtext0
2026-08-06 20:36:08,070 - DEBUG - Building row for: subtext1
2026-08-06 20:36:08,070 - DEBUG - Successfully built row for: subtext1
2026-08-06 20:36:08,071 - DEBUG - Building row for: overlay0
2026-08-06 20:36:08,071 - DEBUG - Successfully built row for: overlay0
2026-08-06 20:36:08,093 - INFO - set_theme called with theme: mocha, custom_colors: False
2026-08-06 20:36:08,094 - INFO - Setting built-in theme: mocha
2026-08-06 20:36:08,094 - INFO - Loaded 26 colors from mocha.json
2026-08-06 20:36:08,094 - INFO - Theme set to: mocha with 26 colors
2026-08-06 20:36:08,094 - INFO - Calling theme change callback
2026-08-06 20:36:08,103 - DEBUG - STREAM b'IHDR' 16 13
2026-08-06 20:36:08,103 - DEBUG - STREAM b'sRGB' 41 1
2026-08-06 20:36:08,103 - DEBUG - STREAM b'IDAT' 54 292
2026-08-06 20:36:08,103 - DEBUG - STREAM b'IHDR' 16 13
2026-08-06 20:36:08,104 - DEBUG - STREAM b'sRGB' 41 1
2026-08-06 20:36:08,104 - DEBUG - STREAM b'IDAT' 54 183
2026-08-06 20:36:08,104 - DEBUG - STREAM b'IHDR' 16 13
2026-08-06 20:36:08,104 - DEBUG - STREAM b'sRGB' 41 1
2026-08-06 20:36:08,104 - DEBUG - STREAM b'IDAT' 54 234
2026-08-06 20:36:08,105 - DEBUG - STREAM b'IHDR' 16 13
2026-08-06 20:36:08,105 - DEBUG - STREAM b'sRGB' 41 1
2026-08-06 20:36:08,105 - DEBUG - STREAM b'IDAT' 54 286
2026-08-06 20:36:08,106 - DEBUG - STREAM b'IHDR' 16 13
2026-08-06 20:36:08,106 - DEBUG - STREAM b'sRGB' 41 1
2026-08-06 20:36:08,106 - DEBUG - STREAM b'IDAT' 54 298
2026-08-06 20:36:08,107 - DEBUG - STREAM b'IHDR' 16 13
2026-08-06 20:36:08,107 - DEBUG - STREAM b'sRGB' 41 1
2026-08-06 20:36:08,107 - DEBUG - STREAM b'IDAT' 54 338
2026-08-06 20:36:08,107 - DEBUG - STREAM b'IHDR' 16 13
2026-08-06 20:36:08,107 - DEBUG - STREAM b'pHYs' 41 9
2026-08-06 20:36:08,107 - DEBUG - STREAM b'tEXt' 62 25
2026-08-06 20:36:08,108 - DEBUG - STREAM b'IDAT' 99 8192
2026-08-06 20:36:08,114 - DEBUG - STREAM b'IHDR' 16 13
2026-08-06 20:36:08,114 - DEBUG - STREAM b'pHYs' 41 9
2026-08-06 20:36:08,114 - DEBUG - STREAM b'tEXt' 62 25
2026-08-06 20:36:08,114 - DEBUG - STREAM b'IDAT' 99 8192
2026-08-06 20:36:08,120 - DEBUG - STREAM b'IHDR' 16 13
2026-08-06 20:36:08,120 - DEBUG - STREAM b'pHYs' 41 9
2026-08-06 20:36:08,120 - DEBUG - STREAM b'tEXt' 62 25
2026-08-06 20:36:08,120 - DEBUG - STREAM b'IDAT' 99 8192
2026-08-06 20:36:08,125 - DEBUG - STREAM b'IHDR' 16 13
2026-08-06 20:36:08,125 - DEBUG - STREAM b'pHYs' 41 9
2026-08-06 20:36:08,125 - DEBUG - STREAM b'tEXt' 62 25
2026-08-06 20:36:08,125 - DEBUG - STREAM b'IDAT' 99 8192
2026-08-06 20:36:08,130 - DEBUG - STREAM b'IHDR' 16 13
2026-08-06 20:36:08,131 - DEBUG - STREAM b'sBIT' 41 4
2026-08-06 20:36:08,131 - DEBUG - b'sBIT' 41 4 (unknown)
2026-08-06 20:36:08,131 - DEBUG - STREAM b'pHYs' 57 9
2026-08-06 20:36:08,131 - DEBUG - STREAM b'tEXt' 78 25
2026-08-06 20:36:08,131 - DEBUG - STREAM b'IDAT' 115 8192
2026-08-06 20:36:09,283 - INFO - set_theme called with theme: latte, custom_colors: False
2026-08-06 20:36:09,283 - INFO - Setting built-in theme: latte
2026-08-06 20:36:09,284 - INFO - Loaded 26 colors from latte.json
2026-08-06 20:36:09,284 - INFO - Theme set to: latte with 26 colors
2026-08-06 20:36:09,284 - INFO - Calling theme change callback
2026-08-06 20:36:11,314 - INFO - Save button clicked - starting save process
2026-08-06 20:36:11,347 - DEBUG - Created new_settings dict with 15 keys
2026-08-06 20:36:11,347 - DEBUG - Theme changed: True, Is custom theme: False
2026-08-06 20:36:11,347 - INFO - Calling theme change callback
2026-08-06 20:36:11,347 - INFO - set_theme called with theme: latte, custom_colors: False
2026-08-06 20:36:11,347 - INFO - Setting built-in theme: latte
2026-08-06 20:36:11,348 - INFO - Loaded 26 colors from latte.json
2026-08-06 20:36:11,348 - INFO - Theme set to: latte with 26 colors
2026-08-06 20:36:11,348 - INFO - Calling theme change callback
2026-08-06 20:36:11,360 - INFO - Calling on_save callback
2026-08-06 20:36:11,360 - DEBUG - SET setting 'theme': latte (previous: mocha)
2026-08-06 20:36:11,360 - DEBUG - Attempting to save 41 settings to: C:\Users\user\OneDrive\Desktop\DiscordQuestManager\version 1.1.0\dist\DiscordQuestManager-data\settings.json
2026-08-06 20:36:11,361 - INFO - Successfully saved settings to file
2026-08-06 20:36:11,361 - DEBUG - Saved settings keys: ['theme', 'custom_duration', 'remember_duration', 'minimize_to_tray', 'auto_clean_on_exit', 'discord_auto_open', 'multi_quest_limit', 'dummy_cat_selection', 'dummy_alarm_enabled', 'dummy_alarm_type', 'dummy_alarm_sound_path', 'dummy_alarm_volume', 'custom_base', 'custom_mantle', 'custom_surface', 'custom_surface0', 'custom_surface1', 'custom_surface2', 'custom_text', 'custom_subtext0', 'custom_subtext1', 'custom_overlay0', 'custom_overlay1', 'custom_overlay2', 'custom_blue', 'custom_lavender', 'custom_sapphire', 'custom_sky', 'custom_teal', 'custom_green', 'custom_yellow', 'custom_peach', 'custom_maroon', 'custom_red', 'custom_mauve', 'custom_pink', 'custom_flamingo', 'custom_rosewater', 'auto_check_updates', 'exe_creation_path', 'data_folder_path']
2026-08-06 20:36:11,361 - INFO - Setting 'theme' updated and saved
2026-08-06 20:36:11,361 - DEBUG - SET setting 'custom_duration': 5 (previous: 5)
2026-08-06 20:36:11,361 - DEBUG - Attempting to save 41 settings to: C:\Users\user\OneDrive\Desktop\DiscordQuestManager\version 1.1.0\dist\DiscordQuestManager-data\settings.json
2026-08-06 20:36:11,362 - INFO - Successfully saved settings to file
2026-08-06 20:36:11,362 - DEBUG - Saved settings keys: ['theme', 'custom_duration', 'remember_duration', 'minimize_to_tray', 'auto_clean_on_exit', 'discord_auto_open', 'multi_quest_limit', 'dummy_cat_selection', 'dummy_alarm_enabled', 'dummy_alarm_type', 'dummy_alarm_sound_path', 'dummy_alarm_volume', 'custom_base', 'custom_mantle', 'custom_surface', 'custom_surface0', 'custom_surface1', 'custom_surface2', 'custom_text', 'custom_subtext0', 'custom_subtext1', 'custom_overlay0', 'custom_overlay1', 'custom_overlay2', 'custom_blue', 'custom_lavender', 'custom_sapphire', 'custom_sky', 'custom_teal', 'custom_green', 'custom_yellow', 'custom_peach', 'custom_maroon', 'custom_red', 'custom_mauve', 'custom_pink', 'custom_flamingo', 'custom_rosewater', 'auto_check_updates', 'exe_creation_path', 'data_folder_path']
2026-08-06 20:36:11,362 - INFO - Setting 'custom_duration' updated and saved
2026-08-06 20:36:11,362 - DEBUG - SET setting 'remember_duration': True (previous: True)
2026-08-06 20:36:11,362 - DEBUG - Attempting to save 41 settings to: C:\Users\user\OneDrive\Desktop\DiscordQuestManager\version 1.1.0\dist\DiscordQuestManager-data\settings.json
2026-08-06 20:36:11,362 - INFO - Successfully saved settings to file
2026-08-06 20:36:11,362 - DEBUG - Saved settings keys: ['theme', 'custom_duration', 'remember_duration', 'minimize_to_tray', 'auto_clean_on_exit', 'discord_auto_open', 'multi_quest_limit', 'dummy_cat_selection', 'dummy_alarm_enabled', 'dummy_alarm_type', 'dummy_alarm_sound_path', 'dummy_alarm_volume', 'custom_base', 'custom_mantle', 'custom_surface', 'custom_surface0', 'custom_surface1', 'custom_surface2', 'custom_text', 'custom_subtext0', 'custom_subtext1', 'custom_overlay0', 'custom_overlay1', 'custom_overlay2', 'custom_blue', 'custom_lavender', 'custom_sapphire', 'custom_sky', 'custom_teal', 'custom_green', 'custom_yellow', 'custom_peach', 'custom_maroon', 'custom_red', 'custom_mauve', 'custom_pink', 'custom_flamingo', 'custom_rosewater', 'auto_check_updates', 'exe_creation_path', 'data_folder_path']
2026-08-06 20:36:11,362 - INFO - Setting 'remember_duration' updated and saved
2026-08-06 20:36:11,362 - DEBUG - SET setting 'minimize_to_tray': False (previous: False)
2026-08-06 20:36:11,362 - DEBUG - Attempting to save 41 settings to: C:\Users\user\OneDrive\Desktop\DiscordQuestManager\version 1.1.0\dist\DiscordQuestManager-data\settings.json
2026-08-06 20:36:11,363 - INFO - Successfully saved settings to file
2026-08-06 20:36:11,363 - DEBUG - Saved settings keys: ['theme', 'custom_duration', 'remember_duration', 'minimize_to_tray', 'auto_clean_on_exit', 'discord_auto_open', 'multi_quest_limit', 'dummy_cat_selection', 'dummy_alarm_enabled', 'dummy_alarm_type', 'dummy_alarm_sound_path', 'dummy_alarm_volume', 'custom_base', 'custom_mantle', 'custom_surface', 'custom_surface0', 'custom_surface1', 'custom_surface2', 'custom_text', 'custom_subtext0', 'custom_subtext1', 'custom_overlay0', 'custom_overlay1', 'custom_overlay2', 'custom_blue', 'custom_lavender', 'custom_sapphire', 'custom_sky', 'custom_teal', 'custom_green', 'custom_yellow', 'custom_peach', 'custom_maroon', 'custom_red', 'custom_mauve', 'custom_pink', 'custom_flamingo', 'custom_rosewater', 'auto_check_updates', 'exe_creation_path', 'data_folder_path']
2026-08-06 20:36:11,363 - INFO - Setting 'minimize_to_tray' updated and saved
2026-08-06 20:36:11,363 - DEBUG - SET setting 'auto_clean_on_exit': True (previous: True)
2026-08-06 20:36:11,363 - DEBUG - Attempting to save 41 settings to: C:\Users\user\OneDrive\Desktop\DiscordQuestManager\version 1.1.0\dist\DiscordQuestManager-data\settings.json
2026-08-06 20:36:11,369 - INFO - Successfully saved settings to file
2026-08-06 20:36:11,369 - DEBUG - Saved settings keys: ['theme', 'custom_duration', 'remember_duration', 'minimize_to_tray', 'auto_clean_on_exit', 'discord_auto_open', 'multi_quest_limit', 'dummy_cat_selection', 'dummy_alarm_enabled', 'dummy_alarm_type', 'dummy_alarm_sound_path', 'dummy_alarm_volume', 'custom_base', 'custom_mantle', 'custom_surface', 'custom_surface0', 'custom_surface1', 'custom_surface2', 'custom_text', 'custom_subtext0', 'custom_subtext1', 'custom_overlay0', 'custom_overlay1', 'custom_overlay2', 'custom_blue', 'custom_lavender', 'custom_sapphire', 'custom_sky', 'custom_teal', 'custom_green', 'custom_yellow', 'custom_peach', 'custom_maroon', 'custom_red', 'custom_mauve', 'custom_pink', 'custom_flamingo', 'custom_rosewater', 'auto_check_updates', 'exe_creation_path', 'data_folder_path']
2026-08-06 20:36:11,369 - INFO - Setting 'auto_clean_on_exit' updated and saved
2026-08-06 20:36:11,369 - DEBUG - SET setting 'discord_auto_open': True (previous: True)
2026-08-06 20:36:11,369 - DEBUG - Attempting to save 41 settings to: C:\Users\user\OneDrive\Desktop\DiscordQuestManager\version 1.1.0\dist\DiscordQuestManager-data\settings.json
2026-08-06 20:36:11,370 - INFO - Successfully saved settings to file
2026-08-06 20:36:11,370 - DEBUG - Saved settings keys: ['theme', 'custom_duration', 'remember_duration', 'minimize_to_tray', 'auto_clean_on_exit', 'discord_auto_open', 'multi_quest_limit', 'dummy_cat_selection', 'dummy_alarm_enabled', 'dummy_alarm_type', 'dummy_alarm_sound_path', 'dummy_alarm_volume', 'custom_base', 'custom_mantle', 'custom_surface', 'custom_surface0', 'custom_surface1', 'custom_surface2', 'custom_text', 'custom_subtext0', 'custom_subtext1', 'custom_overlay0', 'custom_overlay1', 'custom_overlay2', 'custom_blue', 'custom_lavender', 'custom_sapphire', 'custom_sky', 'custom_teal', 'custom_green', 'custom_yellow', 'custom_peach', 'custom_maroon', 'custom_red', 'custom_mauve', 'custom_pink', 'custom_flamingo', 'custom_rosewater', 'auto_check_updates', 'exe_creation_path', 'data_folder_path']
2026-08-06 20:36:11,370 - INFO - Setting 'discord_auto_open' updated and saved
2026-08-06 20:36:11,370 - DEBUG - SET setting 'multi_quest_limit': 0 (previous: 0)
2026-08-06 20:36:11,370 - DEBUG - Attempting to save 41 settings to: C:\Users\user\OneDrive\Desktop\DiscordQuestManager\version 1.1.0\dist\DiscordQuestManager-data\settings.json
2026-08-06 20:36:11,370 - INFO - Successfully saved settings to file
2026-08-06 20:36:11,370 - DEBUG - Saved settings keys: ['theme', 'custom_duration', 'remember_duration', 'minimize_to_tray', 'auto_clean_on_exit', 'discord_auto_open', 'multi_quest_limit', 'dummy_cat_selection', 'dummy_alarm_enabled', 'dummy_alarm_type', 'dummy_alarm_sound_path', 'dummy_alarm_volume', 'custom_base', 'custom_mantle', 'custom_surface', 'custom_surface0', 'custom_surface1', 'custom_surface2', 'custom_text', 'custom_subtext0', 'custom_subtext1', 'custom_overlay0', 'custom_overlay1', 'custom_overlay2', 'custom_blue', 'custom_lavender', 'custom_sapphire', 'custom_sky', 'custom_teal', 'custom_green', 'custom_yellow', 'custom_peach', 'custom_maroon', 'custom_red', 'custom_mauve', 'custom_pink', 'custom_flamingo', 'custom_rosewater', 'auto_check_updates', 'exe_creation_path', 'data_folder_path']
2026-08-06 20:36:11,371 - INFO - Setting 'multi_quest_limit' updated and saved
2026-08-06 20:36:11,371 - DEBUG - SET setting 'auto_check_updates': False (previous: False)
2026-08-06 20:36:11,371 - DEBUG - Attempting to save 41 settings to: C:\Users\user\OneDrive\Desktop\DiscordQuestManager\version 1.1.0\dist\DiscordQuestManager-data\settings.json
2026-08-06 20:36:11,371 - INFO - Successfully saved settings to file
2026-08-06 20:36:11,371 - DEBUG - Saved settings keys: ['theme', 'custom_duration', 'remember_duration', 'minimize_to_tray', 'auto_clean_on_exit', 'discord_auto_open', 'multi_quest_limit', 'dummy_cat_selection', 'dummy_alarm_enabled', 'dummy_alarm_type', 'dummy_alarm_sound_path', 'dummy_alarm_volume', 'custom_base', 'custom_mantle', 'custom_surface', 'custom_surface0', 'custom_surface1', 'custom_surface2', 'custom_text', 'custom_subtext0', 'custom_subtext1', 'custom_overlay0', 'custom_overlay1', 'custom_overlay2', 'custom_blue', 'custom_lavender', 'custom_sapphire', 'custom_sky', 'custom_teal', 'custom_green', 'custom_yellow', 'custom_peach', 'custom_maroon', 'custom_red', 'custom_mauve', 'custom_pink', 'custom_flamingo', 'custom_rosewater', 'auto_check_updates', 'exe_creation_path', 'data_folder_path']
2026-08-06 20:36:11,371 - INFO - Setting 'auto_check_updates' updated and saved
2026-08-06 20:36:11,371 - DEBUG - SET setting 'dummy_cat_selection': Cat-1 (previous: Cat-1)
2026-08-06 20:36:11,371 - DEBUG - Attempting to save 41 settings to: C:\Users\user\OneDrive\Desktop\DiscordQuestManager\version 1.1.0\dist\DiscordQuestManager-data\settings.json
2026-08-06 20:36:11,371 - INFO - Successfully saved settings to file
2026-08-06 20:36:11,371 - DEBUG - Saved settings keys: ['theme', 'custom_duration', 'remember_duration', 'minimize_to_tray', 'auto_clean_on_exit', 'discord_auto_open', 'multi_quest_limit', 'dummy_cat_selection', 'dummy_alarm_enabled', 'dummy_alarm_type', 'dummy_alarm_sound_path', 'dummy_alarm_volume', 'custom_base', 'custom_mantle', 'custom_surface', 'custom_surface0', 'custom_surface1', 'custom_surface2', 'custom_text', 'custom_subtext0', 'custom_subtext1', 'custom_overlay0', 'custom_overlay1', 'custom_overlay2', 'custom_blue', 'custom_lavender', 'custom_sapphire', 'custom_sky', 'custom_teal', 'custom_green', 'custom_yellow', 'custom_peach', 'custom_maroon', 'custom_red', 'custom_mauve', 'custom_pink', 'custom_flamingo', 'custom_rosewater', 'auto_check_updates', 'exe_creation_path', 'data_folder_path']
2026-08-06 20:36:11,372 - INFO - Setting 'dummy_cat_selection' updated and saved
2026-08-06 20:36:11,372 - DEBUG - SET setting 'dummy_alarm_enabled': True (previous: True)
2026-08-06 20:36:11,372 - DEBUG - Attempting to save 41 settings to: C:\Users\user\OneDrive\Desktop\DiscordQuestManager\version 1.1.0\dist\DiscordQuestManager-data\settings.json
2026-08-06 20:36:11,372 - INFO - Successfully saved settings to file
2026-08-06 20:36:11,372 - DEBUG - Saved settings keys: ['theme', 'custom_duration', 'remember_duration', 'minimize_to_tray', 'auto_clean_on_exit', 'discord_auto_open', 'multi_quest_limit', 'dummy_cat_selection', 'dummy_alarm_enabled', 'dummy_alarm_type', 'dummy_alarm_sound_path', 'dummy_alarm_volume', 'custom_base', 'custom_mantle', 'custom_surface', 'custom_surface0', 'custom_surface1', 'custom_surface2', 'custom_text', 'custom_subtext0', 'custom_subtext1', 'custom_overlay0', 'custom_overlay1', 'custom_overlay2', 'custom_blue', 'custom_lavender', 'custom_sapphire', 'custom_sky', 'custom_teal', 'custom_green', 'custom_yellow', 'custom_peach', 'custom_maroon', 'custom_red', 'custom_mauve', 'custom_pink', 'custom_flamingo', 'custom_rosewater', 'auto_check_updates', 'exe_creation_path', 'data_folder_path']
2026-08-06 20:36:11,372 - INFO - Setting 'dummy_alarm_enabled' updated and saved
2026-08-06 20:36:11,372 - DEBUG - SET setting 'dummy_alarm_type': default (previous: default)
2026-08-06 20:36:11,372 - DEBUG - Attempting to save 41 settings to: C:\Users\user\OneDrive\Desktop\DiscordQuestManager\version 1.1.0\dist\DiscordQuestManager-data\settings.json
2026-08-06 20:36:11,373 - INFO - Successfully saved settings to file
2026-08-06 20:36:11,373 - DEBUG - Saved settings keys: ['theme', 'custom_duration', 'remember_duration', 'minimize_to_tray', 'auto_clean_on_exit', 'discord_auto_open', 'multi_quest_limit', 'dummy_cat_selection', 'dummy_alarm_enabled', 'dummy_alarm_type', 'dummy_alarm_sound_path', 'dummy_alarm_volume', 'custom_base', 'custom_mantle', 'custom_surface', 'custom_surface0', 'custom_surface1', 'custom_surface2', 'custom_text', 'custom_subtext0', 'custom_subtext1', 'custom_overlay0', 'custom_overlay1', 'custom_overlay2', 'custom_blue', 'custom_lavender', 'custom_sapphire', 'custom_sky', 'custom_teal', 'custom_green', 'custom_yellow', 'custom_peach', 'custom_maroon', 'custom_red', 'custom_mauve', 'custom_pink', 'custom_flamingo', 'custom_rosewater', 'auto_check_updates', 'exe_creation_path', 'data_folder_path']
2026-08-06 20:36:11,373 - INFO - Setting 'dummy_alarm_type' updated and saved
2026-08-06 20:36:11,373 - DEBUG - SET setting 'dummy_alarm_sound_path':  (previous: )
2026-08-06 20:36:11,373 - DEBUG - Attempting to save 41 settings to: C:\Users\user\OneDrive\Desktop\DiscordQuestManager\version 1.1.0\dist\DiscordQuestManager-data\settings.json
2026-08-06 20:36:11,373 - INFO - Successfully saved settings to file
2026-08-06 20:36:11,373 - DEBUG - Saved settings keys: ['theme', 'custom_duration', 'remember_duration', 'minimize_to_tray', 'auto_clean_on_exit', 'discord_auto_open', 'multi_quest_limit', 'dummy_cat_selection', 'dummy_alarm_enabled', 'dummy_alarm_type', 'dummy_alarm_sound_path', 'dummy_alarm_volume', 'custom_base', 'custom_mantle', 'custom_surface', 'custom_surface0', 'custom_surface1', 'custom_surface2', 'custom_text', 'custom_subtext0', 'custom_subtext1', 'custom_overlay0', 'custom_overlay1', 'custom_overlay2', 'custom_blue', 'custom_lavender', 'custom_sapphire', 'custom_sky', 'custom_teal', 'custom_green', 'custom_yellow', 'custom_peach', 'custom_maroon', 'custom_red', 'custom_mauve', 'custom_pink', 'custom_flamingo', 'custom_rosewater', 'auto_check_updates', 'exe_creation_path', 'data_folder_path']
2026-08-06 20:36:11,373 - INFO - Setting 'dummy_alarm_sound_path' updated and saved
2026-08-06 20:36:11,373 - DEBUG - SET setting 'dummy_alarm_volume': 100 (previous: 100)
2026-08-06 20:36:11,373 - DEBUG - Attempting to save 41 settings to: C:\Users\user\OneDrive\Desktop\DiscordQuestManager\version 1.1.0\dist\DiscordQuestManager-data\settings.json
2026-08-06 20:36:11,374 - INFO - Successfully saved settings to file
2026-08-06 20:36:11,374 - DEBUG - Saved settings keys: ['theme', 'custom_duration', 'remember_duration', 'minimize_to_tray', 'auto_clean_on_exit', 'discord_auto_open', 'multi_quest_limit', 'dummy_cat_selection', 'dummy_alarm_enabled', 'dummy_alarm_type', 'dummy_alarm_sound_path', 'dummy_alarm_volume', 'custom_base', 'custom_mantle', 'custom_surface', 'custom_surface0', 'custom_surface1', 'custom_surface2', 'custom_text', 'custom_subtext0', 'custom_subtext1', 'custom_overlay0', 'custom_overlay1', 'custom_overlay2', 'custom_blue', 'custom_lavender', 'custom_sapphire', 'custom_sky', 'custom_teal', 'custom_green', 'custom_yellow', 'custom_peach', 'custom_maroon', 'custom_red', 'custom_mauve', 'custom_pink', 'custom_flamingo', 'custom_rosewater', 'auto_check_updates', 'exe_creation_path', 'data_folder_path']
2026-08-06 20:36:11,374 - INFO - Setting 'dummy_alarm_volume' updated and saved
2026-08-06 20:36:11,374 - DEBUG - SET setting 'exe_creation_path':  (previous: )
2026-08-06 20:36:11,374 - DEBUG - Attempting to save 41 settings to: C:\Users\user\OneDrive\Desktop\DiscordQuestManager\version 1.1.0\dist\DiscordQuestManager-data\settings.json
2026-08-06 20:36:11,374 - INFO - Successfully saved settings to file
2026-08-06 20:36:11,374 - DEBUG - Saved settings keys: ['theme', 'custom_duration', 'remember_duration', 'minimize_to_tray', 'auto_clean_on_exit', 'discord_auto_open', 'multi_quest_limit', 'dummy_cat_selection', 'dummy_alarm_enabled', 'dummy_alarm_type', 'dummy_alarm_sound_path', 'dummy_alarm_volume', 'custom_base', 'custom_mantle', 'custom_surface', 'custom_surface0', 'custom_surface1', 'custom_surface2', 'custom_text', 'custom_subtext0', 'custom_subtext1', 'custom_overlay0', 'custom_overlay1', 'custom_overlay2', 'custom_blue', 'custom_lavender', 'custom_sapphire', 'custom_sky', 'custom_teal', 'custom_green', 'custom_yellow', 'custom_peach', 'custom_maroon', 'custom_red', 'custom_mauve', 'custom_pink', 'custom_flamingo', 'custom_rosewater', 'auto_check_updates', 'exe_creation_path', 'data_folder_path']
2026-08-06 20:36:11,374 - INFO - Setting 'exe_creation_path' updated and saved
2026-08-06 20:36:11,375 - DEBUG - SET setting 'data_folder_path':  (previous: )
2026-08-06 20:36:11,375 - DEBUG - Attempting to save 41 settings to: C:\Users\user\OneDrive\Desktop\DiscordQuestManager\version 1.1.0\dist\DiscordQuestManager-data\settings.json
2026-08-06 20:36:11,375 - INFO - Successfully saved settings to file
2026-08-06 20:36:11,375 - DEBUG - Saved settings keys: ['theme', 'custom_duration', 'remember_duration', 'minimize_to_tray', 'auto_clean_on_exit', 'discord_auto_open', 'multi_quest_limit', 'dummy_cat_selection', 'dummy_alarm_enabled', 'dummy_alarm_type', 'dummy_alarm_sound_path', 'dummy_alarm_volume', 'custom_base', 'custom_mantle', 'custom_surface', 'custom_surface0', 'custom_surface1', 'custom_surface2', 'custom_text', 'custom_subtext0', 'custom_subtext1', 'custom_overlay0', 'custom_overlay1', 'custom_overlay2', 'custom_blue', 'custom_lavender', 'custom_sapphire', 'custom_sky', 'custom_teal', 'custom_green', 'custom_yellow', 'custom_peach', 'custom_maroon', 'custom_red', 'custom_mauve', 'custom_pink', 'custom_flamingo', 'custom_rosewater', 'auto_check_updates', 'exe_creation_path', 'data_folder_path']
2026-08-06 20:36:11,375 - INFO - Setting 'data_folder_path' updated and saved
2026-08-06 20:36:11,375 - DEBUG - GET setting 'custom_duration': 5 (default: 15)
2026-08-06 20:36:11,375 - DEBUG - GET setting 'multi_quest_limit': 0 (default: 0)
2026-08-06 20:36:11,375 - DEBUG - GET setting 'remember_duration': True (default: True)
2026-08-06 20:36:11,375 - DEBUG - GET setting 'minimize_to_tray': False (default: False)
2026-08-06 20:36:11,375 - DEBUG - GET setting 'auto_clean_on_exit': True (default: True)
2026-08-06 20:36:11,375 - DEBUG - GET setting 'discord_auto_open': True (default: True)
2026-08-06 20:36:11,375 - DEBUG - GET setting 'auto_check_updates': False (default: True)
2026-08-06 20:36:11,375 - DEBUG - GET setting 'dummy_cat_selection': Cat-1 (default: Cat-1)
2026-08-06 20:36:11,375 - DEBUG - GET setting 'exe_creation_path':  (default: )
2026-08-06 20:36:11,375 - DEBUG - GET setting 'data_folder_path':  (default: )
2026-08-06 20:36:11,375 - INFO - Settings saved successfully
2026-08-06 20:36:12,940 - INFO - set_theme called with theme: custom, custom_colors: True
2026-08-06 20:36:12,940 - INFO - Setting custom theme with 26 colors
2026-08-06 20:36:12,941 - INFO - Saved custom theme to C:\Users\user\AppData\Local\Temp\_MEI140722\core\themes\custom.json
2026-08-06 20:36:12,941 - INFO - Theme set to: custom with 26 colors
2026-08-06 20:36:12,941 - INFO - Calling theme change callback
2026-08-06 20:36:14,757 - INFO - set_theme called with theme: latte, custom_colors: False
2026-08-06 20:36:14,758 - INFO - Setting built-in theme: latte
2026-08-06 20:36:14,759 - INFO - Loaded 26 colors from latte.json
2026-08-06 20:36:14,759 - INFO - Theme set to: latte with 26 colors
2026-08-06 20:36:14,759 - INFO - Calling theme change callback
2026-08-06 20:36:16,033 - INFO - set_theme called with theme: mocha, custom_colors: False
2026-08-06 20:36:16,033 - INFO - Setting built-in theme: mocha
2026-08-06 20:36:16,034 - INFO - Loaded 26 colors from mocha.json
2026-08-06 20:36:16,034 - INFO - Theme set to: mocha with 26 colors
2026-08-06 20:36:16,034 - INFO - Calling theme change callback
2026-08-06 20:36:18,849 - INFO - set_theme called with theme: latte, custom_colors: False
2026-08-06 20:36:18,849 - INFO - Setting built-in theme: latte
2026-08-06 20:36:18,850 - INFO - Loaded 26 colors from latte.json
2026-08-06 20:36:18,850 - INFO - Theme set to: latte with 26 colors
2026-08-06 20:36:18,850 - INFO - Calling theme change callback
2026-08-06 20:36:23,450 - INFO - set_theme called with theme: custom, custom_colors: True
2026-08-06 20:36:23,450 - INFO - Setting custom theme with 26 colors
2026-08-06 20:36:23,451 - INFO - Saved custom theme to C:\Users\user\AppData\Local\Temp\_MEI140722\core\themes\custom.json
2026-08-06 20:36:23,451 - INFO - Theme set to: custom with 26 colors
2026-08-06 20:36:23,452 - INFO - Calling theme change callback
2026-08-06 20:36:34,906 - INFO - Save button clicked - starting save process
2026-08-06 20:36:34,950 - DEBUG - Collected 10 custom colors
2026-08-06 20:36:34,950 - DEBUG - Merged with mocha defaults, now have 26 total colors
2026-08-06 20:36:34,950 - DEBUG - Added 26 custom colors to new_settings
2026-08-06 20:36:34,950 - DEBUG - Created new_settings dict with 41 keys
2026-08-06 20:36:34,950 - DEBUG - Theme changed: True, Is custom theme: True
2026-08-06 20:36:34,950 - INFO - Calling theme change callback
2026-08-06 20:36:34,950 - INFO - set_theme called with theme: custom, custom_colors: True
2026-08-06 20:36:34,950 - INFO - Setting custom theme with 26 colors
2026-08-06 20:36:34,950 - INFO - Saved custom theme to C:\Users\user\AppData\Local\Temp\_MEI140722\core\themes\custom.json
2026-08-06 20:36:34,951 - INFO - Theme set to: custom with 26 colors
2026-08-06 20:36:34,951 - INFO - Calling theme change callback
2026-08-06 20:36:34,962 - INFO - Calling on_save callback
2026-08-06 20:36:34,962 - DEBUG - SET setting 'theme': custom (previous: latte)
2026-08-06 20:36:34,962 - DEBUG - Attempting to save 41 settings to: C:\Users\user\OneDrive\Desktop\DiscordQuestManager\version 1.1.0\dist\DiscordQuestManager-data\settings.json
2026-08-06 20:36:34,963 - INFO - Successfully saved settings to file
2026-08-06 20:36:34,963 - DEBUG - Saved settings keys: ['theme', 'custom_duration', 'remember_duration', 'minimize_to_tray', 'auto_clean_on_exit', 'discord_auto_open', 'multi_quest_limit', 'dummy_cat_selection', 'dummy_alarm_enabled', 'dummy_alarm_type', 'dummy_alarm_sound_path', 'dummy_alarm_volume', 'custom_base', 'custom_mantle', 'custom_surface', 'custom_surface0', 'custom_surface1', 'custom_surface2', 'custom_text', 'custom_subtext0', 'custom_subtext1', 'custom_overlay0', 'custom_overlay1', 'custom_overlay2', 'custom_blue', 'custom_lavender', 'custom_sapphire', 'custom_sky', 'custom_teal', 'custom_green', 'custom_yellow', 'custom_peach', 'custom_maroon', 'custom_red', 'custom_mauve', 'custom_pink', 'custom_flamingo', 'custom_rosewater', 'auto_check_updates', 'exe_creation_path', 'data_folder_path']
2026-08-06 20:36:34,963 - INFO - Setting 'theme' updated and saved
2026-08-06 20:36:34,963 - DEBUG - SET setting 'custom_duration': 5 (previous: 5)
2026-08-06 20:36:34,963 - DEBUG - Attempting to save 41 settings to: C:\Users\user\OneDrive\Desktop\DiscordQuestManager\version 1.1.0\dist\DiscordQuestManager-data\settings.json
2026-08-06 20:36:34,963 - INFO - Successfully saved settings to file
2026-08-06 20:36:34,963 - DEBUG - Saved settings keys: ['theme', 'custom_duration', 'remember_duration', 'minimize_to_tray', 'auto_clean_on_exit', 'discord_auto_open', 'multi_quest_limit', 'dummy_cat_selection', 'dummy_alarm_enabled', 'dummy_alarm_type', 'dummy_alarm_sound_path', 'dummy_alarm_volume', 'custom_base', 'custom_mantle', 'custom_surface', 'custom_surface0', 'custom_surface1', 'custom_surface2', 'custom_text', 'custom_subtext0', 'custom_subtext1', 'custom_overlay0', 'custom_overlay1', 'custom_overlay2', 'custom_blue', 'custom_lavender', 'custom_sapphire', 'custom_sky', 'custom_teal', 'custom_green', 'custom_yellow', 'custom_peach', 'custom_maroon', 'custom_red', 'custom_mauve', 'custom_pink', 'custom_flamingo', 'custom_rosewater', 'auto_check_updates', 'exe_creation_path', 'data_folder_path']
2026-08-06 20:36:34,963 - INFO - Setting 'custom_duration' updated and saved
2026-08-06 20:36:34,963 - DEBUG - SET setting 'remember_duration': True (previous: True)
2026-08-06 20:36:34,964 - DEBUG - Attempting to save 41 settings to: C:\Users\user\OneDrive\Desktop\DiscordQuestManager\version 1.1.0\dist\DiscordQuestManager-data\settings.json
2026-08-06 20:36:34,971 - INFO - Successfully saved settings to file
2026-08-06 20:36:34,971 - DEBUG - Saved settings keys: ['theme', 'custom_duration', 'remember_duration', 'minimize_to_tray', 'auto_clean_on_exit', 'discord_auto_open', 'multi_quest_limit', 'dummy_cat_selection', 'dummy_alarm_enabled', 'dummy_alarm_type', 'dummy_alarm_sound_path', 'dummy_alarm_volume', 'custom_base', 'custom_mantle', 'custom_surface', 'custom_surface0', 'custom_surface1', 'custom_surface2', 'custom_text', 'custom_subtext0', 'custom_subtext1', 'custom_overlay0', 'custom_overlay1', 'custom_overlay2', 'custom_blue', 'custom_lavender', 'custom_sapphire', 'custom_sky', 'custom_teal', 'custom_green', 'custom_yellow', 'custom_peach', 'custom_maroon', 'custom_red', 'custom_mauve', 'custom_pink', 'custom_flamingo', 'custom_rosewater', 'auto_check_updates', 'exe_creation_path', 'data_folder_path']
2026-08-06 20:36:34,971 - INFO - Setting 'remember_duration' updated and saved
2026-08-06 20:36:34,971 - DEBUG - SET setting 'minimize_to_tray': False (previous: False)
2026-08-06 20:36:34,971 - DEBUG - Attempting to save 41 settings to: C:\Users\user\OneDrive\Desktop\DiscordQuestManager\version 1.1.0\dist\DiscordQuestManager-data\settings.json
2026-08-06 20:36:34,971 - INFO - Successfully saved settings to file
2026-08-06 20:36:34,971 - DEBUG - Saved settings keys: ['theme', 'custom_duration', 'remember_duration', 'minimize_to_tray', 'auto_clean_on_exit', 'discord_auto_open', 'multi_quest_limit', 'dummy_cat_selection', 'dummy_alarm_enabled', 'dummy_alarm_type', 'dummy_alarm_sound_path', 'dummy_alarm_volume', 'custom_base', 'custom_mantle', 'custom_surface', 'custom_surface0', 'custom_surface1', 'custom_surface2', 'custom_text', 'custom_subtext0', 'custom_subtext1', 'custom_overlay0', 'custom_overlay1', 'custom_overlay2', 'custom_blue', 'custom_lavender', 'custom_sapphire', 'custom_sky', 'custom_teal', 'custom_green', 'custom_yellow', 'custom_peach', 'custom_maroon', 'custom_red', 'custom_mauve', 'custom_pink', 'custom_flamingo', 'custom_rosewater', 'auto_check_updates', 'exe_creation_path', 'data_folder_path']
2026-08-06 20:36:34,971 - INFO - Setting 'minimize_to_tray' updated and saved
2026-08-06 20:36:34,971 - DEBUG - SET setting 'auto_clean_on_exit': False (previous: True)
2026-08-06 20:36:34,971 - DEBUG - Attempting to save 41 settings to: C:\Users\user\OneDrive\Desktop\DiscordQuestManager\version 1.1.0\dist\DiscordQuestManager-data\settings.json
2026-08-06 20:36:34,972 - INFO - Successfully saved settings to file
2026-08-06 20:36:34,972 - DEBUG - Saved settings keys: ['theme', 'custom_duration', 'remember_duration', 'minimize_to_tray', 'auto_clean_on_exit', 'discord_auto_open', 'multi_quest_limit', 'dummy_cat_selection', 'dummy_alarm_enabled', 'dummy_alarm_type', 'dummy_alarm_sound_path', 'dummy_alarm_volume', 'custom_base', 'custom_mantle', 'custom_surface', 'custom_surface0', 'custom_surface1', 'custom_surface2', 'custom_text', 'custom_subtext0', 'custom_subtext1', 'custom_overlay0', 'custom_overlay1', 'custom_overlay2', 'custom_blue', 'custom_lavender', 'custom_sapphire', 'custom_sky', 'custom_teal', 'custom_green', 'custom_yellow', 'custom_peach', 'custom_maroon', 'custom_red', 'custom_mauve', 'custom_pink', 'custom_flamingo', 'custom_rosewater', 'auto_check_updates', 'exe_creation_path', 'data_folder_path']
2026-08-06 20:36:34,972 - INFO - Setting 'auto_clean_on_exit' updated and saved
2026-08-06 20:36:34,972 - DEBUG - SET setting 'discord_auto_open': True (previous: True)
2026-08-06 20:36:34,972 - DEBUG - Attempting to save 41 settings to: C:\Users\user\OneDrive\Desktop\DiscordQuestManager\version 1.1.0\dist\DiscordQuestManager-data\settings.json
2026-08-06 20:36:34,979 - INFO - Successfully saved settings to file
2026-08-06 20:36:34,979 - DEBUG - Saved settings keys: ['theme', 'custom_duration', 'remember_duration', 'minimize_to_tray', 'auto_clean_on_exit', 'discord_auto_open', 'multi_quest_limit', 'dummy_cat_selection', 'dummy_alarm_enabled', 'dummy_alarm_type', 'dummy_alarm_sound_path', 'dummy_alarm_volume', 'custom_base', 'custom_mantle', 'custom_surface', 'custom_surface0', 'custom_surface1', 'custom_surface2', 'custom_text', 'custom_subtext0', 'custom_subtext1', 'custom_overlay0', 'custom_overlay1', 'custom_overlay2', 'custom_blue', 'custom_lavender', 'custom_sapphire', 'custom_sky', 'custom_teal', 'custom_green', 'custom_yellow', 'custom_peach', 'custom_maroon', 'custom_red', 'custom_mauve', 'custom_pink', 'custom_flamingo', 'custom_rosewater', 'auto_check_updates', 'exe_creation_path', 'data_folder_path']
2026-08-06 20:36:34,979 - INFO - Setting 'discord_auto_open' updated and saved
2026-08-06 20:36:34,979 - DEBUG - SET setting 'multi_quest_limit': 0 (previous: 0)
2026-08-06 20:36:34,979 - DEBUG - Attempting to save 41 settings to: C:\Users\user\OneDrive\Desktop\DiscordQuestManager\version 1.1.0\dist\DiscordQuestManager-data\settings.json
2026-08-06 20:36:34,979 - INFO - Successfully saved settings to file
2026-08-06 20:36:34,979 - DEBUG - Saved settings keys: ['theme', 'custom_duration', 'remember_duration', 'minimize_to_tray', 'auto_clean_on_exit', 'discord_auto_open', 'multi_quest_limit', 'dummy_cat_selection', 'dummy_alarm_enabled', 'dummy_alarm_type', 'dummy_alarm_sound_path', 'dummy_alarm_volume', 'custom_base', 'custom_mantle', 'custom_surface', 'custom_surface0', 'custom_surface1', 'custom_surface2', 'custom_text', 'custom_subtext0', 'custom_subtext1', 'custom_overlay0', 'custom_overlay1', 'custom_overlay2', 'custom_blue', 'custom_lavender', 'custom_sapphire', 'custom_sky', 'custom_teal', 'custom_green', 'custom_yellow', 'custom_peach', 'custom_maroon', 'custom_red', 'custom_mauve', 'custom_pink', 'custom_flamingo', 'custom_rosewater', 'auto_check_updates', 'exe_creation_path', 'data_folder_path']
2026-08-06 20:36:34,979 - INFO - Setting 'multi_quest_limit' updated and saved
2026-08-06 20:36:34,979 - DEBUG - SET setting 'auto_check_updates': False (previous: False)
2026-08-06 20:36:34,979 - DEBUG - Attempting to save 41 settings to: C:\Users\user\OneDrive\Desktop\DiscordQuestManager\version 1.1.0\dist\DiscordQuestManager-data\settings.json
2026-08-06 20:36:34,980 - INFO - Successfully saved settings to file
2026-08-06 20:36:34,980 - DEBUG - Saved settings keys: ['theme', 'custom_duration', 'remember_duration', 'minimize_to_tray', 'auto_clean_on_exit', 'discord_auto_open', 'multi_quest_limit', 'dummy_cat_selection', 'dummy_alarm_enabled', 'dummy_alarm_type', 'dummy_alarm_sound_path', 'dummy_alarm_volume', 'custom_base', 'custom_mantle', 'custom_surface', 'custom_surface0', 'custom_surface1', 'custom_surface2', 'custom_text', 'custom_subtext0', 'custom_subtext1', 'custom_overlay0', 'custom_overlay1', 'custom_overlay2', 'custom_blue', 'custom_lavender', 'custom_sapphire', 'custom_sky', 'custom_teal', 'custom_green', 'custom_yellow', 'custom_peach', 'custom_maroon', 'custom_red', 'custom_mauve', 'custom_pink', 'custom_flamingo', 'custom_rosewater', 'auto_check_updates', 'exe_creation_path', 'data_folder_path']
2026-08-06 20:36:34,980 - INFO - Setting 'auto_check_updates' updated and saved
2026-08-06 20:36:34,980 - DEBUG - SET setting 'dummy_cat_selection': Cat-1 (previous: Cat-1)
2026-08-06 20:36:34,980 - DEBUG - Attempting to save 41 settings to: C:\Users\user\OneDrive\Desktop\DiscordQuestManager\version 1.1.0\dist\DiscordQuestManager-data\settings.json
2026-08-06 20:36:34,981 - INFO - Successfully saved settings to file
2026-08-06 20:36:34,981 - DEBUG - Saved settings keys: ['theme', 'custom_duration', 'remember_duration', 'minimize_to_tray', 'auto_clean_on_exit', 'discord_auto_open', 'multi_quest_limit', 'dummy_cat_selection', 'dummy_alarm_enabled', 'dummy_alarm_type', 'dummy_alarm_sound_path', 'dummy_alarm_volume', 'custom_base', 'custom_mantle', 'custom_surface', 'custom_surface0', 'custom_surface1', 'custom_surface2', 'custom_text', 'custom_subtext0', 'custom_subtext1', 'custom_overlay0', 'custom_overlay1', 'custom_overlay2', 'custom_blue', 'custom_lavender', 'custom_sapphire', 'custom_sky', 'custom_teal', 'custom_green', 'custom_yellow', 'custom_peach', 'custom_maroon', 'custom_red', 'custom_mauve', 'custom_pink', 'custom_flamingo', 'custom_rosewater', 'auto_check_updates', 'exe_creation_path', 'data_folder_path']
2026-08-06 20:36:34,981 - INFO - Setting 'dummy_cat_selection' updated and saved
2026-08-06 20:36:34,981 - DEBUG - SET setting 'dummy_alarm_enabled': True (previous: True)
2026-08-06 20:36:34,981 - DEBUG - Attempting to save 41 settings to: C:\Users\user\OneDrive\Desktop\DiscordQuestManager\version 1.1.0\dist\DiscordQuestManager-data\settings.json
2026-08-06 20:36:34,981 - INFO - Successfully saved settings to file
2026-08-06 20:36:34,981 - DEBUG - Saved settings keys: ['theme', 'custom_duration', 'remember_duration', 'minimize_to_tray', 'auto_clean_on_exit', 'discord_auto_open', 'multi_quest_limit', 'dummy_cat_selection', 'dummy_alarm_enabled', 'dummy_alarm_type', 'dummy_alarm_sound_path', 'dummy_alarm_volume', 'custom_base', 'custom_mantle', 'custom_surface', 'custom_surface0', 'custom_surface1', 'custom_surface2', 'custom_text', 'custom_subtext0', 'custom_subtext1', 'custom_overlay0', 'custom_overlay1', 'custom_overlay2', 'custom_blue', 'custom_lavender', 'custom_sapphire', 'custom_sky', 'custom_teal', 'custom_green', 'custom_yellow', 'custom_peach', 'custom_maroon', 'custom_red', 'custom_mauve', 'custom_pink', 'custom_flamingo', 'custom_rosewater', 'auto_check_updates', 'exe_creation_path', 'data_folder_path']
2026-08-06 20:36:34,981 - INFO - Setting 'dummy_alarm_enabled' updated and saved
2026-08-06 20:36:34,981 - DEBUG - SET setting 'dummy_alarm_type': default (previous: default)
2026-08-06 20:36:34,981 - DEBUG - Attempting to save 41 settings to: C:\Users\user\OneDrive\Desktop\DiscordQuestManager\version 1.1.0\dist\DiscordQuestManager-data\settings.json
2026-08-06 20:36:34,982 - INFO - Successfully saved settings to file
2026-08-06 20:36:34,982 - DEBUG - Saved settings keys: ['theme', 'custom_duration', 'remember_duration', 'minimize_to_tray', 'auto_clean_on_exit', 'discord_auto_open', 'multi_quest_limit', 'dummy_cat_selection', 'dummy_alarm_enabled', 'dummy_alarm_type', 'dummy_alarm_sound_path', 'dummy_alarm_volume', 'custom_base', 'custom_mantle', 'custom_surface', 'custom_surface0', 'custom_surface1', 'custom_surface2', 'custom_text', 'custom_subtext0', 'custom_subtext1', 'custom_overlay0', 'custom_overlay1', 'custom_overlay2', 'custom_blue', 'custom_lavender', 'custom_sapphire', 'custom_sky', 'custom_teal', 'custom_green', 'custom_yellow', 'custom_peach', 'custom_maroon', 'custom_red', 'custom_mauve', 'custom_pink', 'custom_flamingo', 'custom_rosewater', 'auto_check_updates', 'exe_creation_path', 'data_folder_path']
2026-08-06 20:36:34,982 - INFO - Setting 'dummy_alarm_type' updated and saved
2026-08-06 20:36:34,982 - DEBUG - SET setting 'dummy_alarm_sound_path':  (previous: )
2026-08-06 20:36:34,982 - DEBUG - Attempting to save 41 settings to: C:\Users\user\OneDrive\Desktop\DiscordQuestManager\version 1.1.0\dist\DiscordQuestManager-data\settings.json
2026-08-06 20:36:34,983 - INFO - Successfully saved settings to file
2026-08-06 20:36:34,983 - DEBUG - Saved settings keys: ['theme', 'custom_duration', 'remember_duration', 'minimize_to_tray', 'auto_clean_on_exit', 'discord_auto_open', 'multi_quest_limit', 'dummy_cat_selection', 'dummy_alarm_enabled', 'dummy_alarm_type', 'dummy_alarm_sound_path', 'dummy_alarm_volume', 'custom_base', 'custom_mantle', 'custom_surface', 'custom_surface0', 'custom_surface1', 'custom_surface2', 'custom_text', 'custom_subtext0', 'custom_subtext1', 'custom_overlay0', 'custom_overlay1', 'custom_overlay2', 'custom_blue', 'custom_lavender', 'custom_sapphire', 'custom_sky', 'custom_teal', 'custom_green', 'custom_yellow', 'custom_peach', 'custom_maroon', 'custom_red', 'custom_mauve', 'custom_pink', 'custom_flamingo', 'custom_rosewater', 'auto_check_updates', 'exe_creation_path', 'data_folder_path']
2026-08-06 20:36:34,983 - INFO - Setting 'dummy_alarm_sound_path' updated and saved
2026-08-06 20:36:34,983 - DEBUG - SET setting 'dummy_alarm_volume': 100 (previous: 100)
2026-08-06 20:36:34,983 - DEBUG - Attempting to save 41 settings to: C:\Users\user\OneDrive\Desktop\DiscordQuestManager\version 1.1.0\dist\DiscordQuestManager-data\settings.json
2026-08-06 20:36:34,983 - INFO - Successfully saved settings to file
2026-08-06 20:36:34,983 - DEBUG - Saved settings keys: ['theme', 'custom_duration', 'remember_duration', 'minimize_to_tray', 'auto_clean_on_exit', 'discord_auto_open', 'multi_quest_limit', 'dummy_cat_selection', 'dummy_alarm_enabled', 'dummy_alarm_type', 'dummy_alarm_sound_path', 'dummy_alarm_volume', 'custom_base', 'custom_mantle', 'custom_surface', 'custom_surface0', 'custom_surface1', 'custom_surface2', 'custom_text', 'custom_subtext0', 'custom_subtext1', 'custom_overlay0', 'custom_overlay1', 'custom_overlay2', 'custom_blue', 'custom_lavender', 'custom_sapphire', 'custom_sky', 'custom_teal', 'custom_green', 'custom_yellow', 'custom_peach', 'custom_maroon', 'custom_red', 'custom_mauve', 'custom_pink', 'custom_flamingo', 'custom_rosewater', 'auto_check_updates', 'exe_creation_path', 'data_folder_path']
2026-08-06 20:36:34,983 - INFO - Setting 'dummy_alarm_volume' updated and saved
2026-08-06 20:36:34,983 - DEBUG - SET setting 'exe_creation_path':  (previous: )
2026-08-06 20:36:34,983 - DEBUG - Attempting to save 41 settings to: C:\Users\user\OneDrive\Desktop\DiscordQuestManager\version 1.1.0\dist\DiscordQuestManager-data\settings.json
2026-08-06 20:36:34,984 - INFO - Successfully saved settings to file
2026-08-06 20:36:34,984 - DEBUG - Saved settings keys: ['theme', 'custom_duration', 'remember_duration', 'minimize_to_tray', 'auto_clean_on_exit', 'discord_auto_open', 'multi_quest_limit', 'dummy_cat_selection', 'dummy_alarm_enabled', 'dummy_alarm_type', 'dummy_alarm_sound_path', 'dummy_alarm_volume', 'custom_base', 'custom_mantle', 'custom_surface', 'custom_surface0', 'custom_surface1', 'custom_surface2', 'custom_text', 'custom_subtext0', 'custom_subtext1', 'custom_overlay0', 'custom_overlay1', 'custom_overlay2', 'custom_blue', 'custom_lavender', 'custom_sapphire', 'custom_sky', 'custom_teal', 'custom_green', 'custom_yellow', 'custom_peach', 'custom_maroon', 'custom_red', 'custom_mauve', 'custom_pink', 'custom_flamingo', 'custom_rosewater', 'auto_check_updates', 'exe_creation_path', 'data_folder_path']
2026-08-06 20:36:34,984 - INFO - Setting 'exe_creation_path' updated and saved
2026-08-06 20:36:34,984 - DEBUG - SET setting 'data_folder_path':  (previous: )
2026-08-06 20:36:34,984 - DEBUG - Attempting to save 41 settings to: C:\Users\user\OneDrive\Desktop\DiscordQuestManager\version 1.1.0\dist\DiscordQuestManager-data\settings.json
2026-08-06 20:36:34,985 - INFO - Successfully saved settings to file
2026-08-06 20:36:34,985 - DEBUG - Saved settings keys: ['theme', 'custom_duration', 'remember_duration', 'minimize_to_tray', 'auto_clean_on_exit', 'discord_auto_open', 'multi_quest_limit', 'dummy_cat_selection', 'dummy_alarm_enabled', 'dummy_alarm_type', 'dummy_alarm_sound_path', 'dummy_alarm_volume', 'custom_base', 'custom_mantle', 'custom_surface', 'custom_surface0', 'custom_surface1', 'custom_surface2', 'custom_text', 'custom_subtext0', 'custom_subtext1', 'custom_overlay0', 'custom_overlay1', 'custom_overlay2', 'custom_blue', 'custom_lavender', 'custom_sapphire', 'custom_sky', 'custom_teal', 'custom_green', 'custom_yellow', 'custom_peach', 'custom_maroon', 'custom_red', 'custom_mauve', 'custom_pink', 'custom_flamingo', 'custom_rosewater', 'auto_check_updates', 'exe_creation_path', 'data_folder_path']
2026-08-06 20:36:34,985 - INFO - Setting 'data_folder_path' updated and saved
2026-08-06 20:36:34,985 - DEBUG - SET setting 'custom_base': #1e1e2e (previous: #1e1e2e)
2026-08-06 20:36:34,985 - DEBUG - Attempting to save 41 settings to: C:\Users\user\OneDrive\Desktop\DiscordQuestManager\version 1.1.0\dist\DiscordQuestManager-data\settings.json
2026-08-06 20:36:34,985 - INFO - Successfully saved settings to file
2026-08-06 20:36:34,986 - DEBUG - Saved settings keys: ['theme', 'custom_duration', 'remember_duration', 'minimize_to_tray', 'auto_clean_on_exit', 'discord_auto_open', 'multi_quest_limit', 'dummy_cat_selection', 'dummy_alarm_enabled', 'dummy_alarm_type', 'dummy_alarm_sound_path', 'dummy_alarm_volume', 'custom_base', 'custom_mantle', 'custom_surface', 'custom_surface0', 'custom_surface1', 'custom_surface2', 'custom_text', 'custom_subtext0', 'custom_subtext1', 'custom_overlay0', 'custom_overlay1', 'custom_overlay2', 'custom_blue', 'custom_lavender', 'custom_sapphire', 'custom_sky', 'custom_teal', 'custom_green', 'custom_yellow', 'custom_peach', 'custom_maroon', 'custom_red', 'custom_mauve', 'custom_pink', 'custom_flamingo', 'custom_rosewater', 'auto_check_updates', 'exe_creation_path', 'data_folder_path']
2026-08-06 20:36:34,986 - INFO - Setting 'custom_base' updated and saved
2026-08-06 20:36:34,986 - DEBUG - SET setting 'custom_mantle': #181825 (previous: #181825)
2026-08-06 20:36:34,986 - DEBUG - Attempting to save 41 settings to: C:\Users\user\OneDrive\Desktop\DiscordQuestManager\version 1.1.0\dist\DiscordQuestManager-data\settings.json
2026-08-06 20:36:34,986 - INFO - Successfully saved settings to file
2026-08-06 20:36:34,986 - DEBUG - Saved settings keys: ['theme', 'custom_duration', 'remember_duration', 'minimize_to_tray', 'auto_clean_on_exit', 'discord_auto_open', 'multi_quest_limit', 'dummy_cat_selection', 'dummy_alarm_enabled', 'dummy_alarm_type', 'dummy_alarm_sound_path', 'dummy_alarm_volume', 'custom_base', 'custom_mantle', 'custom_surface', 'custom_surface0', 'custom_surface1', 'custom_surface2', 'custom_text', 'custom_subtext0', 'custom_subtext1', 'custom_overlay0', 'custom_overlay1', 'custom_overlay2', 'custom_blue', 'custom_lavender', 'custom_sapphire', 'custom_sky', 'custom_teal', 'custom_green', 'custom_yellow', 'custom_peach', 'custom_maroon', 'custom_red', 'custom_mauve', 'custom_pink', 'custom_flamingo', 'custom_rosewater', 'auto_check_updates', 'exe_creation_path', 'data_folder_path']
2026-08-06 20:36:34,986 - INFO - Setting 'custom_mantle' updated and saved
2026-08-06 20:36:34,986 - DEBUG - SET setting 'custom_surface': #313244 (previous: #313244)
2026-08-06 20:36:34,986 - DEBUG - Attempting to save 41 settings to: C:\Users\user\OneDrive\Desktop\DiscordQuestManager\version 1.1.0\dist\DiscordQuestManager-data\settings.json
2026-08-06 20:36:34,987 - INFO - Successfully saved settings to file
2026-08-06 20:36:34,987 - DEBUG - Saved settings keys: ['theme', 'custom_duration', 'remember_duration', 'minimize_to_tray', 'auto_clean_on_exit', 'discord_auto_open', 'multi_quest_limit', 'dummy_cat_selection', 'dummy_alarm_enabled', 'dummy_alarm_type', 'dummy_alarm_sound_path', 'dummy_alarm_volume', 'custom_base', 'custom_mantle', 'custom_surface', 'custom_surface0', 'custom_surface1', 'custom_surface2', 'custom_text', 'custom_subtext0', 'custom_subtext1', 'custom_overlay0', 'custom_overlay1', 'custom_overlay2', 'custom_blue', 'custom_lavender', 'custom_sapphire', 'custom_sky', 'custom_teal', 'custom_green', 'custom_yellow', 'custom_peach', 'custom_maroon', 'custom_red', 'custom_mauve', 'custom_pink', 'custom_flamingo', 'custom_rosewater', 'auto_check_updates', 'exe_creation_path', 'data_folder_path']
2026-08-06 20:36:34,987 - INFO - Setting 'custom_surface' updated and saved
2026-08-06 20:36:34,987 - DEBUG - SET setting 'custom_surface0': #45475a (previous: #45475a)
2026-08-06 20:36:34,987 - DEBUG - Attempting to save 41 settings to: C:\Users\user\OneDrive\Desktop\DiscordQuestManager\version 1.1.0\dist\DiscordQuestManager-data\settings.json
2026-08-06 20:36:34,987 - INFO - Successfully saved settings to file
2026-08-06 20:36:34,987 - DEBUG - Saved settings keys: ['theme', 'custom_duration', 'remember_duration', 'minimize_to_tray', 'auto_clean_on_exit', 'discord_auto_open', 'multi_quest_limit', 'dummy_cat_selection', 'dummy_alarm_enabled', 'dummy_alarm_type', 'dummy_alarm_sound_path', 'dummy_alarm_volume', 'custom_base', 'custom_mantle', 'custom_surface', 'custom_surface0', 'custom_surface1', 'custom_surface2', 'custom_text', 'custom_subtext0', 'custom_subtext1', 'custom_overlay0', 'custom_overlay1', 'custom_overlay2', 'custom_blue', 'custom_lavender', 'custom_sapphire', 'custom_sky', 'custom_teal', 'custom_green', 'custom_yellow', 'custom_peach', 'custom_maroon', 'custom_red', 'custom_mauve', 'custom_pink', 'custom_flamingo', 'custom_rosewater', 'auto_check_updates', 'exe_creation_path', 'data_folder_path']
2026-08-06 20:36:34,987 - INFO - Setting 'custom_surface0' updated and saved
2026-08-06 20:36:34,987 - DEBUG - SET setting 'custom_surface1': #585b70 (previous: #585b70)
2026-08-06 20:36:34,988 - DEBUG - Attempting to save 41 settings to: C:\Users\user\OneDrive\Desktop\DiscordQuestManager\version 1.1.0\dist\DiscordQuestManager-data\settings.json
2026-08-06 20:36:34,988 - INFO - Successfully saved settings to file
2026-08-06 20:36:34,988 - DEBUG - Saved settings keys: ['theme', 'custom_duration', 'remember_duration', 'minimize_to_tray', 'auto_clean_on_exit', 'discord_auto_open', 'multi_quest_limit', 'dummy_cat_selection', 'dummy_alarm_enabled', 'dummy_alarm_type', 'dummy_alarm_sound_path', 'dummy_alarm_volume', 'custom_base', 'custom_mantle', 'custom_surface', 'custom_surface0', 'custom_surface1', 'custom_surface2', 'custom_text', 'custom_subtext0', 'custom_subtext1', 'custom_overlay0', 'custom_overlay1', 'custom_overlay2', 'custom_blue', 'custom_lavender', 'custom_sapphire', 'custom_sky', 'custom_teal', 'custom_green', 'custom_yellow', 'custom_peach', 'custom_maroon', 'custom_red', 'custom_mauve', 'custom_pink', 'custom_flamingo', 'custom_rosewater', 'auto_check_updates', 'exe_creation_path', 'data_folder_path']
2026-08-06 20:36:34,988 - INFO - Setting 'custom_surface1' updated and saved
2026-08-06 20:36:34,988 - DEBUG - SET setting 'custom_surface2': #45475a (previous: #45475a)
2026-08-06 20:36:34,988 - DEBUG - Attempting to save 41 settings to: C:\Users\user\OneDrive\Desktop\DiscordQuestManager\version 1.1.0\dist\DiscordQuestManager-data\settings.json
2026-08-06 20:36:34,989 - INFO - Successfully saved settings to file
2026-08-06 20:36:34,989 - DEBUG - Saved settings keys: ['theme', 'custom_duration', 'remember_duration', 'minimize_to_tray', 'auto_clean_on_exit', 'discord_auto_open', 'multi_quest_limit', 'dummy_cat_selection', 'dummy_alarm_enabled', 'dummy_alarm_type', 'dummy_alarm_sound_path', 'dummy_alarm_volume', 'custom_base', 'custom_mantle', 'custom_surface', 'custom_surface0', 'custom_surface1', 'custom_surface2', 'custom_text', 'custom_subtext0', 'custom_subtext1', 'custom_overlay0', 'custom_overlay1', 'custom_overlay2', 'custom_blue', 'custom_lavender', 'custom_sapphire', 'custom_sky', 'custom_teal', 'custom_green', 'custom_yellow', 'custom_peach', 'custom_maroon', 'custom_red', 'custom_mauve', 'custom_pink', 'custom_flamingo', 'custom_rosewater', 'auto_check_updates', 'exe_creation_path', 'data_folder_path']
2026-08-06 20:36:34,989 - INFO - Setting 'custom_surface2' updated and saved
2026-08-06 20:36:34,989 - DEBUG - SET setting 'custom_text': #cdd6f4 (previous: #cdd6f4)
2026-08-06 20:36:34,989 - DEBUG - Attempting to save 41 settings to: C:\Users\user\OneDrive\Desktop\DiscordQuestManager\version 1.1.0\dist\DiscordQuestManager-data\settings.json
2026-08-06 20:36:34,990 - INFO - Successfully saved settings to file
2026-08-06 20:36:34,990 - DEBUG - Saved settings keys: ['theme', 'custom_duration', 'remember_duration', 'minimize_to_tray', 'auto_clean_on_exit', 'discord_auto_open', 'multi_quest_limit', 'dummy_cat_selection', 'dummy_alarm_enabled', 'dummy_alarm_type', 'dummy_alarm_sound_path', 'dummy_alarm_volume', 'custom_base', 'custom_mantle', 'custom_surface', 'custom_surface0', 'custom_surface1', 'custom_surface2', 'custom_text', 'custom_subtext0', 'custom_subtext1', 'custom_overlay0', 'custom_overlay1', 'custom_overlay2', 'custom_blue', 'custom_lavender', 'custom_sapphire', 'custom_sky', 'custom_teal', 'custom_green', 'custom_yellow', 'custom_peach', 'custom_maroon', 'custom_red', 'custom_mauve', 'custom_pink', 'custom_flamingo', 'custom_rosewater', 'auto_check_updates', 'exe_creation_path', 'data_folder_path']
2026-08-06 20:36:34,990 - INFO - Setting 'custom_text' updated and saved
2026-08-06 20:36:34,990 - DEBUG - SET setting 'custom_subtext0': #a6adc8 (previous: #a6adc8)
2026-08-06 20:36:34,990 - DEBUG - Attempting to save 41 settings to: C:\Users\user\OneDrive\Desktop\DiscordQuestManager\version 1.1.0\dist\DiscordQuestManager-data\settings.json
2026-08-06 20:36:34,990 - INFO - Successfully saved settings to file
2026-08-06 20:36:34,990 - DEBUG - Saved settings keys: ['theme', 'custom_duration', 'remember_duration', 'minimize_to_tray', 'auto_clean_on_exit', 'discord_auto_open', 'multi_quest_limit', 'dummy_cat_selection', 'dummy_alarm_enabled', 'dummy_alarm_type', 'dummy_alarm_sound_path', 'dummy_alarm_volume', 'custom_base', 'custom_mantle', 'custom_surface', 'custom_surface0', 'custom_surface1', 'custom_surface2', 'custom_text', 'custom_subtext0', 'custom_subtext1', 'custom_overlay0', 'custom_overlay1', 'custom_overlay2', 'custom_blue', 'custom_lavender', 'custom_sapphire', 'custom_sky', 'custom_teal', 'custom_green', 'custom_yellow', 'custom_peach', 'custom_maroon', 'custom_red', 'custom_mauve', 'custom_pink', 'custom_flamingo', 'custom_rosewater', 'auto_check_updates', 'exe_creation_path', 'data_folder_path']
2026-08-06 20:36:34,990 - INFO - Setting 'custom_subtext0' updated and saved
2026-08-06 20:36:34,990 - DEBUG - SET setting 'custom_subtext1': #bac2de (previous: #bac2de)
2026-08-06 20:36:34,990 - DEBUG - Attempting to save 41 settings to: C:\Users\user\OneDrive\Desktop\DiscordQuestManager\version 1.1.0\dist\DiscordQuestManager-data\settings.json
2026-08-06 20:36:34,991 - INFO - Successfully saved settings to file
2026-08-06 20:36:34,991 - DEBUG - Saved settings keys: ['theme', 'custom_duration', 'remember_duration', 'minimize_to_tray', 'auto_clean_on_exit', 'discord_auto_open', 'multi_quest_limit', 'dummy_cat_selection', 'dummy_alarm_enabled', 'dummy_alarm_type', 'dummy_alarm_sound_path', 'dummy_alarm_volume', 'custom_base', 'custom_mantle', 'custom_surface', 'custom_surface0', 'custom_surface1', 'custom_surface2', 'custom_text', 'custom_subtext0', 'custom_subtext1', 'custom_overlay0', 'custom_overlay1', 'custom_overlay2', 'custom_blue', 'custom_lavender', 'custom_sapphire', 'custom_sky', 'custom_teal', 'custom_green', 'custom_yellow', 'custom_peach', 'custom_maroon', 'custom_red', 'custom_mauve', 'custom_pink', 'custom_flamingo', 'custom_rosewater', 'auto_check_updates', 'exe_creation_path', 'data_folder_path']
2026-08-06 20:36:34,991 - INFO - Setting 'custom_subtext1' updated and saved
2026-08-06 20:36:34,991 - DEBUG - SET setting 'custom_overlay0': #6c7086 (previous: #6c7086)
2026-08-06 20:36:34,991 - DEBUG - Attempting to save 41 settings to: C:\Users\user\OneDrive\Desktop\DiscordQuestManager\version 1.1.0\dist\DiscordQuestManager-data\settings.json
2026-08-06 20:36:34,991 - INFO - Successfully saved settings to file
2026-08-06 20:36:34,991 - DEBUG - Saved settings keys: ['theme', 'custom_duration', 'remember_duration', 'minimize_to_tray', 'auto_clean_on_exit', 'discord_auto_open', 'multi_quest_limit', 'dummy_cat_selection', 'dummy_alarm_enabled', 'dummy_alarm_type', 'dummy_alarm_sound_path', 'dummy_alarm_volume', 'custom_base', 'custom_mantle', 'custom_surface', 'custom_surface0', 'custom_surface1', 'custom_surface2', 'custom_text', 'custom_subtext0', 'custom_subtext1', 'custom_overlay0', 'custom_overlay1', 'custom_overlay2', 'custom_blue', 'custom_lavender', 'custom_sapphire', 'custom_sky', 'custom_teal', 'custom_green', 'custom_yellow', 'custom_peach', 'custom_maroon', 'custom_red', 'custom_mauve', 'custom_pink', 'custom_flamingo', 'custom_rosewater', 'auto_check_updates', 'exe_creation_path', 'data_folder_path']
2026-08-06 20:36:34,991 - INFO - Setting 'custom_overlay0' updated and saved
2026-08-06 20:36:34,991 - DEBUG - SET setting 'custom_overlay1': #7f849c (previous: #7f849c)
2026-08-06 20:36:34,991 - DEBUG - Attempting to save 41 settings to: C:\Users\user\OneDrive\Desktop\DiscordQuestManager\version 1.1.0\dist\DiscordQuestManager-data\settings.json
2026-08-06 20:36:34,992 - INFO - Successfully saved settings to file
2026-08-06 20:36:34,992 - DEBUG - Saved settings keys: ['theme', 'custom_duration', 'remember_duration', 'minimize_to_tray', 'auto_clean_on_exit', 'discord_auto_open', 'multi_quest_limit', 'dummy_cat_selection', 'dummy_alarm_enabled', 'dummy_alarm_type', 'dummy_alarm_sound_path', 'dummy_alarm_volume', 'custom_base', 'custom_mantle', 'custom_surface', 'custom_surface0', 'custom_surface1', 'custom_surface2', 'custom_text', 'custom_subtext0', 'custom_subtext1', 'custom_overlay0', 'custom_overlay1', 'custom_overlay2', 'custom_blue', 'custom_lavender', 'custom_sapphire', 'custom_sky', 'custom_teal', 'custom_green', 'custom_yellow', 'custom_peach', 'custom_maroon', 'custom_red', 'custom_mauve', 'custom_pink', 'custom_flamingo', 'custom_rosewater', 'auto_check_updates', 'exe_creation_path', 'data_folder_path']
2026-08-06 20:36:34,992 - INFO - Setting 'custom_overlay1' updated and saved
2026-08-06 20:36:34,993 - DEBUG - SET setting 'custom_overlay2': #9399b2 (previous: #9399b2)
2026-08-06 20:36:34,993 - DEBUG - Attempting to save 41 settings to: C:\Users\user\OneDrive\Desktop\DiscordQuestManager\version 1.1.0\dist\DiscordQuestManager-data\settings.json
2026-08-06 20:36:34,993 - INFO - Successfully saved settings to file
2026-08-06 20:36:34,993 - DEBUG - Saved settings keys: ['theme', 'custom_duration', 'remember_duration', 'minimize_to_tray', 'auto_clean_on_exit', 'discord_auto_open', 'multi_quest_limit', 'dummy_cat_selection', 'dummy_alarm_enabled', 'dummy_alarm_type', 'dummy_alarm_sound_path', 'dummy_alarm_volume', 'custom_base', 'custom_mantle', 'custom_surface', 'custom_surface0', 'custom_surface1', 'custom_surface2', 'custom_text', 'custom_subtext0', 'custom_subtext1', 'custom_overlay0', 'custom_overlay1', 'custom_overlay2', 'custom_blue', 'custom_lavender', 'custom_sapphire', 'custom_sky', 'custom_teal', 'custom_green', 'custom_yellow', 'custom_peach', 'custom_maroon', 'custom_red', 'custom_mauve', 'custom_pink', 'custom_flamingo', 'custom_rosewater', 'auto_check_updates', 'exe_creation_path', 'data_folder_path']
2026-08-06 20:36:34,993 - INFO - Setting 'custom_overlay2' updated and saved
2026-08-06 20:36:34,993 - DEBUG - SET setting 'custom_blue': #89b4fa (previous: #89b4fa)
2026-08-06 20:36:34,993 - DEBUG - Attempting to save 41 settings to: C:\Users\user\OneDrive\Desktop\DiscordQuestManager\version 1.1.0\dist\DiscordQuestManager-data\settings.json
2026-08-06 20:36:34,994 - INFO - Successfully saved settings to file
2026-08-06 20:36:34,994 - DEBUG - Saved settings keys: ['theme', 'custom_duration', 'remember_duration', 'minimize_to_tray', 'auto_clean_on_exit', 'discord_auto_open', 'multi_quest_limit', 'dummy_cat_selection', 'dummy_alarm_enabled', 'dummy_alarm_type', 'dummy_alarm_sound_path', 'dummy_alarm_volume', 'custom_base', 'custom_mantle', 'custom_surface', 'custom_surface0', 'custom_surface1', 'custom_surface2', 'custom_text', 'custom_subtext0', 'custom_subtext1', 'custom_overlay0', 'custom_overlay1', 'custom_overlay2', 'custom_blue', 'custom_lavender', 'custom_sapphire', 'custom_sky', 'custom_teal', 'custom_green', 'custom_yellow', 'custom_peach', 'custom_maroon', 'custom_red', 'custom_mauve', 'custom_pink', 'custom_flamingo', 'custom_rosewater', 'auto_check_updates', 'exe_creation_path', 'data_folder_path']
2026-08-06 20:36:34,994 - INFO - Setting 'custom_blue' updated and saved
2026-08-06 20:36:34,994 - DEBUG - SET setting 'custom_lavender': #b4befe (previous: #b4befe)
2026-08-06 20:36:34,994 - DEBUG - Attempting to save 41 settings to: C:\Users\user\OneDrive\Desktop\DiscordQuestManager\version 1.1.0\dist\DiscordQuestManager-data\settings.json
2026-08-06 20:36:34,994 - INFO - Successfully saved settings to file
2026-08-06 20:36:34,994 - DEBUG - Saved settings keys: ['theme', 'custom_duration', 'remember_duration', 'minimize_to_tray', 'auto_clean_on_exit', 'discord_auto_open', 'multi_quest_limit', 'dummy_cat_selection', 'dummy_alarm_enabled', 'dummy_alarm_type', 'dummy_alarm_sound_path', 'dummy_alarm_volume', 'custom_base', 'custom_mantle', 'custom_surface', 'custom_surface0', 'custom_surface1', 'custom_surface2', 'custom_text', 'custom_subtext0', 'custom_subtext1', 'custom_overlay0', 'custom_overlay1', 'custom_overlay2', 'custom_blue', 'custom_lavender', 'custom_sapphire', 'custom_sky', 'custom_teal', 'custom_green', 'custom_yellow', 'custom_peach', 'custom_maroon', 'custom_red', 'custom_mauve', 'custom_pink', 'custom_flamingo', 'custom_rosewater', 'auto_check_updates', 'exe_creation_path', 'data_folder_path']
2026-08-06 20:36:34,994 - INFO - Setting 'custom_lavender' updated and saved
2026-08-06 20:36:34,994 - DEBUG - SET setting 'custom_sapphire': #74c7ec (previous: #74c7ec)
2026-08-06 20:36:34,994 - DEBUG - Attempting to save 41 settings to: C:\Users\user\OneDrive\Desktop\DiscordQuestManager\version 1.1.0\dist\DiscordQuestManager-data\settings.json
2026-08-06 20:36:34,995 - INFO - Successfully saved settings to file
2026-08-06 20:36:34,995 - DEBUG - Saved settings keys: ['theme', 'custom_duration', 'remember_duration', 'minimize_to_tray', 'auto_clean_on_exit', 'discord_auto_open', 'multi_quest_limit', 'dummy_cat_selection', 'dummy_alarm_enabled', 'dummy_alarm_type', 'dummy_alarm_sound_path', 'dummy_alarm_volume', 'custom_base', 'custom_mantle', 'custom_surface', 'custom_surface0', 'custom_surface1', 'custom_surface2', 'custom_text', 'custom_subtext0', 'custom_subtext1', 'custom_overlay0', 'custom_overlay1', 'custom_overlay2', 'custom_blue', 'custom_lavender', 'custom_sapphire', 'custom_sky', 'custom_teal', 'custom_green', 'custom_yellow', 'custom_peach', 'custom_maroon', 'custom_red', 'custom_mauve', 'custom_pink', 'custom_flamingo', 'custom_rosewater', 'auto_check_updates', 'exe_creation_path', 'data_folder_path']
2026-08-06 20:36:34,995 - INFO - Setting 'custom_sapphire' updated and saved
2026-08-06 20:36:34,995 - DEBUG - SET setting 'custom_sky': #89dceb (previous: #89dceb)
2026-08-06 20:36:34,995 - DEBUG - Attempting to save 41 settings to: C:\Users\user\OneDrive\Desktop\DiscordQuestManager\version 1.1.0\dist\DiscordQuestManager-data\settings.json
2026-08-06 20:36:34,996 - INFO - Successfully saved settings to file
2026-08-06 20:36:34,996 - DEBUG - Saved settings keys: ['theme', 'custom_duration', 'remember_duration', 'minimize_to_tray', 'auto_clean_on_exit', 'discord_auto_open', 'multi_quest_limit', 'dummy_cat_selection', 'dummy_alarm_enabled', 'dummy_alarm_type', 'dummy_alarm_sound_path', 'dummy_alarm_volume', 'custom_base', 'custom_mantle', 'custom_surface', 'custom_surface0', 'custom_surface1', 'custom_surface2', 'custom_text', 'custom_subtext0', 'custom_subtext1', 'custom_overlay0', 'custom_overlay1', 'custom_overlay2', 'custom_blue', 'custom_lavender', 'custom_sapphire', 'custom_sky', 'custom_teal', 'custom_green', 'custom_yellow', 'custom_peach', 'custom_maroon', 'custom_red', 'custom_mauve', 'custom_pink', 'custom_flamingo', 'custom_rosewater', 'auto_check_updates', 'exe_creation_path', 'data_folder_path']
2026-08-06 20:36:34,996 - INFO - Setting 'custom_sky' updated and saved
2026-08-06 20:36:34,996 - DEBUG - SET setting 'custom_teal': #94e2d5 (previous: #94e2d5)
2026-08-06 20:36:34,996 - DEBUG - Attempting to save 41 settings to: C:\Users\user\OneDrive\Desktop\DiscordQuestManager\version 1.1.0\dist\DiscordQuestManager-data\settings.json
2026-08-06 20:36:34,996 - INFO - Successfully saved settings to file
2026-08-06 20:36:34,996 - DEBUG - Saved settings keys: ['theme', 'custom_duration', 'remember_duration', 'minimize_to_tray', 'auto_clean_on_exit', 'discord_auto_open', 'multi_quest_limit', 'dummy_cat_selection', 'dummy_alarm_enabled', 'dummy_alarm_type', 'dummy_alarm_sound_path', 'dummy_alarm_volume', 'custom_base', 'custom_mantle', 'custom_surface', 'custom_surface0', 'custom_surface1', 'custom_surface2', 'custom_text', 'custom_subtext0', 'custom_subtext1', 'custom_overlay0', 'custom_overlay1', 'custom_overlay2', 'custom_blue', 'custom_lavender', 'custom_sapphire', 'custom_sky', 'custom_teal', 'custom_green', 'custom_yellow', 'custom_peach', 'custom_maroon', 'custom_red', 'custom_mauve', 'custom_pink', 'custom_flamingo', 'custom_rosewater', 'auto_check_updates', 'exe_creation_path', 'data_folder_path']
2026-08-06 20:36:34,996 - INFO - Setting 'custom_teal' updated and saved
2026-08-06 20:36:34,996 - DEBUG - SET setting 'custom_green': #a6e3a1 (previous: #a6e3a1)
2026-08-06 20:36:34,996 - DEBUG - Attempting to save 41 settings to: C:\Users\user\OneDrive\Desktop\DiscordQuestManager\version 1.1.0\dist\DiscordQuestManager-data\settings.json
2026-08-06 20:36:34,997 - INFO - Successfully saved settings to file
2026-08-06 20:36:34,997 - DEBUG - Saved settings keys: ['theme', 'custom_duration', 'remember_duration', 'minimize_to_tray', 'auto_clean_on_exit', 'discord_auto_open', 'multi_quest_limit', 'dummy_cat_selection', 'dummy_alarm_enabled', 'dummy_alarm_type', 'dummy_alarm_sound_path', 'dummy_alarm_volume', 'custom_base', 'custom_mantle', 'custom_surface', 'custom_surface0', 'custom_surface1', 'custom_surface2', 'custom_text', 'custom_subtext0', 'custom_subtext1', 'custom_overlay0', 'custom_overlay1', 'custom_overlay2', 'custom_blue', 'custom_lavender', 'custom_sapphire', 'custom_sky', 'custom_teal', 'custom_green', 'custom_yellow', 'custom_peach', 'custom_maroon', 'custom_red', 'custom_mauve', 'custom_pink', 'custom_flamingo', 'custom_rosewater', 'auto_check_updates', 'exe_creation_path', 'data_folder_path']
2026-08-06 20:36:34,997 - INFO - Setting 'custom_green' updated and saved
2026-08-06 20:36:34,997 - DEBUG - SET setting 'custom_yellow': #f9e2af (previous: #f9e2af)
2026-08-06 20:36:34,997 - DEBUG - Attempting to save 41 settings to: C:\Users\user\OneDrive\Desktop\DiscordQuestManager\version 1.1.0\dist\DiscordQuestManager-data\settings.json
2026-08-06 20:36:34,998 - INFO - Successfully saved settings to file
2026-08-06 20:36:34,998 - DEBUG - Saved settings keys: ['theme', 'custom_duration', 'remember_duration', 'minimize_to_tray', 'auto_clean_on_exit', 'discord_auto_open', 'multi_quest_limit', 'dummy_cat_selection', 'dummy_alarm_enabled', 'dummy_alarm_type', 'dummy_alarm_sound_path', 'dummy_alarm_volume', 'custom_base', 'custom_mantle', 'custom_surface', 'custom_surface0', 'custom_surface1', 'custom_surface2', 'custom_text', 'custom_subtext0', 'custom_subtext1', 'custom_overlay0', 'custom_overlay1', 'custom_overlay2', 'custom_blue', 'custom_lavender', 'custom_sapphire', 'custom_sky', 'custom_teal', 'custom_green', 'custom_yellow', 'custom_peach', 'custom_maroon', 'custom_red', 'custom_mauve', 'custom_pink', 'custom_flamingo', 'custom_rosewater', 'auto_check_updates', 'exe_creation_path', 'data_folder_path']
2026-08-06 20:36:34,998 - INFO - Setting 'custom_yellow' updated and saved
2026-08-06 20:36:34,998 - DEBUG - SET setting 'custom_peach': #fab387 (previous: #fab387)
2026-08-06 20:36:34,998 - DEBUG - Attempting to save 41 settings to: C:\Users\user\OneDrive\Desktop\DiscordQuestManager\version 1.1.0\dist\DiscordQuestManager-data\settings.json
2026-08-06 20:36:34,998 - INFO - Successfully saved settings to file
2026-08-06 20:36:34,999 - DEBUG - Saved settings keys: ['theme', 'custom_duration', 'remember_duration', 'minimize_to_tray', 'auto_clean_on_exit', 'discord_auto_open', 'multi_quest_limit', 'dummy_cat_selection', 'dummy_alarm_enabled', 'dummy_alarm_type', 'dummy_alarm_sound_path', 'dummy_alarm_volume', 'custom_base', 'custom_mantle', 'custom_surface', 'custom_surface0', 'custom_surface1', 'custom_surface2', 'custom_text', 'custom_subtext0', 'custom_subtext1', 'custom_overlay0', 'custom_overlay1', 'custom_overlay2', 'custom_blue', 'custom_lavender', 'custom_sapphire', 'custom_sky', 'custom_teal', 'custom_green', 'custom_yellow', 'custom_peach', 'custom_maroon', 'custom_red', 'custom_mauve', 'custom_pink', 'custom_flamingo', 'custom_rosewater', 'auto_check_updates', 'exe_creation_path', 'data_folder_path']
2026-08-06 20:36:34,999 - INFO - Setting 'custom_peach' updated and saved
2026-08-06 20:36:34,999 - DEBUG - SET setting 'custom_maroon': #eba0ac (previous: #eba0ac)
2026-08-06 20:36:34,999 - DEBUG - Attempting to save 41 settings to: C:\Users\user\OneDrive\Desktop\DiscordQuestManager\version 1.1.0\dist\DiscordQuestManager-data\settings.json
2026-08-06 20:36:34,999 - INFO - Successfully saved settings to file
2026-08-06 20:36:34,999 - DEBUG - Saved settings keys: ['theme', 'custom_duration', 'remember_duration', 'minimize_to_tray', 'auto_clean_on_exit', 'discord_auto_open', 'multi_quest_limit', 'dummy_cat_selection', 'dummy_alarm_enabled', 'dummy_alarm_type', 'dummy_alarm_sound_path', 'dummy_alarm_volume', 'custom_base', 'custom_mantle', 'custom_surface', 'custom_surface0', 'custom_surface1', 'custom_surface2', 'custom_text', 'custom_subtext0', 'custom_subtext1', 'custom_overlay0', 'custom_overlay1', 'custom_overlay2', 'custom_blue', 'custom_lavender', 'custom_sapphire', 'custom_sky', 'custom_teal', 'custom_green', 'custom_yellow', 'custom_peach', 'custom_maroon', 'custom_red', 'custom_mauve', 'custom_pink', 'custom_flamingo', 'custom_rosewater', 'auto_check_updates', 'exe_creation_path', 'data_folder_path']
2026-08-06 20:36:34,999 - INFO - Setting 'custom_maroon' updated and saved
2026-08-06 20:36:34,999 - DEBUG - SET setting 'custom_red': #f38ba8 (previous: #f38ba8)
2026-08-06 20:36:34,999 - DEBUG - Attempting to save 41 settings to: C:\Users\user\OneDrive\Desktop\DiscordQuestManager\version 1.1.0\dist\DiscordQuestManager-data\settings.json
2026-08-06 20:36:35,000 - INFO - Successfully saved settings to file
2026-08-06 20:36:35,000 - DEBUG - Saved settings keys: ['theme', 'custom_duration', 'remember_duration', 'minimize_to_tray', 'auto_clean_on_exit', 'discord_auto_open', 'multi_quest_limit', 'dummy_cat_selection', 'dummy_alarm_enabled', 'dummy_alarm_type', 'dummy_alarm_sound_path', 'dummy_alarm_volume', 'custom_base', 'custom_mantle', 'custom_surface', 'custom_surface0', 'custom_surface1', 'custom_surface2', 'custom_text', 'custom_subtext0', 'custom_subtext1', 'custom_overlay0', 'custom_overlay1', 'custom_overlay2', 'custom_blue', 'custom_lavender', 'custom_sapphire', 'custom_sky', 'custom_teal', 'custom_green', 'custom_yellow', 'custom_peach', 'custom_maroon', 'custom_red', 'custom_mauve', 'custom_pink', 'custom_flamingo', 'custom_rosewater', 'auto_check_updates', 'exe_creation_path', 'data_folder_path']
2026-08-06 20:36:35,000 - INFO - Setting 'custom_red' updated and saved
2026-08-06 20:36:35,000 - DEBUG - SET setting 'custom_mauve': #cba6f7 (previous: #cba6f7)
2026-08-06 20:36:35,000 - DEBUG - Attempting to save 41 settings to: C:\Users\user\OneDrive\Desktop\DiscordQuestManager\version 1.1.0\dist\DiscordQuestManager-data\settings.json
2026-08-06 20:36:35,000 - INFO - Successfully saved settings to file
2026-08-06 20:36:35,000 - DEBUG - Saved settings keys: ['theme', 'custom_duration', 'remember_duration', 'minimize_to_tray', 'auto_clean_on_exit', 'discord_auto_open', 'multi_quest_limit', 'dummy_cat_selection', 'dummy_alarm_enabled', 'dummy_alarm_type', 'dummy_alarm_sound_path', 'dummy_alarm_volume', 'custom_base', 'custom_mantle', 'custom_surface', 'custom_surface0', 'custom_surface1', 'custom_surface2', 'custom_text', 'custom_subtext0', 'custom_subtext1', 'custom_overlay0', 'custom_overlay1', 'custom_overlay2', 'custom_blue', 'custom_lavender', 'custom_sapphire', 'custom_sky', 'custom_teal', 'custom_green', 'custom_yellow', 'custom_peach', 'custom_maroon', 'custom_red', 'custom_mauve', 'custom_pink', 'custom_flamingo', 'custom_rosewater', 'auto_check_updates', 'exe_creation_path', 'data_folder_path']
2026-08-06 20:36:35,000 - INFO - Setting 'custom_mauve' updated and saved
2026-08-06 20:36:35,000 - DEBUG - SET setting 'custom_pink': #f5c2e7 (previous: #f5c2e7)
2026-08-06 20:36:35,001 - DEBUG - Attempting to save 41 settings to: C:\Users\user\OneDrive\Desktop\DiscordQuestManager\version 1.1.0\dist\DiscordQuestManager-data\settings.json
2026-08-06 20:36:35,001 - INFO - Successfully saved settings to file
2026-08-06 20:36:35,001 - DEBUG - Saved settings keys: ['theme', 'custom_duration', 'remember_duration', 'minimize_to_tray', 'auto_clean_on_exit', 'discord_auto_open', 'multi_quest_limit', 'dummy_cat_selection', 'dummy_alarm_enabled', 'dummy_alarm_type', 'dummy_alarm_sound_path', 'dummy_alarm_volume', 'custom_base', 'custom_mantle', 'custom_surface', 'custom_surface0', 'custom_surface1', 'custom_surface2', 'custom_text', 'custom_subtext0', 'custom_subtext1', 'custom_overlay0', 'custom_overlay1', 'custom_overlay2', 'custom_blue', 'custom_lavender', 'custom_sapphire', 'custom_sky', 'custom_teal', 'custom_green', 'custom_yellow', 'custom_peach', 'custom_maroon', 'custom_red', 'custom_mauve', 'custom_pink', 'custom_flamingo', 'custom_rosewater', 'auto_check_updates', 'exe_creation_path', 'data_folder_path']
2026-08-06 20:36:35,001 - INFO - Setting 'custom_pink' updated and saved
2026-08-06 20:36:35,001 - DEBUG - SET setting 'custom_flamingo': #f2cdcd (previous: #f2cdcd)
2026-08-06 20:36:35,001 - DEBUG - Attempting to save 41 settings to: C:\Users\user\OneDrive\Desktop\DiscordQuestManager\version 1.1.0\dist\DiscordQuestManager-data\settings.json
2026-08-06 20:36:35,001 - INFO - Successfully saved settings to file
2026-08-06 20:36:35,002 - DEBUG - Saved settings keys: ['theme', 'custom_duration', 'remember_duration', 'minimize_to_tray', 'auto_clean_on_exit', 'discord_auto_open', 'multi_quest_limit', 'dummy_cat_selection', 'dummy_alarm_enabled', 'dummy_alarm_type', 'dummy_alarm_sound_path', 'dummy_alarm_volume', 'custom_base', 'custom_mantle', 'custom_surface', 'custom_surface0', 'custom_surface1', 'custom_surface2', 'custom_text', 'custom_subtext0', 'custom_subtext1', 'custom_overlay0', 'custom_overlay1', 'custom_overlay2', 'custom_blue', 'custom_lavender', 'custom_sapphire', 'custom_sky', 'custom_teal', 'custom_green', 'custom_yellow', 'custom_peach', 'custom_maroon', 'custom_red', 'custom_mauve', 'custom_pink', 'custom_flamingo', 'custom_rosewater', 'auto_check_updates', 'exe_creation_path', 'data_folder_path']
2026-08-06 20:36:35,002 - INFO - Setting 'custom_flamingo' updated and saved
2026-08-06 20:36:35,002 - DEBUG - SET setting 'custom_rosewater': #f5e0dc (previous: #f5e0dc)
2026-08-06 20:36:35,002 - DEBUG - Attempting to save 41 settings to: C:\Users\user\OneDrive\Desktop\DiscordQuestManager\version 1.1.0\dist\DiscordQuestManager-data\settings.json
2026-08-06 20:36:35,002 - INFO - Successfully saved settings to file
2026-08-06 20:36:35,002 - DEBUG - Saved settings keys: ['theme', 'custom_duration', 'remember_duration', 'minimize_to_tray', 'auto_clean_on_exit', 'discord_auto_open', 'multi_quest_limit', 'dummy_cat_selection', 'dummy_alarm_enabled', 'dummy_alarm_type', 'dummy_alarm_sound_path', 'dummy_alarm_volume', 'custom_base', 'custom_mantle', 'custom_surface', 'custom_surface0', 'custom_surface1', 'custom_surface2', 'custom_text', 'custom_subtext0', 'custom_subtext1', 'custom_overlay0', 'custom_overlay1', 'custom_overlay2', 'custom_blue', 'custom_lavender', 'custom_sapphire', 'custom_sky', 'custom_teal', 'custom_green', 'custom_yellow', 'custom_peach', 'custom_maroon', 'custom_red', 'custom_mauve', 'custom_pink', 'custom_flamingo', 'custom_rosewater', 'auto_check_updates', 'exe_creation_path', 'data_folder_path']
2026-08-06 20:36:35,002 - INFO - Setting 'custom_rosewater' updated and saved
2026-08-06 20:36:35,002 - DEBUG - GET setting 'custom_duration': 5 (default: 15)
2026-08-06 20:36:35,002 - DEBUG - GET setting 'multi_quest_limit': 0 (default: 0)
2026-08-06 20:36:35,002 - DEBUG - GET setting 'remember_duration': True (default: True)
2026-08-06 20:36:35,002 - DEBUG - GET setting 'minimize_to_tray': False (default: False)
2026-08-06 20:36:35,002 - DEBUG - GET setting 'auto_clean_on_exit': False (default: True)
2026-08-06 20:36:35,002 - DEBUG - GET setting 'discord_auto_open': True (default: True)
2026-08-06 20:36:35,002 - DEBUG - GET setting 'auto_check_updates': False (default: True)
2026-08-06 20:36:35,002 - DEBUG - GET setting 'dummy_cat_selection': Cat-1 (default: Cat-1)
2026-08-06 20:36:35,002 - DEBUG - GET setting 'exe_creation_path':  (default: )
2026-08-06 20:36:35,002 - DEBUG - GET setting 'data_folder_path':  (default: )
2026-08-06 20:36:35,002 - INFO - Settings saved successfully
2026-08-06 20:36:38,579 - DEBUG - GET setting 'auto_clean_on_exit': False (default: True)
2026-08-06 20:36:44,414 - INFO - Settings dialog logging initialized
2026-08-06 20:36:44,480 - DEBUG - Running in frozen mode, base_dir: C:\Users\user\OneDrive\Desktop\DiscordQuestManager\version 1.1.0\dist
2026-08-06 20:36:44,481 - DEBUG - Settings file path: C:\Users\user\OneDrive\Desktop\DiscordQuestManager\version 1.1.0\dist\DiscordQuestManager-data\settings.json
2026-08-06 20:36:44,481 - INFO - Settings file path: C:\Users\user\OneDrive\Desktop\DiscordQuestManager\version 1.1.0\dist\DiscordQuestManager-data\settings.json
2026-08-06 20:36:44,481 - DEBUG - Loaded default settings with 38 keys
2026-08-06 20:36:44,481 - DEBUG - Attempting to load settings from: C:\Users\user\OneDrive\Desktop\DiscordQuestManager\version 1.1.0\dist\DiscordQuestManager-data\settings.json
2026-08-06 20:36:44,481 - INFO - Successfully loaded 41 settings from file
2026-08-06 20:36:44,481 - DEBUG - Loaded settings keys: ['theme', 'custom_duration', 'remember_duration', 'minimize_to_tray', 'auto_clean_on_exit', 'discord_auto_open', 'multi_quest_limit', 'dummy_cat_selection', 'dummy_alarm_enabled', 'dummy_alarm_type', 'dummy_alarm_sound_path', 'dummy_alarm_volume', 'custom_base', 'custom_mantle', 'custom_surface', 'custom_surface0', 'custom_surface1', 'custom_surface2', 'custom_text', 'custom_subtext0', 'custom_subtext1', 'custom_overlay0', 'custom_overlay1', 'custom_overlay2', 'custom_blue', 'custom_lavender', 'custom_sapphire', 'custom_sky', 'custom_teal', 'custom_green', 'custom_yellow', 'custom_peach', 'custom_maroon', 'custom_red', 'custom_mauve', 'custom_pink', 'custom_flamingo', 'custom_rosewater', 'auto_check_updates', 'exe_creation_path', 'data_folder_path']
2026-08-06 20:36:44,481 - DEBUG - Updated settings, now have 41 total keys
2026-08-06 20:36:44,481 - INFO - SettingsManager initialized with 41 total settings
2026-08-06 20:36:44,482 - INFO - Loaded 26 colors from mocha.json
2026-08-06 20:36:44,482 - DEBUG - GET setting 'theme': custom (default: mocha)
2026-08-06 20:36:44,482 - DEBUG - GET_ALL: Returning 41 settings
2026-08-06 20:36:44,482 - DEBUG - GET setting 'custom_duration': 5 (default: None)
2026-08-06 20:36:44,482 - DEBUG - GET setting 'custom_base': #1e1e2e (default: None)
2026-08-06 20:36:44,482 - DEBUG - GET setting 'custom_mantle': #181825 (default: None)
2026-08-06 20:36:44,482 - DEBUG - GET setting 'custom_surface': #313244 (default: None)
2026-08-06 20:36:44,482 - DEBUG - GET setting 'custom_surface0': #45475a (default: None)
2026-08-06 20:36:44,482 - DEBUG - GET setting 'custom_surface1': #585b70 (default: None)
2026-08-06 20:36:44,482 - DEBUG - GET setting 'custom_surface2': #45475a (default: None)
2026-08-06 20:36:44,482 - DEBUG - GET setting 'custom_text': #cdd6f4 (default: None)
2026-08-06 20:36:44,482 - DEBUG - GET setting 'custom_subtext0': #a6adc8 (default: None)
2026-08-06 20:36:44,482 - DEBUG - GET setting 'custom_subtext1': #bac2de (default: None)
2026-08-06 20:36:44,482 - DEBUG - GET setting 'custom_overlay0': #6c7086 (default: None)
2026-08-06 20:36:44,482 - DEBUG - GET setting 'custom_overlay1': #7f849c (default: None)
2026-08-06 20:36:44,482 - DEBUG - GET setting 'custom_overlay2': #9399b2 (default: None)
2026-08-06 20:36:44,482 - DEBUG - GET setting 'custom_blue': #89b4fa (default: None)
2026-08-06 20:36:44,482 - DEBUG - GET setting 'custom_lavender': #b4befe (default: None)
2026-08-06 20:36:44,482 - DEBUG - GET setting 'custom_sapphire': #74c7ec (default: None)
2026-08-06 20:36:44,482 - DEBUG - GET setting 'custom_sky': #89dceb (default: None)
2026-08-06 20:36:44,482 - DEBUG - GET setting 'custom_teal': #94e2d5 (default: None)
2026-08-06 20:36:44,482 - DEBUG - GET setting 'custom_green': #a6e3a1 (default: None)
2026-08-06 20:36:44,482 - DEBUG - GET setting 'custom_yellow': #f9e2af (default: None)
2026-08-06 20:36:44,482 - DEBUG - GET setting 'custom_peach': #fab387 (default: None)
2026-08-06 20:36:44,482 - DEBUG - GET setting 'custom_maroon': #eba0ac (default: None)
2026-08-06 20:36:44,482 - DEBUG - GET setting 'custom_red': #f38ba8 (default: None)
2026-08-06 20:36:44,483 - DEBUG - GET setting 'custom_mauve': #cba6f7 (default: None)
2026-08-06 20:36:44,483 - DEBUG - GET setting 'custom_pink': #f5c2e7 (default: None)
2026-08-06 20:36:44,483 - DEBUG - GET setting 'custom_flamingo': #f2cdcd (default: None)
2026-08-06 20:36:44,483 - DEBUG - GET setting 'custom_rosewater': #f5e0dc (default: None)
2026-08-06 20:36:44,483 - INFO - set_theme called with theme: custom, custom_colors: True
2026-08-06 20:36:44,483 - INFO - Setting custom theme with 27 colors
2026-08-06 20:36:44,483 - INFO - Saved custom theme to C:\Users\user\AppData\Local\Temp\_MEI185122\core\themes\custom.json
2026-08-06 20:36:44,483 - INFO - Theme set to: custom with 27 colors
2026-08-06 20:36:44,483 - WARNING - No theme change callback registered
2026-08-06 20:36:44,483 - DEBUG - GET setting 'custom_duration': 5 (default: 15)
2026-08-06 20:36:44,483 - DEBUG - GET setting 'multi_quest_limit': 0 (default: 0)
2026-08-06 20:36:44,483 - DEBUG - GET setting 'remember_duration': True (default: True)
2026-08-06 20:36:44,483 - DEBUG - GET setting 'minimize_to_tray': False (default: False)
2026-08-06 20:36:44,483 - DEBUG - GET setting 'auto_clean_on_exit': False (default: True)
2026-08-06 20:36:44,483 - DEBUG - GET setting 'discord_auto_open': True (default: True)
2026-08-06 20:36:44,483 - DEBUG - GET setting 'auto_check_updates': False (default: True)
2026-08-06 20:36:44,483 - DEBUG - GET setting 'dummy_cat_selection': Cat-1 (default: Cat-1)
2026-08-06 20:36:44,483 - DEBUG - GET setting 'exe_creation_path':  (default: )
2026-08-06 20:36:44,483 - DEBUG - GET setting 'data_folder_path':  (default: )
2026-08-06 20:36:44,488 - DEBUG - Importing PngImagePlugin
2026-08-06 20:36:44,494 - DEBUG - STREAM b'IHDR' 16 13
2026-08-06 20:36:44,494 - DEBUG - STREAM b'pHYs' 41 9
2026-08-06 20:36:44,494 - DEBUG - STREAM b'tEXt' 62 25
2026-08-06 20:36:44,494 - DEBUG - STREAM b'IDAT' 99 8192
2026-08-06 20:36:44,502 - DEBUG - STREAM b'IHDR' 16 13
2026-08-06 20:36:44,502 - DEBUG - STREAM b'pHYs' 41 9
2026-08-06 20:36:44,503 - DEBUG - STREAM b'tEXt' 62 25
2026-08-06 20:36:44,503 - DEBUG - STREAM b'IDAT' 99 8192
2026-08-06 20:36:44,506 - DEBUG - STREAM b'IHDR' 16 13
2026-08-06 20:36:44,506 - DEBUG - STREAM b'pHYs' 41 9
2026-08-06 20:36:44,507 - DEBUG - STREAM b'tEXt' 62 25
2026-08-06 20:36:44,507 - DEBUG - STREAM b'IDAT' 99 8192
2026-08-06 20:36:44,511 - DEBUG - STREAM b'IHDR' 16 13
2026-08-06 20:36:44,511 - DEBUG - STREAM b'pHYs' 41 9
2026-08-06 20:36:44,511 - DEBUG - STREAM b'tEXt' 62 25
2026-08-06 20:36:44,511 - DEBUG - STREAM b'IDAT' 99 8192
2026-08-06 20:36:44,564 - DEBUG - STREAM b'IHDR' 16 13
2026-08-06 20:36:44,564 - DEBUG - STREAM b'pHYs' 41 9
2026-08-06 20:36:44,564 - DEBUG - STREAM b'tEXt' 62 25
2026-08-06 20:36:44,564 - DEBUG - STREAM b'IDAT' 99 8192
2026-08-06 20:36:44,618 - DEBUG - STREAM b'IHDR' 16 13
2026-08-06 20:36:44,618 - DEBUG - STREAM b'sBIT' 41 4
2026-08-06 20:36:44,618 - DEBUG - b'sBIT' 41 4 (unknown)
2026-08-06 20:36:44,618 - DEBUG - STREAM b'pHYs' 57 9
2026-08-06 20:36:44,618 - DEBUG - STREAM b'tEXt' 78 25
2026-08-06 20:36:44,618 - DEBUG - STREAM b'IDAT' 115 8192
2026-08-06 20:36:44,623 - DEBUG - STREAM b'IHDR' 16 13
2026-08-06 20:36:44,623 - DEBUG - STREAM b'sBIT' 41 4
2026-08-06 20:36:44,623 - DEBUG - b'sBIT' 41 4 (unknown)
2026-08-06 20:36:44,623 - DEBUG - STREAM b'pHYs' 57 9
2026-08-06 20:36:44,623 - DEBUG - STREAM b'tEXt' 78 25
2026-08-06 20:36:44,623 - DEBUG - STREAM b'IDAT' 115 7260
2026-08-06 20:36:44,742 - DEBUG - STREAM b'IHDR' 16 13
2026-08-06 20:36:44,742 - DEBUG - STREAM b'pHYs' 41 9
2026-08-06 20:36:44,742 - DEBUG - STREAM b'tEXt' 62 25
2026-08-06 20:36:44,742 - DEBUG - STREAM b'IDAT' 99 8192
2026-08-06 20:36:44,783 - DEBUG - STREAM b'IHDR' 16 13
2026-08-06 20:36:44,783 - DEBUG - STREAM b'sBIT' 41 4
2026-08-06 20:36:44,783 - DEBUG - b'sBIT' 41 4 (unknown)
2026-08-06 20:36:44,783 - DEBUG - STREAM b'pHYs' 57 9
2026-08-06 20:36:44,783 - DEBUG - STREAM b'tEXt' 78 25
2026-08-06 20:36:44,783 - DEBUG - STREAM b'IDAT' 115 8192
2026-08-06 20:36:44,787 - DEBUG - STREAM b'IHDR' 16 13
2026-08-06 20:36:44,787 - DEBUG - STREAM b'sRGB' 41 1
2026-08-06 20:36:44,787 - DEBUG - STREAM b'IDAT' 54 719
2026-08-06 20:36:44,851 - DEBUG - Importing AvifImagePlugin
2026-08-06 20:36:44,854 - DEBUG - Importing BlpImagePlugin
2026-08-06 20:36:44,855 - DEBUG - Importing BmpImagePlugin
2026-08-06 20:36:44,855 - DEBUG - Importing BufrStubImagePlugin
2026-08-06 20:36:44,855 - DEBUG - Importing CurImagePlugin
2026-08-06 20:36:44,856 - DEBUG - Importing DcxImagePlugin
2026-08-06 20:36:44,856 - DEBUG - Importing DdsImagePlugin
2026-08-06 20:36:44,859 - DEBUG - Importing EpsImagePlugin
2026-08-06 20:36:44,860 - DEBUG - Importing FitsImagePlugin
2026-08-06 20:36:44,861 - DEBUG - Importing FliImagePlugin
2026-08-06 20:36:44,861 - DEBUG - Importing FpxImagePlugin
2026-08-06 20:36:44,862 - DEBUG - Image: failed to import FpxImagePlugin: No module named 'olefile'
2026-08-06 20:36:44,862 - DEBUG - Importing FtexImagePlugin
2026-08-06 20:36:44,862 - DEBUG - Importing GbrImagePlugin
2026-08-06 20:36:44,862 - DEBUG - Importing GifImagePlugin
2026-08-06 20:36:44,863 - DEBUG - Importing GribStubImagePlugin
2026-08-06 20:36:44,863 - DEBUG - Importing Hdf5StubImagePlugin
2026-08-06 20:36:44,863 - DEBUG - Importing IcnsImagePlugin
2026-08-06 20:36:44,864 - DEBUG - Importing IcoImagePlugin
2026-08-06 20:36:44,865 - DEBUG - Importing ImImagePlugin
2026-08-06 20:36:44,865 - DEBUG - Importing ImtImagePlugin
2026-08-06 20:36:44,866 - DEBUG - Importing IptcImagePlugin
2026-08-06 20:36:44,866 - DEBUG - Importing JpegImagePlugin
2026-08-06 20:36:44,866 - DEBUG - Importing Jpeg2KImagePlugin
2026-08-06 20:36:44,866 - DEBUG - Importing McIdasImagePlugin
2026-08-06 20:36:44,866 - DEBUG - Importing MicImagePlugin
2026-08-06 20:36:44,867 - DEBUG - Image: failed to import MicImagePlugin: No module named 'olefile'
2026-08-06 20:36:44,867 - DEBUG - Importing MpegImagePlugin
2026-08-06 20:36:44,867 - DEBUG - Importing MpoImagePlugin
2026-08-06 20:36:44,869 - DEBUG - Importing MspImagePlugin
2026-08-06 20:36:44,870 - DEBUG - Importing PalmImagePlugin
2026-08-06 20:36:44,870 - DEBUG - Importing PcdImagePlugin
2026-08-06 20:36:44,871 - DEBUG - Importing PcxImagePlugin
2026-08-06 20:36:44,871 - DEBUG - Importing PdfImagePlugin
2026-08-06 20:36:44,875 - DEBUG - Importing PixarImagePlugin
2026-08-06 20:36:44,875 - DEBUG - Importing PngImagePlugin
2026-08-06 20:36:44,875 - DEBUG - Importing PpmImagePlugin
2026-08-06 20:36:44,875 - DEBUG - Importing PsdImagePlugin
2026-08-06 20:36:44,876 - DEBUG - Importing QoiImagePlugin
2026-08-06 20:36:44,876 - DEBUG - Importing SgiImagePlugin
2026-08-06 20:36:44,876 - DEBUG - Importing SpiderImagePlugin
2026-08-06 20:36:44,877 - DEBUG - Importing SunImagePlugin
2026-08-06 20:36:44,877 - DEBUG - Importing TgaImagePlugin
2026-08-06 20:36:44,877 - DEBUG - Importing TiffImagePlugin
2026-08-06 20:36:44,877 - DEBUG - Importing WebPImagePlugin
2026-08-06 20:36:44,879 - DEBUG - Importing WmfImagePlugin
2026-08-06 20:36:44,879 - DEBUG - Importing XbmImagePlugin
2026-08-06 20:36:44,880 - DEBUG - Importing XpmImagePlugin
2026-08-06 20:36:44,880 - DEBUG - Importing XVThumbImagePlugin
2026-08-06 20:36:50,282 - DEBUG - GET_ALL: Returning 41 settings
2026-08-06 20:36:50,294 - DEBUG - STREAM b'IHDR' 16 13
2026-08-06 20:36:50,294 - DEBUG - STREAM b'sBIT' 41 4
2026-08-06 20:36:50,294 - DEBUG - b'sBIT' 41 4 (unknown)
2026-08-06 20:36:50,295 - DEBUG - STREAM b'pHYs' 57 9
2026-08-06 20:36:50,295 - DEBUG - STREAM b'tEXt' 78 25
2026-08-06 20:36:50,295 - DEBUG - STREAM b'IDAT' 115 7521
2026-08-06 20:36:50,306 - DEBUG - STREAM b'IHDR' 16 13
2026-08-06 20:36:50,307 - DEBUG - STREAM b'pHYs' 41 9
2026-08-06 20:36:50,307 - DEBUG - STREAM b'tEXt' 62 25
2026-08-06 20:36:50,307 - DEBUG - STREAM b'IDAT' 99 8192
2026-08-06 20:36:50,312 - DEBUG - STREAM b'IHDR' 16 13
2026-08-06 20:36:50,312 - DEBUG - STREAM b'pHYs' 41 9
2026-08-06 20:36:50,312 - DEBUG - STREAM b'tEXt' 62 25
2026-08-06 20:36:50,312 - DEBUG - STREAM b'IDAT' 99 8192
2026-08-06 20:36:50,345 - DEBUG - STREAM b'IHDR' 16 13
2026-08-06 20:36:50,345 - DEBUG - STREAM b'sBIT' 41 4
2026-08-06 20:36:50,345 - DEBUG - b'sBIT' 41 4 (unknown)
2026-08-06 20:36:50,345 - DEBUG - STREAM b'pHYs' 57 9
2026-08-06 20:36:50,345 - DEBUG - STREAM b'tEXt' 78 25
2026-08-06 20:36:50,345 - DEBUG - STREAM b'IDAT' 115 7521
2026-08-06 20:36:50,380 - DEBUG - STREAM b'IHDR' 16 13
2026-08-06 20:36:50,381 - DEBUG - STREAM b'pHYs' 41 9
2026-08-06 20:36:50,381 - DEBUG - STREAM b'tEXt' 62 25
2026-08-06 20:36:50,381 - DEBUG - STREAM b'IDAT' 99 8192
2026-08-06 20:36:50,384 - DEBUG - STREAM b'IHDR' 16 13
2026-08-06 20:36:50,384 - DEBUG - STREAM b'pHYs' 41 9
2026-08-06 20:36:50,384 - DEBUG - STREAM b'tEXt' 62 25
2026-08-06 20:36:50,384 - DEBUG - STREAM b'IDAT' 99 8192
2026-08-06 20:36:50,388 - DEBUG - STREAM b'IHDR' 16 13
2026-08-06 20:36:50,388 - DEBUG - STREAM b'pHYs' 41 9
2026-08-06 20:36:50,388 - DEBUG - STREAM b'tEXt' 62 25
2026-08-06 20:36:50,388 - DEBUG - STREAM b'IDAT' 99 8192
2026-08-06 20:36:50,394 - DEBUG - Building row for: base
2026-08-06 20:36:50,394 - DEBUG - Successfully built row for: base
2026-08-06 20:36:50,394 - DEBUG - Building row for: mantle
2026-08-06 20:36:50,394 - DEBUG - Successfully built row for: mantle
2026-08-06 20:36:50,395 - DEBUG - Building row for: surface
2026-08-06 20:36:50,395 - DEBUG - Successfully built row for: surface
2026-08-06 20:36:50,395 - DEBUG - Building row for: surface0
2026-08-06 20:36:50,395 - DEBUG - Successfully built row for: surface0
2026-08-06 20:36:50,395 - DEBUG - Building row for: surface1
2026-08-06 20:36:50,395 - DEBUG - Successfully built row for: surface1
2026-08-06 20:36:50,396 - DEBUG - Building row for: surface2
2026-08-06 20:36:50,396 - DEBUG - Successfully built row for: surface2
2026-08-06 20:36:50,396 - DEBUG - Building row for: text
2026-08-06 20:36:50,396 - DEBUG - Successfully built row for: text
2026-08-06 20:36:50,396 - DEBUG - Building row for: subtext0
2026-08-06 20:36:50,397 - DEBUG - Successfully built row for: subtext0
2026-08-06 20:36:50,397 - DEBUG - Building row for: subtext1
2026-08-06 20:36:50,397 - DEBUG - Successfully built row for: subtext1
2026-08-06 20:36:50,397 - DEBUG - Building row for: overlay0
2026-08-06 20:36:50,397 - DEBUG - Successfully built row for: overlay0
2026-08-06 20:36:50,415 - INFO - set_theme called with theme: custom, custom_colors: True
2026-08-06 20:36:50,415 - INFO - Setting custom theme with 26 colors
2026-08-06 20:36:50,415 - INFO - Saved custom theme to C:\Users\user\AppData\Local\Temp\_MEI185122\core\themes\custom.json
2026-08-06 20:36:50,415 - INFO - Theme set to: custom with 26 colors
2026-08-06 20:36:50,416 - INFO - Calling theme change callback
2026-08-06 20:36:50,425 - DEBUG - STREAM b'IHDR' 16 13
2026-08-06 20:36:50,425 - DEBUG - STREAM b'sRGB' 41 1
2026-08-06 20:36:50,425 - DEBUG - STREAM b'IDAT' 54 292
2026-08-06 20:36:50,426 - DEBUG - STREAM b'IHDR' 16 13
2026-08-06 20:36:50,426 - DEBUG - STREAM b'sRGB' 41 1
2026-08-06 20:36:50,426 - DEBUG - STREAM b'IDAT' 54 183
2026-08-06 20:36:50,427 - DEBUG - STREAM b'IHDR' 16 13
2026-08-06 20:36:50,427 - DEBUG - STREAM b'sRGB' 41 1
2026-08-06 20:36:50,428 - DEBUG - STREAM b'IDAT' 54 234
2026-08-06 20:36:50,428 - DEBUG - STREAM b'IHDR' 16 13
2026-08-06 20:36:50,428 - DEBUG - STREAM b'sRGB' 41 1
2026-08-06 20:36:50,428 - DEBUG - STREAM b'IDAT' 54 286
2026-08-06 20:36:50,429 - DEBUG - STREAM b'IHDR' 16 13
2026-08-06 20:36:50,429 - DEBUG - STREAM b'sRGB' 41 1
2026-08-06 20:36:50,429 - DEBUG - STREAM b'IDAT' 54 298
2026-08-06 20:36:50,430 - DEBUG - STREAM b'IHDR' 16 13
2026-08-06 20:36:50,430 - DEBUG - STREAM b'sRGB' 41 1
2026-08-06 20:36:50,430 - DEBUG - STREAM b'IDAT' 54 338
2026-08-06 20:36:50,430 - DEBUG - STREAM b'IHDR' 16 13
2026-08-06 20:36:50,431 - DEBUG - STREAM b'pHYs' 41 9
2026-08-06 20:36:50,431 - DEBUG - STREAM b'tEXt' 62 25
2026-08-06 20:36:50,431 - DEBUG - STREAM b'IDAT' 99 8192
2026-08-06 20:36:50,434 - DEBUG - STREAM b'IHDR' 16 13
2026-08-06 20:36:50,434 - DEBUG - STREAM b'pHYs' 41 9
2026-08-06 20:36:50,434 - DEBUG - STREAM b'tEXt' 62 25
2026-08-06 20:36:50,434 - DEBUG - STREAM b'IDAT' 99 8192
2026-08-06 20:36:50,439 - DEBUG - STREAM b'IHDR' 16 13
2026-08-06 20:36:50,439 - DEBUG - STREAM b'pHYs' 41 9
2026-08-06 20:36:50,439 - DEBUG - STREAM b'tEXt' 62 25
2026-08-06 20:36:50,439 - DEBUG - STREAM b'IDAT' 99 8192
2026-08-06 20:36:50,442 - DEBUG - STREAM b'IHDR' 16 13
2026-08-06 20:36:50,442 - DEBUG - STREAM b'pHYs' 41 9
2026-08-06 20:36:50,443 - DEBUG - STREAM b'tEXt' 62 25
2026-08-06 20:36:50,443 - DEBUG - STREAM b'IDAT' 99 8192
2026-08-06 20:36:50,446 - DEBUG - STREAM b'IHDR' 16 13
2026-08-06 20:36:50,447 - DEBUG - STREAM b'sBIT' 41 4
2026-08-06 20:36:50,447 - DEBUG - b'sBIT' 41 4 (unknown)
2026-08-06 20:36:50,447 - DEBUG - STREAM b'pHYs' 57 9
2026-08-06 20:36:50,447 - DEBUG - STREAM b'tEXt' 78 25
2026-08-06 20:36:50,447 - DEBUG - STREAM b'IDAT' 115 8192
2026-08-06 20:37:01,458 - INFO - Save button clicked - starting save process
2026-08-06 20:37:01,491 - DEBUG - Collected 10 custom colors
2026-08-06 20:37:01,491 - DEBUG - Merged with mocha defaults, now have 26 total colors
2026-08-06 20:37:07,506 - INFO - Cancel button clicked - discarding changes
2026-08-06 20:37:07,507 - INFO - Reloaded original settings
2026-08-06 20:37:10,187 - DEBUG - GET_ALL: Returning 41 settings
2026-08-06 20:37:10,203 - DEBUG - STREAM b'IHDR' 16 13
2026-08-06 20:37:10,204 - DEBUG - STREAM b'pHYs' 41 9
2026-08-06 20:37:10,204 - DEBUG - STREAM b'tEXt' 62 25
2026-08-06 20:37:10,204 - DEBUG - STREAM b'IDAT' 99 8192
2026-08-06 20:37:10,268 - DEBUG - STREAM b'IHDR' 16 13
2026-08-06 20:37:10,268 - DEBUG - STREAM b'sBIT' 41 4
2026-08-06 20:37:10,268 - DEBUG - b'sBIT' 41 4 (unknown)
2026-08-06 20:37:10,268 - DEBUG - STREAM b'pHYs' 57 9
2026-08-06 20:37:10,268 - DEBUG - STREAM b'tEXt' 78 25
2026-08-06 20:37:10,268 - DEBUG - STREAM b'IDAT' 115 7521
2026-08-06 20:37:10,308 - DEBUG - Building row for: base
2026-08-06 20:37:10,308 - DEBUG - Successfully built row for: base
2026-08-06 20:37:10,308 - DEBUG - Building row for: mantle
2026-08-06 20:37:10,308 - DEBUG - Successfully built row for: mantle
2026-08-06 20:37:10,308 - DEBUG - Building row for: surface
2026-08-06 20:37:10,309 - DEBUG - Successfully built row for: surface
2026-08-06 20:37:10,309 - DEBUG - Building row for: surface0
2026-08-06 20:37:10,309 - DEBUG - Successfully built row for: surface0
2026-08-06 20:37:10,309 - DEBUG - Building row for: surface1
2026-08-06 20:37:10,309 - DEBUG - Successfully built row for: surface1
2026-08-06 20:37:10,309 - DEBUG - Building row for: surface2
2026-08-06 20:37:10,309 - DEBUG - Successfully built row for: surface2
2026-08-06 20:37:10,310 - DEBUG - Building row for: text
2026-08-06 20:37:10,310 - DEBUG - Successfully built row for: text
2026-08-06 20:37:10,310 - DEBUG - Building row for: subtext0
2026-08-06 20:37:10,310 - DEBUG - Successfully built row for: subtext0
2026-08-06 20:37:10,310 - DEBUG - Building row for: subtext1
2026-08-06 20:37:10,310 - DEBUG - Successfully built row for: subtext1
2026-08-06 20:37:10,310 - DEBUG - Building row for: overlay0
2026-08-06 20:37:10,311 - DEBUG - Successfully built row for: overlay0
2026-08-06 20:37:10,327 - INFO - set_theme called with theme: custom, custom_colors: True
2026-08-06 20:37:10,327 - INFO - Setting custom theme with 26 colors
2026-08-06 20:37:10,327 - INFO - Saved custom theme to C:\Users\user\AppData\Local\Temp\_MEI185122\core\themes\custom.json
2026-08-06 20:37:10,327 - INFO - Theme set to: custom with 26 colors
2026-08-06 20:37:10,328 - INFO - Calling theme change callback
2026-08-06 20:37:10,335 - DEBUG - STREAM b'IHDR' 16 13
2026-08-06 20:37:10,335 - DEBUG - STREAM b'sRGB' 41 1
2026-08-06 20:37:10,335 - DEBUG - STREAM b'IDAT' 54 292
2026-08-06 20:37:10,336 - DEBUG - STREAM b'IHDR' 16 13
2026-08-06 20:37:10,336 - DEBUG - STREAM b'sRGB' 41 1
2026-08-06 20:37:10,336 - DEBUG - STREAM b'IDAT' 54 183
2026-08-06 20:37:10,337 - DEBUG - STREAM b'IHDR' 16 13
2026-08-06 20:37:10,337 - DEBUG - STREAM b'sRGB' 41 1
2026-08-06 20:37:10,337 - DEBUG - STREAM b'IDAT' 54 234
2026-08-06 20:37:10,337 - DEBUG - STREAM b'IHDR' 16 13
2026-08-06 20:37:10,337 - DEBUG - STREAM b'sRGB' 41 1
2026-08-06 20:37:10,337 - DEBUG - STREAM b'IDAT' 54 286
2026-08-06 20:37:10,338 - DEBUG - STREAM b'IHDR' 16 13
2026-08-06 20:37:10,338 - DEBUG - STREAM b'sRGB' 41 1
2026-08-06 20:37:10,338 - DEBUG - STREAM b'IDAT' 54 298
2026-08-06 20:37:10,339 - DEBUG - STREAM b'IHDR' 16 13
2026-08-06 20:37:10,339 - DEBUG - STREAM b'sRGB' 41 1
2026-08-06 20:37:10,339 - DEBUG - STREAM b'IDAT' 54 338
2026-08-06 20:37:18,379 - INFO - Save button clicked - starting save process
2026-08-06 20:37:18,441 - DEBUG - Collected 10 custom colors
2026-08-06 20:37:18,441 - DEBUG - Merged with mocha defaults, now have 26 total colors
2026-08-06 20:37:18,441 - DEBUG - Added 26 custom colors to new_settings
2026-08-06 20:37:18,441 - DEBUG - Created new_settings dict with 41 keys
2026-08-06 20:37:18,441 - DEBUG - Theme changed: False, Is custom theme: True
2026-08-06 20:37:18,441 - INFO - Calling theme change callback
2026-08-06 20:37:18,441 - INFO - set_theme called with theme: custom, custom_colors: True
2026-08-06 20:37:18,441 - INFO - Setting custom theme with 26 colors
2026-08-06 20:37:18,442 - INFO - Saved custom theme to C:\Users\user\AppData\Local\Temp\_MEI185122\core\themes\custom.json
2026-08-06 20:37:18,442 - INFO - Theme set to: custom with 26 colors
2026-08-06 20:37:18,442 - INFO - Calling theme change callback
2026-08-06 20:37:18,454 - INFO - Calling on_save callback
2026-08-06 20:37:18,454 - DEBUG - SET setting 'theme': custom (previous: custom)
2026-08-06 20:37:18,454 - DEBUG - Attempting to save 41 settings to: C:\Users\user\OneDrive\Desktop\DiscordQuestManager\version 1.1.0\dist\DiscordQuestManager-data\settings.json
2026-08-06 20:37:18,454 - INFO - Successfully saved settings to file
2026-08-06 20:37:18,455 - DEBUG - Saved settings keys: ['theme', 'custom_duration', 'remember_duration', 'minimize_to_tray', 'auto_clean_on_exit', 'discord_auto_open', 'multi_quest_limit', 'dummy_cat_selection', 'dummy_alarm_enabled', 'dummy_alarm_type', 'dummy_alarm_sound_path', 'dummy_alarm_volume', 'custom_base', 'custom_mantle', 'custom_surface', 'custom_surface0', 'custom_surface1', 'custom_surface2', 'custom_text', 'custom_subtext0', 'custom_subtext1', 'custom_overlay0', 'custom_overlay1', 'custom_overlay2', 'custom_blue', 'custom_lavender', 'custom_sapphire', 'custom_sky', 'custom_teal', 'custom_green', 'custom_yellow', 'custom_peach', 'custom_maroon', 'custom_red', 'custom_mauve', 'custom_pink', 'custom_flamingo', 'custom_rosewater', 'auto_check_updates', 'exe_creation_path', 'data_folder_path']
2026-08-06 20:37:18,455 - INFO - Setting 'theme' updated and saved
2026-08-06 20:37:18,455 - DEBUG - SET setting 'custom_duration': 1 (previous: 5)
2026-08-06 20:37:18,455 - DEBUG - Attempting to save 41 settings to: C:\Users\user\OneDrive\Desktop\DiscordQuestManager\version 1.1.0\dist\DiscordQuestManager-data\settings.json
2026-08-06 20:37:18,455 - INFO - Successfully saved settings to file
2026-08-06 20:37:18,455 - DEBUG - Saved settings keys: ['theme', 'custom_duration', 'remember_duration', 'minimize_to_tray', 'auto_clean_on_exit', 'discord_auto_open', 'multi_quest_limit', 'dummy_cat_selection', 'dummy_alarm_enabled', 'dummy_alarm_type', 'dummy_alarm_sound_path', 'dummy_alarm_volume', 'custom_base', 'custom_mantle', 'custom_surface', 'custom_surface0', 'custom_surface1', 'custom_surface2', 'custom_text', 'custom_subtext0', 'custom_subtext1', 'custom_overlay0', 'custom_overlay1', 'custom_overlay2', 'custom_blue', 'custom_lavender', 'custom_sapphire', 'custom_sky', 'custom_teal', 'custom_green', 'custom_yellow', 'custom_peach', 'custom_maroon', 'custom_red', 'custom_mauve', 'custom_pink', 'custom_flamingo', 'custom_rosewater', 'auto_check_updates', 'exe_creation_path', 'data_folder_path']
2026-08-06 20:37:18,455 - INFO - Setting 'custom_duration' updated and saved
2026-08-06 20:37:18,455 - DEBUG - SET setting 'remember_duration': True (previous: True)
2026-08-06 20:37:18,455 - DEBUG - Attempting to save 41 settings to: C:\Users\user\OneDrive\Desktop\DiscordQuestManager\version 1.1.0\dist\DiscordQuestManager-data\settings.json
2026-08-06 20:37:18,463 - INFO - Successfully saved settings to file
2026-08-06 20:37:18,464 - DEBUG - Saved settings keys: ['theme', 'custom_duration', 'remember_duration', 'minimize_to_tray', 'auto_clean_on_exit', 'discord_auto_open', 'multi_quest_limit', 'dummy_cat_selection', 'dummy_alarm_enabled', 'dummy_alarm_type', 'dummy_alarm_sound_path', 'dummy_alarm_volume', 'custom_base', 'custom_mantle', 'custom_surface', 'custom_surface0', 'custom_surface1', 'custom_surface2', 'custom_text', 'custom_subtext0', 'custom_subtext1', 'custom_overlay0', 'custom_overlay1', 'custom_overlay2', 'custom_blue', 'custom_lavender', 'custom_sapphire', 'custom_sky', 'custom_teal', 'custom_green', 'custom_yellow', 'custom_peach', 'custom_maroon', 'custom_red', 'custom_mauve', 'custom_pink', 'custom_flamingo', 'custom_rosewater', 'auto_check_updates', 'exe_creation_path', 'data_folder_path']
2026-08-06 20:37:18,464 - INFO - Setting 'remember_duration' updated and saved
2026-08-06 20:37:18,464 - DEBUG - SET setting 'minimize_to_tray': False (previous: False)
2026-08-06 20:37:18,464 - DEBUG - Attempting to save 41 settings to: C:\Users\user\OneDrive\Desktop\DiscordQuestManager\version 1.1.0\dist\DiscordQuestManager-data\settings.json
2026-08-06 20:37:18,465 - INFO - Successfully saved settings to file
2026-08-06 20:37:18,465 - DEBUG - Saved settings keys: ['theme', 'custom_duration', 'remember_duration', 'minimize_to_tray', 'auto_clean_on_exit', 'discord_auto_open', 'multi_quest_limit', 'dummy_cat_selection', 'dummy_alarm_enabled', 'dummy_alarm_type', 'dummy_alarm_sound_path', 'dummy_alarm_volume', 'custom_base', 'custom_mantle', 'custom_surface', 'custom_surface0', 'custom_surface1', 'custom_surface2', 'custom_text', 'custom_subtext0', 'custom_subtext1', 'custom_overlay0', 'custom_overlay1', 'custom_overlay2', 'custom_blue', 'custom_lavender', 'custom_sapphire', 'custom_sky', 'custom_teal', 'custom_green', 'custom_yellow', 'custom_peach', 'custom_maroon', 'custom_red', 'custom_mauve', 'custom_pink', 'custom_flamingo', 'custom_rosewater', 'auto_check_updates', 'exe_creation_path', 'data_folder_path']
2026-08-06 20:37:18,465 - INFO - Setting 'minimize_to_tray' updated and saved
2026-08-06 20:37:18,465 - DEBUG - SET setting 'auto_clean_on_exit': False (previous: False)
2026-08-06 20:37:18,465 - DEBUG - Attempting to save 41 settings to: C:\Users\user\OneDrive\Desktop\DiscordQuestManager\version 1.1.0\dist\DiscordQuestManager-data\settings.json
2026-08-06 20:37:18,465 - INFO - Successfully saved settings to file
2026-08-06 20:37:18,465 - DEBUG - Saved settings keys: ['theme', 'custom_duration', 'remember_duration', 'minimize_to_tray', 'auto_clean_on_exit', 'discord_auto_open', 'multi_quest_limit', 'dummy_cat_selection', 'dummy_alarm_enabled', 'dummy_alarm_type', 'dummy_alarm_sound_path', 'dummy_alarm_volume', 'custom_base', 'custom_mantle', 'custom_surface', 'custom_surface0', 'custom_surface1', 'custom_surface2', 'custom_text', 'custom_subtext0', 'custom_subtext1', 'custom_overlay0', 'custom_overlay1', 'custom_overlay2', 'custom_blue', 'custom_lavender', 'custom_sapphire', 'custom_sky', 'custom_teal', 'custom_green', 'custom_yellow', 'custom_peach', 'custom_maroon', 'custom_red', 'custom_mauve', 'custom_pink', 'custom_flamingo', 'custom_rosewater', 'auto_check_updates', 'exe_creation_path', 'data_folder_path']
2026-08-06 20:37:18,465 - INFO - Setting 'auto_clean_on_exit' updated and saved
2026-08-06 20:37:18,465 - DEBUG - SET setting 'discord_auto_open': True (previous: True)
2026-08-06 20:37:18,465 - DEBUG - Attempting to save 41 settings to: C:\Users\user\OneDrive\Desktop\DiscordQuestManager\version 1.1.0\dist\DiscordQuestManager-data\settings.json
2026-08-06 20:37:18,466 - INFO - Successfully saved settings to file
2026-08-06 20:37:18,466 - DEBUG - Saved settings keys: ['theme', 'custom_duration', 'remember_duration', 'minimize_to_tray', 'auto_clean_on_exit', 'discord_auto_open', 'multi_quest_limit', 'dummy_cat_selection', 'dummy_alarm_enabled', 'dummy_alarm_type', 'dummy_alarm_sound_path', 'dummy_alarm_volume', 'custom_base', 'custom_mantle', 'custom_surface', 'custom_surface0', 'custom_surface1', 'custom_surface2', 'custom_text', 'custom_subtext0', 'custom_subtext1', 'custom_overlay0', 'custom_overlay1', 'custom_overlay2', 'custom_blue', 'custom_lavender', 'custom_sapphire', 'custom_sky', 'custom_teal', 'custom_green', 'custom_yellow', 'custom_peach', 'custom_maroon', 'custom_red', 'custom_mauve', 'custom_pink', 'custom_flamingo', 'custom_rosewater', 'auto_check_updates', 'exe_creation_path', 'data_folder_path']
2026-08-06 20:37:18,466 - INFO - Setting 'discord_auto_open' updated and saved
2026-08-06 20:37:18,466 - DEBUG - SET setting 'multi_quest_limit': 0 (previous: 0)
2026-08-06 20:37:18,466 - DEBUG - Attempting to save 41 settings to: C:\Users\user\OneDrive\Desktop\DiscordQuestManager\version 1.1.0\dist\DiscordQuestManager-data\settings.json
2026-08-06 20:37:18,466 - INFO - Successfully saved settings to file
2026-08-06 20:37:18,466 - DEBUG - Saved settings keys: ['theme', 'custom_duration', 'remember_duration', 'minimize_to_tray', 'auto_clean_on_exit', 'discord_auto_open', 'multi_quest_limit', 'dummy_cat_selection', 'dummy_alarm_enabled', 'dummy_alarm_type', 'dummy_alarm_sound_path', 'dummy_alarm_volume', 'custom_base', 'custom_mantle', 'custom_surface', 'custom_surface0', 'custom_surface1', 'custom_surface2', 'custom_text', 'custom_subtext0', 'custom_subtext1', 'custom_overlay0', 'custom_overlay1', 'custom_overlay2', 'custom_blue', 'custom_lavender', 'custom_sapphire', 'custom_sky', 'custom_teal', 'custom_green', 'custom_yellow', 'custom_peach', 'custom_maroon', 'custom_red', 'custom_mauve', 'custom_pink', 'custom_flamingo', 'custom_rosewater', 'auto_check_updates', 'exe_creation_path', 'data_folder_path']
2026-08-06 20:37:18,467 - INFO - Setting 'multi_quest_limit' updated and saved
2026-08-06 20:37:18,467 - DEBUG - SET setting 'auto_check_updates': False (previous: False)
2026-08-06 20:37:18,467 - DEBUG - Attempting to save 41 settings to: C:\Users\user\OneDrive\Desktop\DiscordQuestManager\version 1.1.0\dist\DiscordQuestManager-data\settings.json
2026-08-06 20:37:18,467 - INFO - Successfully saved settings to file
2026-08-06 20:37:18,467 - DEBUG - Saved settings keys: ['theme', 'custom_duration', 'remember_duration', 'minimize_to_tray', 'auto_clean_on_exit', 'discord_auto_open', 'multi_quest_limit', 'dummy_cat_selection', 'dummy_alarm_enabled', 'dummy_alarm_type', 'dummy_alarm_sound_path', 'dummy_alarm_volume', 'custom_base', 'custom_mantle', 'custom_surface', 'custom_surface0', 'custom_surface1', 'custom_surface2', 'custom_text', 'custom_subtext0', 'custom_subtext1', 'custom_overlay0', 'custom_overlay1', 'custom_overlay2', 'custom_blue', 'custom_lavender', 'custom_sapphire', 'custom_sky', 'custom_teal', 'custom_green', 'custom_yellow', 'custom_peach', 'custom_maroon', 'custom_red', 'custom_mauve', 'custom_pink', 'custom_flamingo', 'custom_rosewater', 'auto_check_updates', 'exe_creation_path', 'data_folder_path']
2026-08-06 20:37:18,467 - INFO - Setting 'auto_check_updates' updated and saved
2026-08-06 20:37:18,467 - DEBUG - SET setting 'dummy_cat_selection': Cat-1 (previous: Cat-1)
2026-08-06 20:37:18,467 - DEBUG - Attempting to save 41 settings to: C:\Users\user\OneDrive\Desktop\DiscordQuestManager\version 1.1.0\dist\DiscordQuestManager-data\settings.json
2026-08-06 20:37:18,468 - INFO - Successfully saved settings to file
2026-08-06 20:37:18,468 - DEBUG - Saved settings keys: ['theme', 'custom_duration', 'remember_duration', 'minimize_to_tray', 'auto_clean_on_exit', 'discord_auto_open', 'multi_quest_limit', 'dummy_cat_selection', 'dummy_alarm_enabled', 'dummy_alarm_type', 'dummy_alarm_sound_path', 'dummy_alarm_volume', 'custom_base', 'custom_mantle', 'custom_surface', 'custom_surface0', 'custom_surface1', 'custom_surface2', 'custom_text', 'custom_subtext0', 'custom_subtext1', 'custom_overlay0', 'custom_overlay1', 'custom_overlay2', 'custom_blue', 'custom_lavender', 'custom_sapphire', 'custom_sky', 'custom_teal', 'custom_green', 'custom_yellow', 'custom_peach', 'custom_maroon', 'custom_red', 'custom_mauve', 'custom_pink', 'custom_flamingo', 'custom_rosewater', 'auto_check_updates', 'exe_creation_path', 'data_folder_path']
2026-08-06 20:37:18,468 - INFO - Setting 'dummy_cat_selection' updated and saved
2026-08-06 20:37:18,468 - DEBUG - SET setting 'dummy_alarm_enabled': True (previous: True)
2026-08-06 20:37:18,468 - DEBUG - Attempting to save 41 settings to: C:\Users\user\OneDrive\Desktop\DiscordQuestManager\version 1.1.0\dist\DiscordQuestManager-data\settings.json
2026-08-06 20:37:18,469 - INFO - Successfully saved settings to file
2026-08-06 20:37:18,469 - DEBUG - Saved settings keys: ['theme', 'custom_duration', 'remember_duration', 'minimize_to_tray', 'auto_clean_on_exit', 'discord_auto_open', 'multi_quest_limit', 'dummy_cat_selection', 'dummy_alarm_enabled', 'dummy_alarm_type', 'dummy_alarm_sound_path', 'dummy_alarm_volume', 'custom_base', 'custom_mantle', 'custom_surface', 'custom_surface0', 'custom_surface1', 'custom_surface2', 'custom_text', 'custom_subtext0', 'custom_subtext1', 'custom_overlay0', 'custom_overlay1', 'custom_overlay2', 'custom_blue', 'custom_lavender', 'custom_sapphire', 'custom_sky', 'custom_teal', 'custom_green', 'custom_yellow', 'custom_peach', 'custom_maroon', 'custom_red', 'custom_mauve', 'custom_pink', 'custom_flamingo', 'custom_rosewater', 'auto_check_updates', 'exe_creation_path', 'data_folder_path']
2026-08-06 20:37:18,469 - INFO - Setting 'dummy_alarm_enabled' updated and saved
2026-08-06 20:37:18,469 - DEBUG - SET setting 'dummy_alarm_type': default (previous: default)
2026-08-06 20:37:18,469 - DEBUG - Attempting to save 41 settings to: C:\Users\user\OneDrive\Desktop\DiscordQuestManager\version 1.1.0\dist\DiscordQuestManager-data\settings.json
2026-08-06 20:37:18,470 - INFO - Successfully saved settings to file
2026-08-06 20:37:18,470 - DEBUG - Saved settings keys: ['theme', 'custom_duration', 'remember_duration', 'minimize_to_tray', 'auto_clean_on_exit', 'discord_auto_open', 'multi_quest_limit', 'dummy_cat_selection', 'dummy_alarm_enabled', 'dummy_alarm_type', 'dummy_alarm_sound_path', 'dummy_alarm_volume', 'custom_base', 'custom_mantle', 'custom_surface', 'custom_surface0', 'custom_surface1', 'custom_surface2', 'custom_text', 'custom_subtext0', 'custom_subtext1', 'custom_overlay0', 'custom_overlay1', 'custom_overlay2', 'custom_blue', 'custom_lavender', 'custom_sapphire', 'custom_sky', 'custom_teal', 'custom_green', 'custom_yellow', 'custom_peach', 'custom_maroon', 'custom_red', 'custom_mauve', 'custom_pink', 'custom_flamingo', 'custom_rosewater', 'auto_check_updates', 'exe_creation_path', 'data_folder_path']
2026-08-06 20:37:18,470 - INFO - Setting 'dummy_alarm_type' updated and saved
2026-08-06 20:37:18,470 - DEBUG - SET setting 'dummy_alarm_sound_path':  (previous: )
2026-08-06 20:37:18,470 - DEBUG - Attempting to save 41 settings to: C:\Users\user\OneDrive\Desktop\DiscordQuestManager\version 1.1.0\dist\DiscordQuestManager-data\settings.json
2026-08-06 20:37:18,471 - INFO - Successfully saved settings to file
2026-08-06 20:37:18,471 - DEBUG - Saved settings keys: ['theme', 'custom_duration', 'remember_duration', 'minimize_to_tray', 'auto_clean_on_exit', 'discord_auto_open', 'multi_quest_limit', 'dummy_cat_selection', 'dummy_alarm_enabled', 'dummy_alarm_type', 'dummy_alarm_sound_path', 'dummy_alarm_volume', 'custom_base', 'custom_mantle', 'custom_surface', 'custom_surface0', 'custom_surface1', 'custom_surface2', 'custom_text', 'custom_subtext0', 'custom_subtext1', 'custom_overlay0', 'custom_overlay1', 'custom_overlay2', 'custom_blue', 'custom_lavender', 'custom_sapphire', 'custom_sky', 'custom_teal', 'custom_green', 'custom_yellow', 'custom_peach', 'custom_maroon', 'custom_red', 'custom_mauve', 'custom_pink', 'custom_flamingo', 'custom_rosewater', 'auto_check_updates', 'exe_creation_path', 'data_folder_path']
2026-08-06 20:37:18,471 - INFO - Setting 'dummy_alarm_sound_path' updated and saved
2026-08-06 20:37:18,471 - DEBUG - SET setting 'dummy_alarm_volume': 100 (previous: 100)
2026-08-06 20:37:18,471 - DEBUG - Attempting to save 41 settings to: C:\Users\user\OneDrive\Desktop\DiscordQuestManager\version 1.1.0\dist\DiscordQuestManager-data\settings.json
2026-08-06 20:37:18,471 - INFO - Successfully saved settings to file
2026-08-06 20:37:18,471 - DEBUG - Saved settings keys: ['theme', 'custom_duration', 'remember_duration', 'minimize_to_tray', 'auto_clean_on_exit', 'discord_auto_open', 'multi_quest_limit', 'dummy_cat_selection', 'dummy_alarm_enabled', 'dummy_alarm_type', 'dummy_alarm_sound_path', 'dummy_alarm_volume', 'custom_base', 'custom_mantle', 'custom_surface', 'custom_surface0', 'custom_surface1', 'custom_surface2', 'custom_text', 'custom_subtext0', 'custom_subtext1', 'custom_overlay0', 'custom_overlay1', 'custom_overlay2', 'custom_blue', 'custom_lavender', 'custom_sapphire', 'custom_sky', 'custom_teal', 'custom_green', 'custom_yellow', 'custom_peach', 'custom_maroon', 'custom_red', 'custom_mauve', 'custom_pink', 'custom_flamingo', 'custom_rosewater', 'auto_check_updates', 'exe_creation_path', 'data_folder_path']
2026-08-06 20:37:18,471 - INFO - Setting 'dummy_alarm_volume' updated and saved
2026-08-06 20:37:18,471 - DEBUG - SET setting 'exe_creation_path':  (previous: )
2026-08-06 20:37:18,471 - DEBUG - Attempting to save 41 settings to: C:\Users\user\OneDrive\Desktop\DiscordQuestManager\version 1.1.0\dist\DiscordQuestManager-data\settings.json
2026-08-06 20:37:18,472 - INFO - Successfully saved settings to file
2026-08-06 20:37:18,472 - DEBUG - Saved settings keys: ['theme', 'custom_duration', 'remember_duration', 'minimize_to_tray', 'auto_clean_on_exit', 'discord_auto_open', 'multi_quest_limit', 'dummy_cat_selection', 'dummy_alarm_enabled', 'dummy_alarm_type', 'dummy_alarm_sound_path', 'dummy_alarm_volume', 'custom_base', 'custom_mantle', 'custom_surface', 'custom_surface0', 'custom_surface1', 'custom_surface2', 'custom_text', 'custom_subtext0', 'custom_subtext1', 'custom_overlay0', 'custom_overlay1', 'custom_overlay2', 'custom_blue', 'custom_lavender', 'custom_sapphire', 'custom_sky', 'custom_teal', 'custom_green', 'custom_yellow', 'custom_peach', 'custom_maroon', 'custom_red', 'custom_mauve', 'custom_pink', 'custom_flamingo', 'custom_rosewater', 'auto_check_updates', 'exe_creation_path', 'data_folder_path']
2026-08-06 20:37:18,472 - INFO - Setting 'exe_creation_path' updated and saved
2026-08-06 20:37:18,472 - DEBUG - SET setting 'data_folder_path':  (previous: )
2026-08-06 20:37:18,472 - DEBUG - Attempting to save 41 settings to: C:\Users\user\OneDrive\Desktop\DiscordQuestManager\version 1.1.0\dist\DiscordQuestManager-data\settings.json
2026-08-06 20:37:18,472 - INFO - Successfully saved settings to file
2026-08-06 20:37:18,472 - DEBUG - Saved settings keys: ['theme', 'custom_duration', 'remember_duration', 'minimize_to_tray', 'auto_clean_on_exit', 'discord_auto_open', 'multi_quest_limit', 'dummy_cat_selection', 'dummy_alarm_enabled', 'dummy_alarm_type', 'dummy_alarm_sound_path', 'dummy_alarm_volume', 'custom_base', 'custom_mantle', 'custom_surface', 'custom_surface0', 'custom_surface1', 'custom_surface2', 'custom_text', 'custom_subtext0', 'custom_subtext1', 'custom_overlay0', 'custom_overlay1', 'custom_overlay2', 'custom_blue', 'custom_lavender', 'custom_sapphire', 'custom_sky', 'custom_teal', 'custom_green', 'custom_yellow', 'custom_peach', 'custom_maroon', 'custom_red', 'custom_mauve', 'custom_pink', 'custom_flamingo', 'custom_rosewater', 'auto_check_updates', 'exe_creation_path', 'data_folder_path']
2026-08-06 20:37:18,472 - INFO - Setting 'data_folder_path' updated and saved
2026-08-06 20:37:18,472 - DEBUG - SET setting 'custom_base': #1e1e2e (previous: #1e1e2e)
2026-08-06 20:37:18,472 - DEBUG - Attempting to save 41 settings to: C:\Users\user\OneDrive\Desktop\DiscordQuestManager\version 1.1.0\dist\DiscordQuestManager-data\settings.json
2026-08-06 20:37:18,473 - INFO - Successfully saved settings to file
2026-08-06 20:37:18,473 - DEBUG - Saved settings keys: ['theme', 'custom_duration', 'remember_duration', 'minimize_to_tray', 'auto_clean_on_exit', 'discord_auto_open', 'multi_quest_limit', 'dummy_cat_selection', 'dummy_alarm_enabled', 'dummy_alarm_type', 'dummy_alarm_sound_path', 'dummy_alarm_volume', 'custom_base', 'custom_mantle', 'custom_surface', 'custom_surface0', 'custom_surface1', 'custom_surface2', 'custom_text', 'custom_subtext0', 'custom_subtext1', 'custom_overlay0', 'custom_overlay1', 'custom_overlay2', 'custom_blue', 'custom_lavender', 'custom_sapphire', 'custom_sky', 'custom_teal', 'custom_green', 'custom_yellow', 'custom_peach', 'custom_maroon', 'custom_red', 'custom_mauve', 'custom_pink', 'custom_flamingo', 'custom_rosewater', 'auto_check_updates', 'exe_creation_path', 'data_folder_path']
2026-08-06 20:37:18,473 - INFO - Setting 'custom_base' updated and saved
2026-08-06 20:37:18,473 - DEBUG - SET setting 'custom_mantle': #181825 (previous: #181825)
2026-08-06 20:37:18,473 - DEBUG - Attempting to save 41 settings to: C:\Users\user\OneDrive\Desktop\DiscordQuestManager\version 1.1.0\dist\DiscordQuestManager-data\settings.json
2026-08-06 20:37:18,474 - INFO - Successfully saved settings to file
2026-08-06 20:37:18,474 - DEBUG - Saved settings keys: ['theme', 'custom_duration', 'remember_duration', 'minimize_to_tray', 'auto_clean_on_exit', 'discord_auto_open', 'multi_quest_limit', 'dummy_cat_selection', 'dummy_alarm_enabled', 'dummy_alarm_type', 'dummy_alarm_sound_path', 'dummy_alarm_volume', 'custom_base', 'custom_mantle', 'custom_surface', 'custom_surface0', 'custom_surface1', 'custom_surface2', 'custom_text', 'custom_subtext0', 'custom_subtext1', 'custom_overlay0', 'custom_overlay1', 'custom_overlay2', 'custom_blue', 'custom_lavender', 'custom_sapphire', 'custom_sky', 'custom_teal', 'custom_green', 'custom_yellow', 'custom_peach', 'custom_maroon', 'custom_red', 'custom_mauve', 'custom_pink', 'custom_flamingo', 'custom_rosewater', 'auto_check_updates', 'exe_creation_path', 'data_folder_path']
2026-08-06 20:37:18,474 - INFO - Setting 'custom_mantle' updated and saved
2026-08-06 20:37:18,474 - DEBUG - SET setting 'custom_surface': #313244 (previous: #313244)
2026-08-06 20:37:18,474 - DEBUG - Attempting to save 41 settings to: C:\Users\user\OneDrive\Desktop\DiscordQuestManager\version 1.1.0\dist\DiscordQuestManager-data\settings.json
2026-08-06 20:37:18,474 - INFO - Successfully saved settings to file
2026-08-06 20:37:18,474 - DEBUG - Saved settings keys: ['theme', 'custom_duration', 'remember_duration', 'minimize_to_tray', 'auto_clean_on_exit', 'discord_auto_open', 'multi_quest_limit', 'dummy_cat_selection', 'dummy_alarm_enabled', 'dummy_alarm_type', 'dummy_alarm_sound_path', 'dummy_alarm_volume', 'custom_base', 'custom_mantle', 'custom_surface', 'custom_surface0', 'custom_surface1', 'custom_surface2', 'custom_text', 'custom_subtext0', 'custom_subtext1', 'custom_overlay0', 'custom_overlay1', 'custom_overlay2', 'custom_blue', 'custom_lavender', 'custom_sapphire', 'custom_sky', 'custom_teal', 'custom_green', 'custom_yellow', 'custom_peach', 'custom_maroon', 'custom_red', 'custom_mauve', 'custom_pink', 'custom_flamingo', 'custom_rosewater', 'auto_check_updates', 'exe_creation_path', 'data_folder_path']
2026-08-06 20:37:18,474 - INFO - Setting 'custom_surface' updated and saved
2026-08-06 20:37:18,475 - DEBUG - SET setting 'custom_surface0': #45475a (previous: #45475a)
2026-08-06 20:37:18,475 - DEBUG - Attempting to save 41 settings to: C:\Users\user\OneDrive\Desktop\DiscordQuestManager\version 1.1.0\dist\DiscordQuestManager-data\settings.json
2026-08-06 20:37:18,476 - INFO - Successfully saved settings to file
2026-08-06 20:37:18,476 - DEBUG - Saved settings keys: ['theme', 'custom_duration', 'remember_duration', 'minimize_to_tray', 'auto_clean_on_exit', 'discord_auto_open', 'multi_quest_limit', 'dummy_cat_selection', 'dummy_alarm_enabled', 'dummy_alarm_type', 'dummy_alarm_sound_path', 'dummy_alarm_volume', 'custom_base', 'custom_mantle', 'custom_surface', 'custom_surface0', 'custom_surface1', 'custom_surface2', 'custom_text', 'custom_subtext0', 'custom_subtext1', 'custom_overlay0', 'custom_overlay1', 'custom_overlay2', 'custom_blue', 'custom_lavender', 'custom_sapphire', 'custom_sky', 'custom_teal', 'custom_green', 'custom_yellow', 'custom_peach', 'custom_maroon', 'custom_red', 'custom_mauve', 'custom_pink', 'custom_flamingo', 'custom_rosewater', 'auto_check_updates', 'exe_creation_path', 'data_folder_path']
2026-08-06 20:37:18,476 - INFO - Setting 'custom_surface0' updated and saved
2026-08-06 20:37:18,476 - DEBUG - SET setting 'custom_surface1': #585b70 (previous: #585b70)
2026-08-06 20:37:18,476 - DEBUG - Attempting to save 41 settings to: C:\Users\user\OneDrive\Desktop\DiscordQuestManager\version 1.1.0\dist\DiscordQuestManager-data\settings.json
2026-08-06 20:37:18,477 - INFO - Successfully saved settings to file
2026-08-06 20:37:18,477 - DEBUG - Saved settings keys: ['theme', 'custom_duration', 'remember_duration', 'minimize_to_tray', 'auto_clean_on_exit', 'discord_auto_open', 'multi_quest_limit', 'dummy_cat_selection', 'dummy_alarm_enabled', 'dummy_alarm_type', 'dummy_alarm_sound_path', 'dummy_alarm_volume', 'custom_base', 'custom_mantle', 'custom_surface', 'custom_surface0', 'custom_surface1', 'custom_surface2', 'custom_text', 'custom_subtext0', 'custom_subtext1', 'custom_overlay0', 'custom_overlay1', 'custom_overlay2', 'custom_blue', 'custom_lavender', 'custom_sapphire', 'custom_sky', 'custom_teal', 'custom_green', 'custom_yellow', 'custom_peach', 'custom_maroon', 'custom_red', 'custom_mauve', 'custom_pink', 'custom_flamingo', 'custom_rosewater', 'auto_check_updates', 'exe_creation_path', 'data_folder_path']
2026-08-06 20:37:18,477 - INFO - Setting 'custom_surface1' updated and saved
2026-08-06 20:37:18,477 - DEBUG - SET setting 'custom_surface2': #45475a (previous: #45475a)
2026-08-06 20:37:18,477 - DEBUG - Attempting to save 41 settings to: C:\Users\user\OneDrive\Desktop\DiscordQuestManager\version 1.1.0\dist\DiscordQuestManager-data\settings.json
2026-08-06 20:37:18,478 - INFO - Successfully saved settings to file
2026-08-06 20:37:18,478 - DEBUG - Saved settings keys: ['theme', 'custom_duration', 'remember_duration', 'minimize_to_tray', 'auto_clean_on_exit', 'discord_auto_open', 'multi_quest_limit', 'dummy_cat_selection', 'dummy_alarm_enabled', 'dummy_alarm_type', 'dummy_alarm_sound_path', 'dummy_alarm_volume', 'custom_base', 'custom_mantle', 'custom_surface', 'custom_surface0', 'custom_surface1', 'custom_surface2', 'custom_text', 'custom_subtext0', 'custom_subtext1', 'custom_overlay0', 'custom_overlay1', 'custom_overlay2', 'custom_blue', 'custom_lavender', 'custom_sapphire', 'custom_sky', 'custom_teal', 'custom_green', 'custom_yellow', 'custom_peach', 'custom_maroon', 'custom_red', 'custom_mauve', 'custom_pink', 'custom_flamingo', 'custom_rosewater', 'auto_check_updates', 'exe_creation_path', 'data_folder_path']
2026-08-06 20:37:18,478 - INFO - Setting 'custom_surface2' updated and saved
2026-08-06 20:37:18,478 - DEBUG - SET setting 'custom_text': #cdd6f4 (previous: #cdd6f4)
2026-08-06 20:37:18,478 - DEBUG - Attempting to save 41 settings to: C:\Users\user\OneDrive\Desktop\DiscordQuestManager\version 1.1.0\dist\DiscordQuestManager-data\settings.json
2026-08-06 20:37:18,479 - INFO - Successfully saved settings to file
2026-08-06 20:37:18,479 - DEBUG - Saved settings keys: ['theme', 'custom_duration', 'remember_duration', 'minimize_to_tray', 'auto_clean_on_exit', 'discord_auto_open', 'multi_quest_limit', 'dummy_cat_selection', 'dummy_alarm_enabled', 'dummy_alarm_type', 'dummy_alarm_sound_path', 'dummy_alarm_volume', 'custom_base', 'custom_mantle', 'custom_surface', 'custom_surface0', 'custom_surface1', 'custom_surface2', 'custom_text', 'custom_subtext0', 'custom_subtext1', 'custom_overlay0', 'custom_overlay1', 'custom_overlay2', 'custom_blue', 'custom_lavender', 'custom_sapphire', 'custom_sky', 'custom_teal', 'custom_green', 'custom_yellow', 'custom_peach', 'custom_maroon', 'custom_red', 'custom_mauve', 'custom_pink', 'custom_flamingo', 'custom_rosewater', 'auto_check_updates', 'exe_creation_path', 'data_folder_path']
2026-08-06 20:37:18,479 - INFO - Setting 'custom_text' updated and saved
2026-08-06 20:37:18,479 - DEBUG - SET setting 'custom_subtext0': #a6adc8 (previous: #a6adc8)
2026-08-06 20:37:18,479 - DEBUG - Attempting to save 41 settings to: C:\Users\user\OneDrive\Desktop\DiscordQuestManager\version 1.1.0\dist\DiscordQuestManager-data\settings.json
2026-08-06 20:37:18,480 - INFO - Successfully saved settings to file
2026-08-06 20:37:18,480 - DEBUG - Saved settings keys: ['theme', 'custom_duration', 'remember_duration', 'minimize_to_tray', 'auto_clean_on_exit', 'discord_auto_open', 'multi_quest_limit', 'dummy_cat_selection', 'dummy_alarm_enabled', 'dummy_alarm_type', 'dummy_alarm_sound_path', 'dummy_alarm_volume', 'custom_base', 'custom_mantle', 'custom_surface', 'custom_surface0', 'custom_surface1', 'custom_surface2', 'custom_text', 'custom_subtext0', 'custom_subtext1', 'custom_overlay0', 'custom_overlay1', 'custom_overlay2', 'custom_blue', 'custom_lavender', 'custom_sapphire', 'custom_sky', 'custom_teal', 'custom_green', 'custom_yellow', 'custom_peach', 'custom_maroon', 'custom_red', 'custom_mauve', 'custom_pink', 'custom_flamingo', 'custom_rosewater', 'auto_check_updates', 'exe_creation_path', 'data_folder_path']
2026-08-06 20:37:18,480 - INFO - Setting 'custom_subtext0' updated and saved
2026-08-06 20:37:18,480 - DEBUG - SET setting 'custom_subtext1': #bac2de (previous: #bac2de)
2026-08-06 20:37:18,480 - DEBUG - Attempting to save 41 settings to: C:\Users\user\OneDrive\Desktop\DiscordQuestManager\version 1.1.0\dist\DiscordQuestManager-data\settings.json
2026-08-06 20:37:18,480 - INFO - Successfully saved settings to file
2026-08-06 20:37:18,480 - DEBUG - Saved settings keys: ['theme', 'custom_duration', 'remember_duration', 'minimize_to_tray', 'auto_clean_on_exit', 'discord_auto_open', 'multi_quest_limit', 'dummy_cat_selection', 'dummy_alarm_enabled', 'dummy_alarm_type', 'dummy_alarm_sound_path', 'dummy_alarm_volume', 'custom_base', 'custom_mantle', 'custom_surface', 'custom_surface0', 'custom_surface1', 'custom_surface2', 'custom_text', 'custom_subtext0', 'custom_subtext1', 'custom_overlay0', 'custom_overlay1', 'custom_overlay2', 'custom_blue', 'custom_lavender', 'custom_sapphire', 'custom_sky', 'custom_teal', 'custom_green', 'custom_yellow', 'custom_peach', 'custom_maroon', 'custom_red', 'custom_mauve', 'custom_pink', 'custom_flamingo', 'custom_rosewater', 'auto_check_updates', 'exe_creation_path', 'data_folder_path']
2026-08-06 20:37:18,480 - INFO - Setting 'custom_subtext1' updated and saved
2026-08-06 20:37:18,481 - DEBUG - SET setting 'custom_overlay0': #6c7086 (previous: #6c7086)
2026-08-06 20:37:18,481 - DEBUG - Attempting to save 41 settings to: C:\Users\user\OneDrive\Desktop\DiscordQuestManager\version 1.1.0\dist\DiscordQuestManager-data\settings.json
2026-08-06 20:37:18,481 - INFO - Successfully saved settings to file
2026-08-06 20:37:18,481 - DEBUG - Saved settings keys: ['theme', 'custom_duration', 'remember_duration', 'minimize_to_tray', 'auto_clean_on_exit', 'discord_auto_open', 'multi_quest_limit', 'dummy_cat_selection', 'dummy_alarm_enabled', 'dummy_alarm_type', 'dummy_alarm_sound_path', 'dummy_alarm_volume', 'custom_base', 'custom_mantle', 'custom_surface', 'custom_surface0', 'custom_surface1', 'custom_surface2', 'custom_text', 'custom_subtext0', 'custom_subtext1', 'custom_overlay0', 'custom_overlay1', 'custom_overlay2', 'custom_blue', 'custom_lavender', 'custom_sapphire', 'custom_sky', 'custom_teal', 'custom_green', 'custom_yellow', 'custom_peach', 'custom_maroon', 'custom_red', 'custom_mauve', 'custom_pink', 'custom_flamingo', 'custom_rosewater', 'auto_check_updates', 'exe_creation_path', 'data_folder_path']
2026-08-06 20:37:18,481 - INFO - Setting 'custom_overlay0' updated and saved
2026-08-06 20:37:18,481 - DEBUG - SET setting 'custom_overlay1': #7f849c (previous: #7f849c)
2026-08-06 20:37:18,481 - DEBUG - Attempting to save 41 settings to: C:\Users\user\OneDrive\Desktop\DiscordQuestManager\version 1.1.0\dist\DiscordQuestManager-data\settings.json
2026-08-06 20:37:18,482 - INFO - Successfully saved settings to file
2026-08-06 20:37:18,482 - DEBUG - Saved settings keys: ['theme', 'custom_duration', 'remember_duration', 'minimize_to_tray', 'auto_clean_on_exit', 'discord_auto_open', 'multi_quest_limit', 'dummy_cat_selection', 'dummy_alarm_enabled', 'dummy_alarm_type', 'dummy_alarm_sound_path', 'dummy_alarm_volume', 'custom_base', 'custom_mantle', 'custom_surface', 'custom_surface0', 'custom_surface1', 'custom_surface2', 'custom_text', 'custom_subtext0', 'custom_subtext1', 'custom_overlay0', 'custom_overlay1', 'custom_overlay2', 'custom_blue', 'custom_lavender', 'custom_sapphire', 'custom_sky', 'custom_teal', 'custom_green', 'custom_yellow', 'custom_peach', 'custom_maroon', 'custom_red', 'custom_mauve', 'custom_pink', 'custom_flamingo', 'custom_rosewater', 'auto_check_updates', 'exe_creation_path', 'data_folder_path']
2026-08-06 20:37:18,482 - INFO - Setting 'custom_overlay1' updated and saved
2026-08-06 20:37:18,482 - DEBUG - SET setting 'custom_overlay2': #9399b2 (previous: #9399b2)
2026-08-06 20:37:18,482 - DEBUG - Attempting to save 41 settings to: C:\Users\user\OneDrive\Desktop\DiscordQuestManager\version 1.1.0\dist\DiscordQuestManager-data\settings.json
2026-08-06 20:37:18,482 - INFO - Successfully saved settings to file
2026-08-06 20:37:18,482 - DEBUG - Saved settings keys: ['theme', 'custom_duration', 'remember_duration', 'minimize_to_tray', 'auto_clean_on_exit', 'discord_auto_open', 'multi_quest_limit', 'dummy_cat_selection', 'dummy_alarm_enabled', 'dummy_alarm_type', 'dummy_alarm_sound_path', 'dummy_alarm_volume', 'custom_base', 'custom_mantle', 'custom_surface', 'custom_surface0', 'custom_surface1', 'custom_surface2', 'custom_text', 'custom_subtext0', 'custom_subtext1', 'custom_overlay0', 'custom_overlay1', 'custom_overlay2', 'custom_blue', 'custom_lavender', 'custom_sapphire', 'custom_sky', 'custom_teal', 'custom_green', 'custom_yellow', 'custom_peach', 'custom_maroon', 'custom_red', 'custom_mauve', 'custom_pink', 'custom_flamingo', 'custom_rosewater', 'auto_check_updates', 'exe_creation_path', 'data_folder_path']
2026-08-06 20:37:18,482 - INFO - Setting 'custom_overlay2' updated and saved
2026-08-06 20:37:18,482 - DEBUG - SET setting 'custom_blue': #89b4fa (previous: #89b4fa)
2026-08-06 20:37:18,482 - DEBUG - Attempting to save 41 settings to: C:\Users\user\OneDrive\Desktop\DiscordQuestManager\version 1.1.0\dist\DiscordQuestManager-data\settings.json
2026-08-06 20:37:18,483 - INFO - Successfully saved settings to file
2026-08-06 20:37:18,483 - DEBUG - Saved settings keys: ['theme', 'custom_duration', 'remember_duration', 'minimize_to_tray', 'auto_clean_on_exit', 'discord_auto_open', 'multi_quest_limit', 'dummy_cat_selection', 'dummy_alarm_enabled', 'dummy_alarm_type', 'dummy_alarm_sound_path', 'dummy_alarm_volume', 'custom_base', 'custom_mantle', 'custom_surface', 'custom_surface0', 'custom_surface1', 'custom_surface2', 'custom_text', 'custom_subtext0', 'custom_subtext1', 'custom_overlay0', 'custom_overlay1', 'custom_overlay2', 'custom_blue', 'custom_lavender', 'custom_sapphire', 'custom_sky', 'custom_teal', 'custom_green', 'custom_yellow', 'custom_peach', 'custom_maroon', 'custom_red', 'custom_mauve', 'custom_pink', 'custom_flamingo', 'custom_rosewater', 'auto_check_updates', 'exe_creation_path', 'data_folder_path']
2026-08-06 20:37:18,483 - INFO - Setting 'custom_blue' updated and saved
2026-08-06 20:37:18,483 - DEBUG - SET setting 'custom_lavender': #b4befe (previous: #b4befe)
2026-08-06 20:37:18,483 - DEBUG - Attempting to save 41 settings to: C:\Users\user\OneDrive\Desktop\DiscordQuestManager\version 1.1.0\dist\DiscordQuestManager-data\settings.json
2026-08-06 20:37:18,483 - INFO - Successfully saved settings to file
2026-08-06 20:37:18,483 - DEBUG - Saved settings keys: ['theme', 'custom_duration', 'remember_duration', 'minimize_to_tray', 'auto_clean_on_exit', 'discord_auto_open', 'multi_quest_limit', 'dummy_cat_selection', 'dummy_alarm_enabled', 'dummy_alarm_type', 'dummy_alarm_sound_path', 'dummy_alarm_volume', 'custom_base', 'custom_mantle', 'custom_surface', 'custom_surface0', 'custom_surface1', 'custom_surface2', 'custom_text', 'custom_subtext0', 'custom_subtext1', 'custom_overlay0', 'custom_overlay1', 'custom_overlay2', 'custom_blue', 'custom_lavender', 'custom_sapphire', 'custom_sky', 'custom_teal', 'custom_green', 'custom_yellow', 'custom_peach', 'custom_maroon', 'custom_red', 'custom_mauve', 'custom_pink', 'custom_flamingo', 'custom_rosewater', 'auto_check_updates', 'exe_creation_path', 'data_folder_path']
2026-08-06 20:37:18,483 - INFO - Setting 'custom_lavender' updated and saved
2026-08-06 20:37:18,483 - DEBUG - SET setting 'custom_sapphire': #74c7ec (previous: #74c7ec)
2026-08-06 20:37:18,483 - DEBUG - Attempting to save 41 settings to: C:\Users\user\OneDrive\Desktop\DiscordQuestManager\version 1.1.0\dist\DiscordQuestManager-data\settings.json
2026-08-06 20:37:18,484 - INFO - Successfully saved settings to file
2026-08-06 20:37:18,484 - DEBUG - Saved settings keys: ['theme', 'custom_duration', 'remember_duration', 'minimize_to_tray', 'auto_clean_on_exit', 'discord_auto_open', 'multi_quest_limit', 'dummy_cat_selection', 'dummy_alarm_enabled', 'dummy_alarm_type', 'dummy_alarm_sound_path', 'dummy_alarm_volume', 'custom_base', 'custom_mantle', 'custom_surface', 'custom_surface0', 'custom_surface1', 'custom_surface2', 'custom_text', 'custom_subtext0', 'custom_subtext1', 'custom_overlay0', 'custom_overlay1', 'custom_overlay2', 'custom_blue', 'custom_lavender', 'custom_sapphire', 'custom_sky', 'custom_teal', 'custom_green', 'custom_yellow', 'custom_peach', 'custom_maroon', 'custom_red', 'custom_mauve', 'custom_pink', 'custom_flamingo', 'custom_rosewater', 'auto_check_updates', 'exe_creation_path', 'data_folder_path']
2026-08-06 20:37:18,484 - INFO - Setting 'custom_sapphire' updated and saved
2026-08-06 20:37:18,484 - DEBUG - SET setting 'custom_sky': #89dceb (previous: #89dceb)
2026-08-06 20:37:18,484 - DEBUG - Attempting to save 41 settings to: C:\Users\user\OneDrive\Desktop\DiscordQuestManager\version 1.1.0\dist\DiscordQuestManager-data\settings.json
2026-08-06 20:37:18,485 - INFO - Successfully saved settings to file
2026-08-06 20:37:18,485 - DEBUG - Saved settings keys: ['theme', 'custom_duration', 'remember_duration', 'minimize_to_tray', 'auto_clean_on_exit', 'discord_auto_open', 'multi_quest_limit', 'dummy_cat_selection', 'dummy_alarm_enabled', 'dummy_alarm_type', 'dummy_alarm_sound_path', 'dummy_alarm_volume', 'custom_base', 'custom_mantle', 'custom_surface', 'custom_surface0', 'custom_surface1', 'custom_surface2', 'custom_text', 'custom_subtext0', 'custom_subtext1', 'custom_overlay0', 'custom_overlay1', 'custom_overlay2', 'custom_blue', 'custom_lavender', 'custom_sapphire', 'custom_sky', 'custom_teal', 'custom_green', 'custom_yellow', 'custom_peach', 'custom_maroon', 'custom_red', 'custom_mauve', 'custom_pink', 'custom_flamingo', 'custom_rosewater', 'auto_check_updates', 'exe_creation_path', 'data_folder_path']
2026-08-06 20:37:18,485 - INFO - Setting 'custom_sky' updated and saved
2026-08-06 20:37:18,485 - DEBUG - SET setting 'custom_teal': #94e2d5 (previous: #94e2d5)
2026-08-06 20:37:18,485 - DEBUG - Attempting to save 41 settings to: C:\Users\user\OneDrive\Desktop\DiscordQuestManager\version 1.1.0\dist\DiscordQuestManager-data\settings.json
2026-08-06 20:37:18,485 - INFO - Successfully saved settings to file
2026-08-06 20:37:18,486 - DEBUG - Saved settings keys: ['theme', 'custom_duration', 'remember_duration', 'minimize_to_tray', 'auto_clean_on_exit', 'discord_auto_open', 'multi_quest_limit', 'dummy_cat_selection', 'dummy_alarm_enabled', 'dummy_alarm_type', 'dummy_alarm_sound_path', 'dummy_alarm_volume', 'custom_base', 'custom_mantle', 'custom_surface', 'custom_surface0', 'custom_surface1', 'custom_surface2', 'custom_text', 'custom_subtext0', 'custom_subtext1', 'custom_overlay0', 'custom_overlay1', 'custom_overlay2', 'custom_blue', 'custom_lavender', 'custom_sapphire', 'custom_sky', 'custom_teal', 'custom_green', 'custom_yellow', 'custom_peach', 'custom_maroon', 'custom_red', 'custom_mauve', 'custom_pink', 'custom_flamingo', 'custom_rosewater', 'auto_check_updates', 'exe_creation_path', 'data_folder_path']
2026-08-06 20:37:18,486 - INFO - Setting 'custom_teal' updated and saved
2026-08-06 20:37:18,486 - DEBUG - SET setting 'custom_green': #a6e3a1 (previous: #a6e3a1)
2026-08-06 20:37:18,486 - DEBUG - Attempting to save 41 settings to: C:\Users\user\OneDrive\Desktop\DiscordQuestManager\version 1.1.0\dist\DiscordQuestManager-data\settings.json
2026-08-06 20:37:18,486 - INFO - Successfully saved settings to file
2026-08-06 20:37:18,486 - DEBUG - Saved settings keys: ['theme', 'custom_duration', 'remember_duration', 'minimize_to_tray', 'auto_clean_on_exit', 'discord_auto_open', 'multi_quest_limit', 'dummy_cat_selection', 'dummy_alarm_enabled', 'dummy_alarm_type', 'dummy_alarm_sound_path', 'dummy_alarm_volume', 'custom_base', 'custom_mantle', 'custom_surface', 'custom_surface0', 'custom_surface1', 'custom_surface2', 'custom_text', 'custom_subtext0', 'custom_subtext1', 'custom_overlay0', 'custom_overlay1', 'custom_overlay2', 'custom_blue', 'custom_lavender', 'custom_sapphire', 'custom_sky', 'custom_teal', 'custom_green', 'custom_yellow', 'custom_peach', 'custom_maroon', 'custom_red', 'custom_mauve', 'custom_pink', 'custom_flamingo', 'custom_rosewater', 'auto_check_updates', 'exe_creation_path', 'data_folder_path']
2026-08-06 20:37:18,486 - INFO - Setting 'custom_green' updated and saved
2026-08-06 20:37:18,486 - DEBUG - SET setting 'custom_yellow': #f9e2af (previous: #f9e2af)
2026-08-06 20:37:18,486 - DEBUG - Attempting to save 41 settings to: C:\Users\user\OneDrive\Desktop\DiscordQuestManager\version 1.1.0\dist\DiscordQuestManager-data\settings.json
2026-08-06 20:37:18,487 - INFO - Successfully saved settings to file
2026-08-06 20:37:18,487 - DEBUG - Saved settings keys: ['theme', 'custom_duration', 'remember_duration', 'minimize_to_tray', 'auto_clean_on_exit', 'discord_auto_open', 'multi_quest_limit', 'dummy_cat_selection', 'dummy_alarm_enabled', 'dummy_alarm_type', 'dummy_alarm_sound_path', 'dummy_alarm_volume', 'custom_base', 'custom_mantle', 'custom_surface', 'custom_surface0', 'custom_surface1', 'custom_surface2', 'custom_text', 'custom_subtext0', 'custom_subtext1', 'custom_overlay0', 'custom_overlay1', 'custom_overlay2', 'custom_blue', 'custom_lavender', 'custom_sapphire', 'custom_sky', 'custom_teal', 'custom_green', 'custom_yellow', 'custom_peach', 'custom_maroon', 'custom_red', 'custom_mauve', 'custom_pink', 'custom_flamingo', 'custom_rosewater', 'auto_check_updates', 'exe_creation_path', 'data_folder_path']
2026-08-06 20:37:18,487 - INFO - Setting 'custom_yellow' updated and saved
2026-08-06 20:37:18,487 - DEBUG - SET setting 'custom_peach': #fab387 (previous: #fab387)
2026-08-06 20:37:18,487 - DEBUG - Attempting to save 41 settings to: C:\Users\user\OneDrive\Desktop\DiscordQuestManager\version 1.1.0\dist\DiscordQuestManager-data\settings.json
2026-08-06 20:37:18,487 - INFO - Successfully saved settings to file
2026-08-06 20:37:18,487 - DEBUG - Saved settings keys: ['theme', 'custom_duration', 'remember_duration', 'minimize_to_tray', 'auto_clean_on_exit', 'discord_auto_open', 'multi_quest_limit', 'dummy_cat_selection', 'dummy_alarm_enabled', 'dummy_alarm_type', 'dummy_alarm_sound_path', 'dummy_alarm_volume', 'custom_base', 'custom_mantle', 'custom_surface', 'custom_surface0', 'custom_surface1', 'custom_surface2', 'custom_text', 'custom_subtext0', 'custom_subtext1', 'custom_overlay0', 'custom_overlay1', 'custom_overlay2', 'custom_blue', 'custom_lavender', 'custom_sapphire', 'custom_sky', 'custom_teal', 'custom_green', 'custom_yellow', 'custom_peach', 'custom_maroon', 'custom_red', 'custom_mauve', 'custom_pink', 'custom_flamingo', 'custom_rosewater', 'auto_check_updates', 'exe_creation_path', 'data_folder_path']
2026-08-06 20:37:18,487 - INFO - Setting 'custom_peach' updated and saved
2026-08-06 20:37:18,487 - DEBUG - SET setting 'custom_maroon': #eba0ac (previous: #eba0ac)
2026-08-06 20:37:18,487 - DEBUG - Attempting to save 41 settings to: C:\Users\user\OneDrive\Desktop\DiscordQuestManager\version 1.1.0\dist\DiscordQuestManager-data\settings.json
2026-08-06 20:37:18,488 - INFO - Successfully saved settings to file
2026-08-06 20:37:18,488 - DEBUG - Saved settings keys: ['theme', 'custom_duration', 'remember_duration', 'minimize_to_tray', 'auto_clean_on_exit', 'discord_auto_open', 'multi_quest_limit', 'dummy_cat_selection', 'dummy_alarm_enabled', 'dummy_alarm_type', 'dummy_alarm_sound_path', 'dummy_alarm_volume', 'custom_base', 'custom_mantle', 'custom_surface', 'custom_surface0', 'custom_surface1', 'custom_surface2', 'custom_text', 'custom_subtext0', 'custom_subtext1', 'custom_overlay0', 'custom_overlay1', 'custom_overlay2', 'custom_blue', 'custom_lavender', 'custom_sapphire', 'custom_sky', 'custom_teal', 'custom_green', 'custom_yellow', 'custom_peach', 'custom_maroon', 'custom_red', 'custom_mauve', 'custom_pink', 'custom_flamingo', 'custom_rosewater', 'auto_check_updates', 'exe_creation_path', 'data_folder_path']
2026-08-06 20:37:18,488 - INFO - Setting 'custom_maroon' updated and saved
2026-08-06 20:37:18,488 - DEBUG - SET setting 'custom_red': #f38ba8 (previous: #f38ba8)
2026-08-06 20:37:18,488 - DEBUG - Attempting to save 41 settings to: C:\Users\user\OneDrive\Desktop\DiscordQuestManager\version 1.1.0\dist\DiscordQuestManager-data\settings.json
2026-08-06 20:37:18,488 - INFO - Successfully saved settings to file
2026-08-06 20:37:18,488 - DEBUG - Saved settings keys: ['theme', 'custom_duration', 'remember_duration', 'minimize_to_tray', 'auto_clean_on_exit', 'discord_auto_open', 'multi_quest_limit', 'dummy_cat_selection', 'dummy_alarm_enabled', 'dummy_alarm_type', 'dummy_alarm_sound_path', 'dummy_alarm_volume', 'custom_base', 'custom_mantle', 'custom_surface', 'custom_surface0', 'custom_surface1', 'custom_surface2', 'custom_text', 'custom_subtext0', 'custom_subtext1', 'custom_overlay0', 'custom_overlay1', 'custom_overlay2', 'custom_blue', 'custom_lavender', 'custom_sapphire', 'custom_sky', 'custom_teal', 'custom_green', 'custom_yellow', 'custom_peach', 'custom_maroon', 'custom_red', 'custom_mauve', 'custom_pink', 'custom_flamingo', 'custom_rosewater', 'auto_check_updates', 'exe_creation_path', 'data_folder_path']
2026-08-06 20:37:18,488 - INFO - Setting 'custom_red' updated and saved
2026-08-06 20:37:18,488 - DEBUG - SET setting 'custom_mauve': #cba6f7 (previous: #cba6f7)
2026-08-06 20:37:18,488 - DEBUG - Attempting to save 41 settings to: C:\Users\user\OneDrive\Desktop\DiscordQuestManager\version 1.1.0\dist\DiscordQuestManager-data\settings.json
2026-08-06 20:37:18,489 - INFO - Successfully saved settings to file
2026-08-06 20:37:18,489 - DEBUG - Saved settings keys: ['theme', 'custom_duration', 'remember_duration', 'minimize_to_tray', 'auto_clean_on_exit', 'discord_auto_open', 'multi_quest_limit', 'dummy_cat_selection', 'dummy_alarm_enabled', 'dummy_alarm_type', 'dummy_alarm_sound_path', 'dummy_alarm_volume', 'custom_base', 'custom_mantle', 'custom_surface', 'custom_surface0', 'custom_surface1', 'custom_surface2', 'custom_text', 'custom_subtext0', 'custom_subtext1', 'custom_overlay0', 'custom_overlay1', 'custom_overlay2', 'custom_blue', 'custom_lavender', 'custom_sapphire', 'custom_sky', 'custom_teal', 'custom_green', 'custom_yellow', 'custom_peach', 'custom_maroon', 'custom_red', 'custom_mauve', 'custom_pink', 'custom_flamingo', 'custom_rosewater', 'auto_check_updates', 'exe_creation_path', 'data_folder_path']
2026-08-06 20:37:18,489 - INFO - Setting 'custom_mauve' updated and saved
2026-08-06 20:37:18,489 - DEBUG - SET setting 'custom_pink': #f5c2e7 (previous: #f5c2e7)
2026-08-06 20:37:18,489 - DEBUG - Attempting to save 41 settings to: C:\Users\user\OneDrive\Desktop\DiscordQuestManager\version 1.1.0\dist\DiscordQuestManager-data\settings.json
2026-08-06 20:37:18,490 - INFO - Successfully saved settings to file
2026-08-06 20:37:18,490 - DEBUG - Saved settings keys: ['theme', 'custom_duration', 'remember_duration', 'minimize_to_tray', 'auto_clean_on_exit', 'discord_auto_open', 'multi_quest_limit', 'dummy_cat_selection', 'dummy_alarm_enabled', 'dummy_alarm_type', 'dummy_alarm_sound_path', 'dummy_alarm_volume', 'custom_base', 'custom_mantle', 'custom_surface', 'custom_surface0', 'custom_surface1', 'custom_surface2', 'custom_text', 'custom_subtext0', 'custom_subtext1', 'custom_overlay0', 'custom_overlay1', 'custom_overlay2', 'custom_blue', 'custom_lavender', 'custom_sapphire', 'custom_sky', 'custom_teal', 'custom_green', 'custom_yellow', 'custom_peach', 'custom_maroon', 'custom_red', 'custom_mauve', 'custom_pink', 'custom_flamingo', 'custom_rosewater', 'auto_check_updates', 'exe_creation_path', 'data_folder_path']
2026-08-06 20:37:18,490 - INFO - Setting 'custom_pink' updated and saved
2026-08-06 20:37:18,490 - DEBUG - SET setting 'custom_flamingo': #f2cdcd (previous: #f2cdcd)
2026-08-06 20:37:18,490 - DEBUG - Attempting to save 41 settings to: C:\Users\user\OneDrive\Desktop\DiscordQuestManager\version 1.1.0\dist\DiscordQuestManager-data\settings.json
2026-08-06 20:37:18,491 - INFO - Successfully saved settings to file
2026-08-06 20:37:18,491 - DEBUG - Saved settings keys: ['theme', 'custom_duration', 'remember_duration', 'minimize_to_tray', 'auto_clean_on_exit', 'discord_auto_open', 'multi_quest_limit', 'dummy_cat_selection', 'dummy_alarm_enabled', 'dummy_alarm_type', 'dummy_alarm_sound_path', 'dummy_alarm_volume', 'custom_base', 'custom_mantle', 'custom_surface', 'custom_surface0', 'custom_surface1', 'custom_surface2', 'custom_text', 'custom_subtext0', 'custom_subtext1', 'custom_overlay0', 'custom_overlay1', 'custom_overlay2', 'custom_blue', 'custom_lavender', 'custom_sapphire', 'custom_sky', 'custom_teal', 'custom_green', 'custom_yellow', 'custom_peach', 'custom_maroon', 'custom_red', 'custom_mauve', 'custom_pink', 'custom_flamingo', 'custom_rosewater', 'auto_check_updates', 'exe_creation_path', 'data_folder_path']
2026-08-06 20:37:18,491 - INFO - Setting 'custom_flamingo' updated and saved
2026-08-06 20:37:18,491 - DEBUG - SET setting 'custom_rosewater': #f5e0dc (previous: #f5e0dc)
2026-08-06 20:37:18,491 - DEBUG - Attempting to save 41 settings to: C:\Users\user\OneDrive\Desktop\DiscordQuestManager\version 1.1.0\dist\DiscordQuestManager-data\settings.json
2026-08-06 20:37:18,491 - INFO - Successfully saved settings to file
2026-08-06 20:37:18,491 - DEBUG - Saved settings keys: ['theme', 'custom_duration', 'remember_duration', 'minimize_to_tray', 'auto_clean_on_exit', 'discord_auto_open', 'multi_quest_limit', 'dummy_cat_selection', 'dummy_alarm_enabled', 'dummy_alarm_type', 'dummy_alarm_sound_path', 'dummy_alarm_volume', 'custom_base', 'custom_mantle', 'custom_surface', 'custom_surface0', 'custom_surface1', 'custom_surface2', 'custom_text', 'custom_subtext0', 'custom_subtext1', 'custom_overlay0', 'custom_overlay1', 'custom_overlay2', 'custom_blue', 'custom_lavender', 'custom_sapphire', 'custom_sky', 'custom_teal', 'custom_green', 'custom_yellow', 'custom_peach', 'custom_maroon', 'custom_red', 'custom_mauve', 'custom_pink', 'custom_flamingo', 'custom_rosewater', 'auto_check_updates', 'exe_creation_path', 'data_folder_path']
2026-08-06 20:37:18,491 - INFO - Setting 'custom_rosewater' updated and saved
2026-08-06 20:37:18,491 - DEBUG - GET setting 'custom_duration': 1 (default: 15)
2026-08-06 20:37:18,491 - DEBUG - GET setting 'multi_quest_limit': 0 (default: 0)
2026-08-06 20:37:18,491 - DEBUG - GET setting 'remember_duration': True (default: True)
2026-08-06 20:37:18,492 - DEBUG - GET setting 'minimize_to_tray': False (default: False)
2026-08-06 20:37:18,492 - DEBUG - GET setting 'auto_clean_on_exit': False (default: True)
2026-08-06 20:37:18,492 - DEBUG - GET setting 'discord_auto_open': True (default: True)
2026-08-06 20:37:18,492 - DEBUG - GET setting 'auto_check_updates': False (default: True)
2026-08-06 20:37:18,492 - DEBUG - GET setting 'dummy_cat_selection': Cat-1 (default: Cat-1)
2026-08-06 20:37:18,492 - DEBUG - GET setting 'exe_creation_path':  (default: )
2026-08-06 20:37:18,492 - DEBUG - GET setting 'data_folder_path':  (default: )
2026-08-06 20:37:18,492 - INFO - Settings saved successfully
2026-08-06 20:37:31,865 - INFO - Save button clicked - starting save process
2026-08-06 20:37:31,902 - DEBUG - Collected 10 custom colors
2026-08-06 20:37:31,902 - DEBUG - Merged with mocha defaults, now have 26 total colors
2026-08-06 20:37:31,902 - DEBUG - Added 26 custom colors to new_settings
2026-08-06 20:37:31,902 - DEBUG - Created new_settings dict with 41 keys
2026-08-06 20:37:31,902 - DEBUG - Theme changed: False, Is custom theme: True
2026-08-06 20:37:31,902 - INFO - Calling theme change callback
2026-08-06 20:37:31,902 - INFO - set_theme called with theme: custom, custom_colors: True
2026-08-06 20:37:31,902 - INFO - Setting custom theme with 26 colors
2026-08-06 20:37:31,903 - INFO - Saved custom theme to C:\Users\user\AppData\Local\Temp\_MEI185122\core\themes\custom.json
2026-08-06 20:37:31,903 - INFO - Theme set to: custom with 26 colors
2026-08-06 20:37:31,903 - INFO - Calling theme change callback
2026-08-06 20:37:31,919 - INFO - Calling on_save callback
2026-08-06 20:37:31,919 - DEBUG - SET setting 'theme': custom (previous: custom)
2026-08-06 20:37:31,919 - DEBUG - Attempting to save 41 settings to: C:\Users\user\OneDrive\Desktop\DiscordQuestManager\version 1.1.0\dist\DiscordQuestManager-data\settings.json
2026-08-06 20:37:31,919 - INFO - Successfully saved settings to file
2026-08-06 20:37:31,919 - DEBUG - Saved settings keys: ['theme', 'custom_duration', 'remember_duration', 'minimize_to_tray', 'auto_clean_on_exit', 'discord_auto_open', 'multi_quest_limit', 'dummy_cat_selection', 'dummy_alarm_enabled', 'dummy_alarm_type', 'dummy_alarm_sound_path', 'dummy_alarm_volume', 'custom_base', 'custom_mantle', 'custom_surface', 'custom_surface0', 'custom_surface1', 'custom_surface2', 'custom_text', 'custom_subtext0', 'custom_subtext1', 'custom_overlay0', 'custom_overlay1', 'custom_overlay2', 'custom_blue', 'custom_lavender', 'custom_sapphire', 'custom_sky', 'custom_teal', 'custom_green', 'custom_yellow', 'custom_peach', 'custom_maroon', 'custom_red', 'custom_mauve', 'custom_pink', 'custom_flamingo', 'custom_rosewater', 'auto_check_updates', 'exe_creation_path', 'data_folder_path']
2026-08-06 20:37:31,919 - INFO - Setting 'theme' updated and saved
2026-08-06 20:37:31,919 - DEBUG - SET setting 'custom_duration': 1 (previous: 1)
2026-08-06 20:37:31,920 - DEBUG - Attempting to save 41 settings to: C:\Users\user\OneDrive\Desktop\DiscordQuestManager\version 1.1.0\dist\DiscordQuestManager-data\settings.json
2026-08-06 20:37:31,920 - INFO - Successfully saved settings to file
2026-08-06 20:37:31,920 - DEBUG - Saved settings keys: ['theme', 'custom_duration', 'remember_duration', 'minimize_to_tray', 'auto_clean_on_exit', 'discord_auto_open', 'multi_quest_limit', 'dummy_cat_selection', 'dummy_alarm_enabled', 'dummy_alarm_type', 'dummy_alarm_sound_path', 'dummy_alarm_volume', 'custom_base', 'custom_mantle', 'custom_surface', 'custom_surface0', 'custom_surface1', 'custom_surface2', 'custom_text', 'custom_subtext0', 'custom_subtext1', 'custom_overlay0', 'custom_overlay1', 'custom_overlay2', 'custom_blue', 'custom_lavender', 'custom_sapphire', 'custom_sky', 'custom_teal', 'custom_green', 'custom_yellow', 'custom_peach', 'custom_maroon', 'custom_red', 'custom_mauve', 'custom_pink', 'custom_flamingo', 'custom_rosewater', 'auto_check_updates', 'exe_creation_path', 'data_folder_path']
2026-08-06 20:37:31,920 - INFO - Setting 'custom_duration' updated and saved
2026-08-06 20:37:31,920 - DEBUG - SET setting 'remember_duration': True (previous: True)
2026-08-06 20:37:31,920 - DEBUG - Attempting to save 41 settings to: C:\Users\user\OneDrive\Desktop\DiscordQuestManager\version 1.1.0\dist\DiscordQuestManager-data\settings.json
2026-08-06 20:37:31,920 - INFO - Successfully saved settings to file
2026-08-06 20:37:31,921 - DEBUG - Saved settings keys: ['theme', 'custom_duration', 'remember_duration', 'minimize_to_tray', 'auto_clean_on_exit', 'discord_auto_open', 'multi_quest_limit', 'dummy_cat_selection', 'dummy_alarm_enabled', 'dummy_alarm_type', 'dummy_alarm_sound_path', 'dummy_alarm_volume', 'custom_base', 'custom_mantle', 'custom_surface', 'custom_surface0', 'custom_surface1', 'custom_surface2', 'custom_text', 'custom_subtext0', 'custom_subtext1', 'custom_overlay0', 'custom_overlay1', 'custom_overlay2', 'custom_blue', 'custom_lavender', 'custom_sapphire', 'custom_sky', 'custom_teal', 'custom_green', 'custom_yellow', 'custom_peach', 'custom_maroon', 'custom_red', 'custom_mauve', 'custom_pink', 'custom_flamingo', 'custom_rosewater', 'auto_check_updates', 'exe_creation_path', 'data_folder_path']
2026-08-06 20:37:31,921 - INFO - Setting 'remember_duration' updated and saved
2026-08-06 20:37:31,921 - DEBUG - SET setting 'minimize_to_tray': False (previous: False)
2026-08-06 20:37:31,921 - DEBUG - Attempting to save 41 settings to: C:\Users\user\OneDrive\Desktop\DiscordQuestManager\version 1.1.0\dist\DiscordQuestManager-data\settings.json
2026-08-06 20:37:31,921 - INFO - Successfully saved settings to file
2026-08-06 20:37:31,921 - DEBUG - Saved settings keys: ['theme', 'custom_duration', 'remember_duration', 'minimize_to_tray', 'auto_clean_on_exit', 'discord_auto_open', 'multi_quest_limit', 'dummy_cat_selection', 'dummy_alarm_enabled', 'dummy_alarm_type', 'dummy_alarm_sound_path', 'dummy_alarm_volume', 'custom_base', 'custom_mantle', 'custom_surface', 'custom_surface0', 'custom_surface1', 'custom_surface2', 'custom_text', 'custom_subtext0', 'custom_subtext1', 'custom_overlay0', 'custom_overlay1', 'custom_overlay2', 'custom_blue', 'custom_lavender', 'custom_sapphire', 'custom_sky', 'custom_teal', 'custom_green', 'custom_yellow', 'custom_peach', 'custom_maroon', 'custom_red', 'custom_mauve', 'custom_pink', 'custom_flamingo', 'custom_rosewater', 'auto_check_updates', 'exe_creation_path', 'data_folder_path']
2026-08-06 20:37:31,921 - INFO - Setting 'minimize_to_tray' updated and saved
2026-08-06 20:37:31,921 - DEBUG - SET setting 'auto_clean_on_exit': False (previous: False)
2026-08-06 20:37:31,921 - DEBUG - Attempting to save 41 settings to: C:\Users\user\OneDrive\Desktop\DiscordQuestManager\version 1.1.0\dist\DiscordQuestManager-data\settings.json
2026-08-06 20:37:31,921 - INFO - Successfully saved settings to file
2026-08-06 20:37:31,922 - DEBUG - Saved settings keys: ['theme', 'custom_duration', 'remember_duration', 'minimize_to_tray', 'auto_clean_on_exit', 'discord_auto_open', 'multi_quest_limit', 'dummy_cat_selection', 'dummy_alarm_enabled', 'dummy_alarm_type', 'dummy_alarm_sound_path', 'dummy_alarm_volume', 'custom_base', 'custom_mantle', 'custom_surface', 'custom_surface0', 'custom_surface1', 'custom_surface2', 'custom_text', 'custom_subtext0', 'custom_subtext1', 'custom_overlay0', 'custom_overlay1', 'custom_overlay2', 'custom_blue', 'custom_lavender', 'custom_sapphire', 'custom_sky', 'custom_teal', 'custom_green', 'custom_yellow', 'custom_peach', 'custom_maroon', 'custom_red', 'custom_mauve', 'custom_pink', 'custom_flamingo', 'custom_rosewater', 'auto_check_updates', 'exe_creation_path', 'data_folder_path']
2026-08-06 20:37:31,922 - INFO - Setting 'auto_clean_on_exit' updated and saved
2026-08-06 20:37:31,922 - DEBUG - SET setting 'discord_auto_open': True (previous: True)
2026-08-06 20:37:31,922 - DEBUG - Attempting to save 41 settings to: C:\Users\user\OneDrive\Desktop\DiscordQuestManager\version 1.1.0\dist\DiscordQuestManager-data\settings.json
2026-08-06 20:37:31,922 - INFO - Successfully saved settings to file
2026-08-06 20:37:31,922 - DEBUG - Saved settings keys: ['theme', 'custom_duration', 'remember_duration', 'minimize_to_tray', 'auto_clean_on_exit', 'discord_auto_open', 'multi_quest_limit', 'dummy_cat_selection', 'dummy_alarm_enabled', 'dummy_alarm_type', 'dummy_alarm_sound_path', 'dummy_alarm_volume', 'custom_base', 'custom_mantle', 'custom_surface', 'custom_surface0', 'custom_surface1', 'custom_surface2', 'custom_text', 'custom_subtext0', 'custom_subtext1', 'custom_overlay0', 'custom_overlay1', 'custom_overlay2', 'custom_blue', 'custom_lavender', 'custom_sapphire', 'custom_sky', 'custom_teal', 'custom_green', 'custom_yellow', 'custom_peach', 'custom_maroon', 'custom_red', 'custom_mauve', 'custom_pink', 'custom_flamingo', 'custom_rosewater', 'auto_check_updates', 'exe_creation_path', 'data_folder_path']
2026-08-06 20:37:31,922 - INFO - Setting 'discord_auto_open' updated and saved
2026-08-06 20:37:31,922 - DEBUG - SET setting 'multi_quest_limit': 0 (previous: 0)
2026-08-06 20:37:31,922 - DEBUG - Attempting to save 41 settings to: C:\Users\user\OneDrive\Desktop\DiscordQuestManager\version 1.1.0\dist\DiscordQuestManager-data\settings.json
2026-08-06 20:37:31,923 - INFO - Successfully saved settings to file
2026-08-06 20:37:31,923 - DEBUG - Saved settings keys: ['theme', 'custom_duration', 'remember_duration', 'minimize_to_tray', 'auto_clean_on_exit', 'discord_auto_open', 'multi_quest_limit', 'dummy_cat_selection', 'dummy_alarm_enabled', 'dummy_alarm_type', 'dummy_alarm_sound_path', 'dummy_alarm_volume', 'custom_base', 'custom_mantle', 'custom_surface', 'custom_surface0', 'custom_surface1', 'custom_surface2', 'custom_text', 'custom_subtext0', 'custom_subtext1', 'custom_overlay0', 'custom_overlay1', 'custom_overlay2', 'custom_blue', 'custom_lavender', 'custom_sapphire', 'custom_sky', 'custom_teal', 'custom_green', 'custom_yellow', 'custom_peach', 'custom_maroon', 'custom_red', 'custom_mauve', 'custom_pink', 'custom_flamingo', 'custom_rosewater', 'auto_check_updates', 'exe_creation_path', 'data_folder_path']
2026-08-06 20:37:31,923 - INFO - Setting 'multi_quest_limit' updated and saved
2026-08-06 20:37:31,923 - DEBUG - SET setting 'auto_check_updates': False (previous: False)
2026-08-06 20:37:31,923 - DEBUG - Attempting to save 41 settings to: C:\Users\user\OneDrive\Desktop\DiscordQuestManager\version 1.1.0\dist\DiscordQuestManager-data\settings.json
2026-08-06 20:37:31,923 - INFO - Successfully saved settings to file
2026-08-06 20:37:31,923 - DEBUG - Saved settings keys: ['theme', 'custom_duration', 'remember_duration', 'minimize_to_tray', 'auto_clean_on_exit', 'discord_auto_open', 'multi_quest_limit', 'dummy_cat_selection', 'dummy_alarm_enabled', 'dummy_alarm_type', 'dummy_alarm_sound_path', 'dummy_alarm_volume', 'custom_base', 'custom_mantle', 'custom_surface', 'custom_surface0', 'custom_surface1', 'custom_surface2', 'custom_text', 'custom_subtext0', 'custom_subtext1', 'custom_overlay0', 'custom_overlay1', 'custom_overlay2', 'custom_blue', 'custom_lavender', 'custom_sapphire', 'custom_sky', 'custom_teal', 'custom_green', 'custom_yellow', 'custom_peach', 'custom_maroon', 'custom_red', 'custom_mauve', 'custom_pink', 'custom_flamingo', 'custom_rosewater', 'auto_check_updates', 'exe_creation_path', 'data_folder_path']
2026-08-06 20:37:31,923 - INFO - Setting 'auto_check_updates' updated and saved
2026-08-06 20:37:31,923 - DEBUG - SET setting 'dummy_cat_selection': Cat-3 (previous: Cat-1)
2026-08-06 20:37:31,923 - DEBUG - Attempting to save 41 settings to: C:\Users\user\OneDrive\Desktop\DiscordQuestManager\version 1.1.0\dist\DiscordQuestManager-data\settings.json
2026-08-06 20:37:31,924 - INFO - Successfully saved settings to file
2026-08-06 20:37:31,924 - DEBUG - Saved settings keys: ['theme', 'custom_duration', 'remember_duration', 'minimize_to_tray', 'auto_clean_on_exit', 'discord_auto_open', 'multi_quest_limit', 'dummy_cat_selection', 'dummy_alarm_enabled', 'dummy_alarm_type', 'dummy_alarm_sound_path', 'dummy_alarm_volume', 'custom_base', 'custom_mantle', 'custom_surface', 'custom_surface0', 'custom_surface1', 'custom_surface2', 'custom_text', 'custom_subtext0', 'custom_subtext1', 'custom_overlay0', 'custom_overlay1', 'custom_overlay2', 'custom_blue', 'custom_lavender', 'custom_sapphire', 'custom_sky', 'custom_teal', 'custom_green', 'custom_yellow', 'custom_peach', 'custom_maroon', 'custom_red', 'custom_mauve', 'custom_pink', 'custom_flamingo', 'custom_rosewater', 'auto_check_updates', 'exe_creation_path', 'data_folder_path']
2026-08-06 20:37:31,924 - INFO - Setting 'dummy_cat_selection' updated and saved
2026-08-06 20:37:31,924 - DEBUG - SET setting 'dummy_alarm_enabled': True (previous: True)
2026-08-06 20:37:31,924 - DEBUG - Attempting to save 41 settings to: C:\Users\user\OneDrive\Desktop\DiscordQuestManager\version 1.1.0\dist\DiscordQuestManager-data\settings.json
2026-08-06 20:37:31,931 - INFO - Successfully saved settings to file
2026-08-06 20:37:31,931 - DEBUG - Saved settings keys: ['theme', 'custom_duration', 'remember_duration', 'minimize_to_tray', 'auto_clean_on_exit', 'discord_auto_open', 'multi_quest_limit', 'dummy_cat_selection', 'dummy_alarm_enabled', 'dummy_alarm_type', 'dummy_alarm_sound_path', 'dummy_alarm_volume', 'custom_base', 'custom_mantle', 'custom_surface', 'custom_surface0', 'custom_surface1', 'custom_surface2', 'custom_text', 'custom_subtext0', 'custom_subtext1', 'custom_overlay0', 'custom_overlay1', 'custom_overlay2', 'custom_blue', 'custom_lavender', 'custom_sapphire', 'custom_sky', 'custom_teal', 'custom_green', 'custom_yellow', 'custom_peach', 'custom_maroon', 'custom_red', 'custom_mauve', 'custom_pink', 'custom_flamingo', 'custom_rosewater', 'auto_check_updates', 'exe_creation_path', 'data_folder_path']
2026-08-06 20:37:31,931 - INFO - Setting 'dummy_alarm_enabled' updated and saved
2026-08-06 20:37:31,931 - DEBUG - SET setting 'dummy_alarm_type': default (previous: default)
2026-08-06 20:37:31,931 - DEBUG - Attempting to save 41 settings to: C:\Users\user\OneDrive\Desktop\DiscordQuestManager\version 1.1.0\dist\DiscordQuestManager-data\settings.json
2026-08-06 20:37:31,931 - INFO - Successfully saved settings to file
2026-08-06 20:37:31,931 - DEBUG - Saved settings keys: ['theme', 'custom_duration', 'remember_duration', 'minimize_to_tray', 'auto_clean_on_exit', 'discord_auto_open', 'multi_quest_limit', 'dummy_cat_selection', 'dummy_alarm_enabled', 'dummy_alarm_type', 'dummy_alarm_sound_path', 'dummy_alarm_volume', 'custom_base', 'custom_mantle', 'custom_surface', 'custom_surface0', 'custom_surface1', 'custom_surface2', 'custom_text', 'custom_subtext0', 'custom_subtext1', 'custom_overlay0', 'custom_overlay1', 'custom_overlay2', 'custom_blue', 'custom_lavender', 'custom_sapphire', 'custom_sky', 'custom_teal', 'custom_green', 'custom_yellow', 'custom_peach', 'custom_maroon', 'custom_red', 'custom_mauve', 'custom_pink', 'custom_flamingo', 'custom_rosewater', 'auto_check_updates', 'exe_creation_path', 'data_folder_path']
2026-08-06 20:37:31,931 - INFO - Setting 'dummy_alarm_type' updated and saved
2026-08-06 20:37:31,931 - DEBUG - SET setting 'dummy_alarm_sound_path':  (previous: )
2026-08-06 20:37:31,931 - DEBUG - Attempting to save 41 settings to: C:\Users\user\OneDrive\Desktop\DiscordQuestManager\version 1.1.0\dist\DiscordQuestManager-data\settings.json
2026-08-06 20:37:31,932 - INFO - Successfully saved settings to file
2026-08-06 20:37:31,932 - DEBUG - Saved settings keys: ['theme', 'custom_duration', 'remember_duration', 'minimize_to_tray', 'auto_clean_on_exit', 'discord_auto_open', 'multi_quest_limit', 'dummy_cat_selection', 'dummy_alarm_enabled', 'dummy_alarm_type', 'dummy_alarm_sound_path', 'dummy_alarm_volume', 'custom_base', 'custom_mantle', 'custom_surface', 'custom_surface0', 'custom_surface1', 'custom_surface2', 'custom_text', 'custom_subtext0', 'custom_subtext1', 'custom_overlay0', 'custom_overlay1', 'custom_overlay2', 'custom_blue', 'custom_lavender', 'custom_sapphire', 'custom_sky', 'custom_teal', 'custom_green', 'custom_yellow', 'custom_peach', 'custom_maroon', 'custom_red', 'custom_mauve', 'custom_pink', 'custom_flamingo', 'custom_rosewater', 'auto_check_updates', 'exe_creation_path', 'data_folder_path']
2026-08-06 20:37:31,932 - INFO - Setting 'dummy_alarm_sound_path' updated and saved
2026-08-06 20:37:31,932 - DEBUG - SET setting 'dummy_alarm_volume': 100 (previous: 100)
2026-08-06 20:37:31,932 - DEBUG - Attempting to save 41 settings to: C:\Users\user\OneDrive\Desktop\DiscordQuestManager\version 1.1.0\dist\DiscordQuestManager-data\settings.json
2026-08-06 20:37:31,932 - INFO - Successfully saved settings to file
2026-08-06 20:37:31,932 - DEBUG - Saved settings keys: ['theme', 'custom_duration', 'remember_duration', 'minimize_to_tray', 'auto_clean_on_exit', 'discord_auto_open', 'multi_quest_limit', 'dummy_cat_selection', 'dummy_alarm_enabled', 'dummy_alarm_type', 'dummy_alarm_sound_path', 'dummy_alarm_volume', 'custom_base', 'custom_mantle', 'custom_surface', 'custom_surface0', 'custom_surface1', 'custom_surface2', 'custom_text', 'custom_subtext0', 'custom_subtext1', 'custom_overlay0', 'custom_overlay1', 'custom_overlay2', 'custom_blue', 'custom_lavender', 'custom_sapphire', 'custom_sky', 'custom_teal', 'custom_green', 'custom_yellow', 'custom_peach', 'custom_maroon', 'custom_red', 'custom_mauve', 'custom_pink', 'custom_flamingo', 'custom_rosewater', 'auto_check_updates', 'exe_creation_path', 'data_folder_path']
2026-08-06 20:37:31,932 - INFO - Setting 'dummy_alarm_volume' updated and saved
2026-08-06 20:37:31,932 - DEBUG - SET setting 'exe_creation_path':  (previous: )
2026-08-06 20:37:31,932 - DEBUG - Attempting to save 41 settings to: C:\Users\user\OneDrive\Desktop\DiscordQuestManager\version 1.1.0\dist\DiscordQuestManager-data\settings.json
2026-08-06 20:37:31,933 - INFO - Successfully saved settings to file
2026-08-06 20:37:31,933 - DEBUG - Saved settings keys: ['theme', 'custom_duration', 'remember_duration', 'minimize_to_tray', 'auto_clean_on_exit', 'discord_auto_open', 'multi_quest_limit', 'dummy_cat_selection', 'dummy_alarm_enabled', 'dummy_alarm_type', 'dummy_alarm_sound_path', 'dummy_alarm_volume', 'custom_base', 'custom_mantle', 'custom_surface', 'custom_surface0', 'custom_surface1', 'custom_surface2', 'custom_text', 'custom_subtext0', 'custom_subtext1', 'custom_overlay0', 'custom_overlay1', 'custom_overlay2', 'custom_blue', 'custom_lavender', 'custom_sapphire', 'custom_sky', 'custom_teal', 'custom_green', 'custom_yellow', 'custom_peach', 'custom_maroon', 'custom_red', 'custom_mauve', 'custom_pink', 'custom_flamingo', 'custom_rosewater', 'auto_check_updates', 'exe_creation_path', 'data_folder_path']
2026-08-06 20:37:31,933 - INFO - Setting 'exe_creation_path' updated and saved
2026-08-06 20:37:31,933 - DEBUG - SET setting 'data_folder_path':  (previous: )
2026-08-06 20:37:31,933 - DEBUG - Attempting to save 41 settings to: C:\Users\user\OneDrive\Desktop\DiscordQuestManager\version 1.1.0\dist\DiscordQuestManager-data\settings.json
2026-08-06 20:37:31,934 - INFO - Successfully saved settings to file
2026-08-06 20:37:31,934 - DEBUG - Saved settings keys: ['theme', 'custom_duration', 'remember_duration', 'minimize_to_tray', 'auto_clean_on_exit', 'discord_auto_open', 'multi_quest_limit', 'dummy_cat_selection', 'dummy_alarm_enabled', 'dummy_alarm_type', 'dummy_alarm_sound_path', 'dummy_alarm_volume', 'custom_base', 'custom_mantle', 'custom_surface', 'custom_surface0', 'custom_surface1', 'custom_surface2', 'custom_text', 'custom_subtext0', 'custom_subtext1', 'custom_overlay0', 'custom_overlay1', 'custom_overlay2', 'custom_blue', 'custom_lavender', 'custom_sapphire', 'custom_sky', 'custom_teal', 'custom_green', 'custom_yellow', 'custom_peach', 'custom_maroon', 'custom_red', 'custom_mauve', 'custom_pink', 'custom_flamingo', 'custom_rosewater', 'auto_check_updates', 'exe_creation_path', 'data_folder_path']
2026-08-06 20:37:31,934 - INFO - Setting 'data_folder_path' updated and saved
2026-08-06 20:37:31,934 - DEBUG - SET setting 'custom_base': #1e1e2e (previous: #1e1e2e)
2026-08-06 20:37:31,934 - DEBUG - Attempting to save 41 settings to: C:\Users\user\OneDrive\Desktop\DiscordQuestManager\version 1.1.0\dist\DiscordQuestManager-data\settings.json
2026-08-06 20:37:31,934 - INFO - Successfully saved settings to file
2026-08-06 20:37:31,934 - DEBUG - Saved settings keys: ['theme', 'custom_duration', 'remember_duration', 'minimize_to_tray', 'auto_clean_on_exit', 'discord_auto_open', 'multi_quest_limit', 'dummy_cat_selection', 'dummy_alarm_enabled', 'dummy_alarm_type', 'dummy_alarm_sound_path', 'dummy_alarm_volume', 'custom_base', 'custom_mantle', 'custom_surface', 'custom_surface0', 'custom_surface1', 'custom_surface2', 'custom_text', 'custom_subtext0', 'custom_subtext1', 'custom_overlay0', 'custom_overlay1', 'custom_overlay2', 'custom_blue', 'custom_lavender', 'custom_sapphire', 'custom_sky', 'custom_teal', 'custom_green', 'custom_yellow', 'custom_peach', 'custom_maroon', 'custom_red', 'custom_mauve', 'custom_pink', 'custom_flamingo', 'custom_rosewater', 'auto_check_updates', 'exe_creation_path', 'data_folder_path']
2026-08-06 20:37:31,934 - INFO - Setting 'custom_base' updated and saved
2026-08-06 20:37:31,934 - DEBUG - SET setting 'custom_mantle': #181825 (previous: #181825)
2026-08-06 20:37:31,934 - DEBUG - Attempting to save 41 settings to: C:\Users\user\OneDrive\Desktop\DiscordQuestManager\version 1.1.0\dist\DiscordQuestManager-data\settings.json
2026-08-06 20:37:31,935 - INFO - Successfully saved settings to file
2026-08-06 20:37:31,935 - DEBUG - Saved settings keys: ['theme', 'custom_duration', 'remember_duration', 'minimize_to_tray', 'auto_clean_on_exit', 'discord_auto_open', 'multi_quest_limit', 'dummy_cat_selection', 'dummy_alarm_enabled', 'dummy_alarm_type', 'dummy_alarm_sound_path', 'dummy_alarm_volume', 'custom_base', 'custom_mantle', 'custom_surface', 'custom_surface0', 'custom_surface1', 'custom_surface2', 'custom_text', 'custom_subtext0', 'custom_subtext1', 'custom_overlay0', 'custom_overlay1', 'custom_overlay2', 'custom_blue', 'custom_lavender', 'custom_sapphire', 'custom_sky', 'custom_teal', 'custom_green', 'custom_yellow', 'custom_peach', 'custom_maroon', 'custom_red', 'custom_mauve', 'custom_pink', 'custom_flamingo', 'custom_rosewater', 'auto_check_updates', 'exe_creation_path', 'data_folder_path']
2026-08-06 20:37:31,935 - INFO - Setting 'custom_mantle' updated and saved
2026-08-06 20:37:31,935 - DEBUG - SET setting 'custom_surface': #313244 (previous: #313244)
2026-08-06 20:37:31,935 - DEBUG - Attempting to save 41 settings to: C:\Users\user\OneDrive\Desktop\DiscordQuestManager\version 1.1.0\dist\DiscordQuestManager-data\settings.json
2026-08-06 20:37:31,936 - INFO - Successfully saved settings to file
2026-08-06 20:37:31,936 - DEBUG - Saved settings keys: ['theme', 'custom_duration', 'remember_duration', 'minimize_to_tray', 'auto_clean_on_exit', 'discord_auto_open', 'multi_quest_limit', 'dummy_cat_selection', 'dummy_alarm_enabled', 'dummy_alarm_type', 'dummy_alarm_sound_path', 'dummy_alarm_volume', 'custom_base', 'custom_mantle', 'custom_surface', 'custom_surface0', 'custom_surface1', 'custom_surface2', 'custom_text', 'custom_subtext0', 'custom_subtext1', 'custom_overlay0', 'custom_overlay1', 'custom_overlay2', 'custom_blue', 'custom_lavender', 'custom_sapphire', 'custom_sky', 'custom_teal', 'custom_green', 'custom_yellow', 'custom_peach', 'custom_maroon', 'custom_red', 'custom_mauve', 'custom_pink', 'custom_flamingo', 'custom_rosewater', 'auto_check_updates', 'exe_creation_path', 'data_folder_path']
2026-08-06 20:37:31,936 - INFO - Setting 'custom_surface' updated and saved
2026-08-06 20:37:31,936 - DEBUG - SET setting 'custom_surface0': #45475a (previous: #45475a)
2026-08-06 20:37:31,936 - DEBUG - Attempting to save 41 settings to: C:\Users\user\OneDrive\Desktop\DiscordQuestManager\version 1.1.0\dist\DiscordQuestManager-data\settings.json
2026-08-06 20:37:31,937 - INFO - Successfully saved settings to file
2026-08-06 20:37:31,937 - DEBUG - Saved settings keys: ['theme', 'custom_duration', 'remember_duration', 'minimize_to_tray', 'auto_clean_on_exit', 'discord_auto_open', 'multi_quest_limit', 'dummy_cat_selection', 'dummy_alarm_enabled', 'dummy_alarm_type', 'dummy_alarm_sound_path', 'dummy_alarm_volume', 'custom_base', 'custom_mantle', 'custom_surface', 'custom_surface0', 'custom_surface1', 'custom_surface2', 'custom_text', 'custom_subtext0', 'custom_subtext1', 'custom_overlay0', 'custom_overlay1', 'custom_overlay2', 'custom_blue', 'custom_lavender', 'custom_sapphire', 'custom_sky', 'custom_teal', 'custom_green', 'custom_yellow', 'custom_peach', 'custom_maroon', 'custom_red', 'custom_mauve', 'custom_pink', 'custom_flamingo', 'custom_rosewater', 'auto_check_updates', 'exe_creation_path', 'data_folder_path']
2026-08-06 20:37:31,937 - INFO - Setting 'custom_surface0' updated and saved
2026-08-06 20:37:31,937 - DEBUG - SET setting 'custom_surface1': #585b70 (previous: #585b70)
2026-08-06 20:37:31,937 - DEBUG - Attempting to save 41 settings to: C:\Users\user\OneDrive\Desktop\DiscordQuestManager\version 1.1.0\dist\DiscordQuestManager-data\settings.json
2026-08-06 20:37:31,938 - INFO - Successfully saved settings to file
2026-08-06 20:37:31,938 - DEBUG - Saved settings keys: ['theme', 'custom_duration', 'remember_duration', 'minimize_to_tray', 'auto_clean_on_exit', 'discord_auto_open', 'multi_quest_limit', 'dummy_cat_selection', 'dummy_alarm_enabled', 'dummy_alarm_type', 'dummy_alarm_sound_path', 'dummy_alarm_volume', 'custom_base', 'custom_mantle', 'custom_surface', 'custom_surface0', 'custom_surface1', 'custom_surface2', 'custom_text', 'custom_subtext0', 'custom_subtext1', 'custom_overlay0', 'custom_overlay1', 'custom_overlay2', 'custom_blue', 'custom_lavender', 'custom_sapphire', 'custom_sky', 'custom_teal', 'custom_green', 'custom_yellow', 'custom_peach', 'custom_maroon', 'custom_red', 'custom_mauve', 'custom_pink', 'custom_flamingo', 'custom_rosewater', 'auto_check_updates', 'exe_creation_path', 'data_folder_path']
2026-08-06 20:37:31,938 - INFO - Setting 'custom_surface1' updated and saved
2026-08-06 20:37:31,939 - DEBUG - SET setting 'custom_surface2': #45475a (previous: #45475a)
2026-08-06 20:37:31,939 - DEBUG - Attempting to save 41 settings to: C:\Users\user\OneDrive\Desktop\DiscordQuestManager\version 1.1.0\dist\DiscordQuestManager-data\settings.json
2026-08-06 20:37:31,940 - INFO - Successfully saved settings to file
2026-08-06 20:37:31,940 - DEBUG - Saved settings keys: ['theme', 'custom_duration', 'remember_duration', 'minimize_to_tray', 'auto_clean_on_exit', 'discord_auto_open', 'multi_quest_limit', 'dummy_cat_selection', 'dummy_alarm_enabled', 'dummy_alarm_type', 'dummy_alarm_sound_path', 'dummy_alarm_volume', 'custom_base', 'custom_mantle', 'custom_surface', 'custom_surface0', 'custom_surface1', 'custom_surface2', 'custom_text', 'custom_subtext0', 'custom_subtext1', 'custom_overlay0', 'custom_overlay1', 'custom_overlay2', 'custom_blue', 'custom_lavender', 'custom_sapphire', 'custom_sky', 'custom_teal', 'custom_green', 'custom_yellow', 'custom_peach', 'custom_maroon', 'custom_red', 'custom_mauve', 'custom_pink', 'custom_flamingo', 'custom_rosewater', 'auto_check_updates', 'exe_creation_path', 'data_folder_path']
2026-08-06 20:37:31,940 - INFO - Setting 'custom_surface2' updated and saved
2026-08-06 20:37:31,940 - DEBUG - SET setting 'custom_text': #cdd6f4 (previous: #cdd6f4)
2026-08-06 20:37:31,940 - DEBUG - Attempting to save 41 settings to: C:\Users\user\OneDrive\Desktop\DiscordQuestManager\version 1.1.0\dist\DiscordQuestManager-data\settings.json
2026-08-06 20:37:31,942 - INFO - Successfully saved settings to file
2026-08-06 20:37:31,942 - DEBUG - Saved settings keys: ['theme', 'custom_duration', 'remember_duration', 'minimize_to_tray', 'auto_clean_on_exit', 'discord_auto_open', 'multi_quest_limit', 'dummy_cat_selection', 'dummy_alarm_enabled', 'dummy_alarm_type', 'dummy_alarm_sound_path', 'dummy_alarm_volume', 'custom_base', 'custom_mantle', 'custom_surface', 'custom_surface0', 'custom_surface1', 'custom_surface2', 'custom_text', 'custom_subtext0', 'custom_subtext1', 'custom_overlay0', 'custom_overlay1', 'custom_overlay2', 'custom_blue', 'custom_lavender', 'custom_sapphire', 'custom_sky', 'custom_teal', 'custom_green', 'custom_yellow', 'custom_peach', 'custom_maroon', 'custom_red', 'custom_mauve', 'custom_pink', 'custom_flamingo', 'custom_rosewater', 'auto_check_updates', 'exe_creation_path', 'data_folder_path']
2026-08-06 20:37:31,942 - INFO - Setting 'custom_text' updated and saved
2026-08-06 20:37:31,942 - DEBUG - SET setting 'custom_subtext0': #a6adc8 (previous: #a6adc8)
2026-08-06 20:37:31,942 - DEBUG - Attempting to save 41 settings to: C:\Users\user\OneDrive\Desktop\DiscordQuestManager\version 1.1.0\dist\DiscordQuestManager-data\settings.json
2026-08-06 20:37:31,942 - INFO - Successfully saved settings to file
2026-08-06 20:37:31,943 - DEBUG - Saved settings keys: ['theme', 'custom_duration', 'remember_duration', 'minimize_to_tray', 'auto_clean_on_exit', 'discord_auto_open', 'multi_quest_limit', 'dummy_cat_selection', 'dummy_alarm_enabled', 'dummy_alarm_type', 'dummy_alarm_sound_path', 'dummy_alarm_volume', 'custom_base', 'custom_mantle', 'custom_surface', 'custom_surface0', 'custom_surface1', 'custom_surface2', 'custom_text', 'custom_subtext0', 'custom_subtext1', 'custom_overlay0', 'custom_overlay1', 'custom_overlay2', 'custom_blue', 'custom_lavender', 'custom_sapphire', 'custom_sky', 'custom_teal', 'custom_green', 'custom_yellow', 'custom_peach', 'custom_maroon', 'custom_red', 'custom_mauve', 'custom_pink', 'custom_flamingo', 'custom_rosewater', 'auto_check_updates', 'exe_creation_path', 'data_folder_path']
2026-08-06 20:37:31,943 - INFO - Setting 'custom_subtext0' updated and saved
2026-08-06 20:37:31,943 - DEBUG - SET setting 'custom_subtext1': #bac2de (previous: #bac2de)
2026-08-06 20:37:31,943 - DEBUG - Attempting to save 41 settings to: C:\Users\user\OneDrive\Desktop\DiscordQuestManager\version 1.1.0\dist\DiscordQuestManager-data\settings.json
2026-08-06 20:37:31,944 - INFO - Successfully saved settings to file
2026-08-06 20:37:31,944 - DEBUG - Saved settings keys: ['theme', 'custom_duration', 'remember_duration', 'minimize_to_tray', 'auto_clean_on_exit', 'discord_auto_open', 'multi_quest_limit', 'dummy_cat_selection', 'dummy_alarm_enabled', 'dummy_alarm_type', 'dummy_alarm_sound_path', 'dummy_alarm_volume', 'custom_base', 'custom_mantle', 'custom_surface', 'custom_surface0', 'custom_surface1', 'custom_surface2', 'custom_text', 'custom_subtext0', 'custom_subtext1', 'custom_overlay0', 'custom_overlay1', 'custom_overlay2', 'custom_blue', 'custom_lavender', 'custom_sapphire', 'custom_sky', 'custom_teal', 'custom_green', 'custom_yellow', 'custom_peach', 'custom_maroon', 'custom_red', 'custom_mauve', 'custom_pink', 'custom_flamingo', 'custom_rosewater', 'auto_check_updates', 'exe_creation_path', 'data_folder_path']
2026-08-06 20:37:31,944 - INFO - Setting 'custom_subtext1' updated and saved
2026-08-06 20:37:31,945 - DEBUG - SET setting 'custom_overlay0': #6c7086 (previous: #6c7086)
2026-08-06 20:37:31,945 - DEBUG - Attempting to save 41 settings to: C:\Users\user\OneDrive\Desktop\DiscordQuestManager\version 1.1.0\dist\DiscordQuestManager-data\settings.json
2026-08-06 20:37:31,945 - INFO - Successfully saved settings to file
2026-08-06 20:37:31,945 - DEBUG - Saved settings keys: ['theme', 'custom_duration', 'remember_duration', 'minimize_to_tray', 'auto_clean_on_exit', 'discord_auto_open', 'multi_quest_limit', 'dummy_cat_selection', 'dummy_alarm_enabled', 'dummy_alarm_type', 'dummy_alarm_sound_path', 'dummy_alarm_volume', 'custom_base', 'custom_mantle', 'custom_surface', 'custom_surface0', 'custom_surface1', 'custom_surface2', 'custom_text', 'custom_subtext0', 'custom_subtext1', 'custom_overlay0', 'custom_overlay1', 'custom_overlay2', 'custom_blue', 'custom_lavender', 'custom_sapphire', 'custom_sky', 'custom_teal', 'custom_green', 'custom_yellow', 'custom_peach', 'custom_maroon', 'custom_red', 'custom_mauve', 'custom_pink', 'custom_flamingo', 'custom_rosewater', 'auto_check_updates', 'exe_creation_path', 'data_folder_path']
2026-08-06 20:37:31,945 - INFO - Setting 'custom_overlay0' updated and saved
2026-08-06 20:37:31,945 - DEBUG - SET setting 'custom_overlay1': #7f849c (previous: #7f849c)
2026-08-06 20:37:31,946 - DEBUG - Attempting to save 41 settings to: C:\Users\user\OneDrive\Desktop\DiscordQuestManager\version 1.1.0\dist\DiscordQuestManager-data\settings.json
2026-08-06 20:37:31,946 - INFO - Successfully saved settings to file
2026-08-06 20:37:31,946 - DEBUG - Saved settings keys: ['theme', 'custom_duration', 'remember_duration', 'minimize_to_tray', 'auto_clean_on_exit', 'discord_auto_open', 'multi_quest_limit', 'dummy_cat_selection', 'dummy_alarm_enabled', 'dummy_alarm_type', 'dummy_alarm_sound_path', 'dummy_alarm_volume', 'custom_base', 'custom_mantle', 'custom_surface', 'custom_surface0', 'custom_surface1', 'custom_surface2', 'custom_text', 'custom_subtext0', 'custom_subtext1', 'custom_overlay0', 'custom_overlay1', 'custom_overlay2', 'custom_blue', 'custom_lavender', 'custom_sapphire', 'custom_sky', 'custom_teal', 'custom_green', 'custom_yellow', 'custom_peach', 'custom_maroon', 'custom_red', 'custom_mauve', 'custom_pink', 'custom_flamingo', 'custom_rosewater', 'auto_check_updates', 'exe_creation_path', 'data_folder_path']
2026-08-06 20:37:31,946 - INFO - Setting 'custom_overlay1' updated and saved
2026-08-06 20:37:31,946 - DEBUG - SET setting 'custom_overlay2': #9399b2 (previous: #9399b2)
2026-08-06 20:37:31,946 - DEBUG - Attempting to save 41 settings to: C:\Users\user\OneDrive\Desktop\DiscordQuestManager\version 1.1.0\dist\DiscordQuestManager-data\settings.json
2026-08-06 20:37:31,947 - INFO - Successfully saved settings to file
2026-08-06 20:37:31,947 - DEBUG - Saved settings keys: ['theme', 'custom_duration', 'remember_duration', 'minimize_to_tray', 'auto_clean_on_exit', 'discord_auto_open', 'multi_quest_limit', 'dummy_cat_selection', 'dummy_alarm_enabled', 'dummy_alarm_type', 'dummy_alarm_sound_path', 'dummy_alarm_volume', 'custom_base', 'custom_mantle', 'custom_surface', 'custom_surface0', 'custom_surface1', 'custom_surface2', 'custom_text', 'custom_subtext0', 'custom_subtext1', 'custom_overlay0', 'custom_overlay1', 'custom_overlay2', 'custom_blue', 'custom_lavender', 'custom_sapphire', 'custom_sky', 'custom_teal', 'custom_green', 'custom_yellow', 'custom_peach', 'custom_maroon', 'custom_red', 'custom_mauve', 'custom_pink', 'custom_flamingo', 'custom_rosewater', 'auto_check_updates', 'exe_creation_path', 'data_folder_path']
2026-08-06 20:37:31,947 - INFO - Setting 'custom_overlay2' updated and saved
2026-08-06 20:37:31,947 - DEBUG - SET setting 'custom_blue': #89b4fa (previous: #89b4fa)
2026-08-06 20:37:31,947 - DEBUG - Attempting to save 41 settings to: C:\Users\user\OneDrive\Desktop\DiscordQuestManager\version 1.1.0\dist\DiscordQuestManager-data\settings.json
2026-08-06 20:37:31,947 - INFO - Successfully saved settings to file
2026-08-06 20:37:31,947 - DEBUG - Saved settings keys: ['theme', 'custom_duration', 'remember_duration', 'minimize_to_tray', 'auto_clean_on_exit', 'discord_auto_open', 'multi_quest_limit', 'dummy_cat_selection', 'dummy_alarm_enabled', 'dummy_alarm_type', 'dummy_alarm_sound_path', 'dummy_alarm_volume', 'custom_base', 'custom_mantle', 'custom_surface', 'custom_surface0', 'custom_surface1', 'custom_surface2', 'custom_text', 'custom_subtext0', 'custom_subtext1', 'custom_overlay0', 'custom_overlay1', 'custom_overlay2', 'custom_blue', 'custom_lavender', 'custom_sapphire', 'custom_sky', 'custom_teal', 'custom_green', 'custom_yellow', 'custom_peach', 'custom_maroon', 'custom_red', 'custom_mauve', 'custom_pink', 'custom_flamingo', 'custom_rosewater', 'auto_check_updates', 'exe_creation_path', 'data_folder_path']
2026-08-06 20:37:31,947 - INFO - Setting 'custom_blue' updated and saved
2026-08-06 20:37:31,947 - DEBUG - SET setting 'custom_lavender': #b4befe (previous: #b4befe)
2026-08-06 20:37:31,947 - DEBUG - Attempting to save 41 settings to: C:\Users\user\OneDrive\Desktop\DiscordQuestManager\version 1.1.0\dist\DiscordQuestManager-data\settings.json
2026-08-06 20:37:31,948 - INFO - Successfully saved settings to file
2026-08-06 20:37:31,948 - DEBUG - Saved settings keys: ['theme', 'custom_duration', 'remember_duration', 'minimize_to_tray', 'auto_clean_on_exit', 'discord_auto_open', 'multi_quest_limit', 'dummy_cat_selection', 'dummy_alarm_enabled', 'dummy_alarm_type', 'dummy_alarm_sound_path', 'dummy_alarm_volume', 'custom_base', 'custom_mantle', 'custom_surface', 'custom_surface0', 'custom_surface1', 'custom_surface2', 'custom_text', 'custom_subtext0', 'custom_subtext1', 'custom_overlay0', 'custom_overlay1', 'custom_overlay2', 'custom_blue', 'custom_lavender', 'custom_sapphire', 'custom_sky', 'custom_teal', 'custom_green', 'custom_yellow', 'custom_peach', 'custom_maroon', 'custom_red', 'custom_mauve', 'custom_pink', 'custom_flamingo', 'custom_rosewater', 'auto_check_updates', 'exe_creation_path', 'data_folder_path']
2026-08-06 20:37:31,948 - INFO - Setting 'custom_lavender' updated and saved
2026-08-06 20:37:31,948 - DEBUG - SET setting 'custom_sapphire': #74c7ec (previous: #74c7ec)
2026-08-06 20:37:31,948 - DEBUG - Attempting to save 41 settings to: C:\Users\user\OneDrive\Desktop\DiscordQuestManager\version 1.1.0\dist\DiscordQuestManager-data\settings.json
2026-08-06 20:37:31,949 - INFO - Successfully saved settings to file
2026-08-06 20:37:31,949 - DEBUG - Saved settings keys: ['theme', 'custom_duration', 'remember_duration', 'minimize_to_tray', 'auto_clean_on_exit', 'discord_auto_open', 'multi_quest_limit', 'dummy_cat_selection', 'dummy_alarm_enabled', 'dummy_alarm_type', 'dummy_alarm_sound_path', 'dummy_alarm_volume', 'custom_base', 'custom_mantle', 'custom_surface', 'custom_surface0', 'custom_surface1', 'custom_surface2', 'custom_text', 'custom_subtext0', 'custom_subtext1', 'custom_overlay0', 'custom_overlay1', 'custom_overlay2', 'custom_blue', 'custom_lavender', 'custom_sapphire', 'custom_sky', 'custom_teal', 'custom_green', 'custom_yellow', 'custom_peach', 'custom_maroon', 'custom_red', 'custom_mauve', 'custom_pink', 'custom_flamingo', 'custom_rosewater', 'auto_check_updates', 'exe_creation_path', 'data_folder_path']
2026-08-06 20:37:31,949 - INFO - Setting 'custom_sapphire' updated and saved
2026-08-06 20:37:31,949 - DEBUG - SET setting 'custom_sky': #89dceb (previous: #89dceb)
2026-08-06 20:37:31,949 - DEBUG - Attempting to save 41 settings to: C:\Users\user\OneDrive\Desktop\DiscordQuestManager\version 1.1.0\dist\DiscordQuestManager-data\settings.json
2026-08-06 20:37:31,949 - INFO - Successfully saved settings to file
2026-08-06 20:37:31,949 - DEBUG - Saved settings keys: ['theme', 'custom_duration', 'remember_duration', 'minimize_to_tray', 'auto_clean_on_exit', 'discord_auto_open', 'multi_quest_limit', 'dummy_cat_selection', 'dummy_alarm_enabled', 'dummy_alarm_type', 'dummy_alarm_sound_path', 'dummy_alarm_volume', 'custom_base', 'custom_mantle', 'custom_surface', 'custom_surface0', 'custom_surface1', 'custom_surface2', 'custom_text', 'custom_subtext0', 'custom_subtext1', 'custom_overlay0', 'custom_overlay1', 'custom_overlay2', 'custom_blue', 'custom_lavender', 'custom_sapphire', 'custom_sky', 'custom_teal', 'custom_green', 'custom_yellow', 'custom_peach', 'custom_maroon', 'custom_red', 'custom_mauve', 'custom_pink', 'custom_flamingo', 'custom_rosewater', 'auto_check_updates', 'exe_creation_path', 'data_folder_path']
2026-08-06 20:37:31,949 - INFO - Setting 'custom_sky' updated and saved
2026-08-06 20:37:31,949 - DEBUG - SET setting 'custom_teal': #94e2d5 (previous: #94e2d5)
2026-08-06 20:37:31,949 - DEBUG - Attempting to save 41 settings to: C:\Users\user\OneDrive\Desktop\DiscordQuestManager\version 1.1.0\dist\DiscordQuestManager-data\settings.json
2026-08-06 20:37:31,950 - INFO - Successfully saved settings to file
2026-08-06 20:37:31,950 - DEBUG - Saved settings keys: ['theme', 'custom_duration', 'remember_duration', 'minimize_to_tray', 'auto_clean_on_exit', 'discord_auto_open', 'multi_quest_limit', 'dummy_cat_selection', 'dummy_alarm_enabled', 'dummy_alarm_type', 'dummy_alarm_sound_path', 'dummy_alarm_volume', 'custom_base', 'custom_mantle', 'custom_surface', 'custom_surface0', 'custom_surface1', 'custom_surface2', 'custom_text', 'custom_subtext0', 'custom_subtext1', 'custom_overlay0', 'custom_overlay1', 'custom_overlay2', 'custom_blue', 'custom_lavender', 'custom_sapphire', 'custom_sky', 'custom_teal', 'custom_green', 'custom_yellow', 'custom_peach', 'custom_maroon', 'custom_red', 'custom_mauve', 'custom_pink', 'custom_flamingo', 'custom_rosewater', 'auto_check_updates', 'exe_creation_path', 'data_folder_path']
2026-08-06 20:37:31,950 - INFO - Setting 'custom_teal' updated and saved
2026-08-06 20:37:31,950 - DEBUG - SET setting 'custom_green': #a6e3a1 (previous: #a6e3a1)
2026-08-06 20:37:31,950 - DEBUG - Attempting to save 41 settings to: C:\Users\user\OneDrive\Desktop\DiscordQuestManager\version 1.1.0\dist\DiscordQuestManager-data\settings.json
2026-08-06 20:37:31,951 - INFO - Successfully saved settings to file
2026-08-06 20:37:31,951 - DEBUG - Saved settings keys: ['theme', 'custom_duration', 'remember_duration', 'minimize_to_tray', 'auto_clean_on_exit', 'discord_auto_open', 'multi_quest_limit', 'dummy_cat_selection', 'dummy_alarm_enabled', 'dummy_alarm_type', 'dummy_alarm_sound_path', 'dummy_alarm_volume', 'custom_base', 'custom_mantle', 'custom_surface', 'custom_surface0', 'custom_surface1', 'custom_surface2', 'custom_text', 'custom_subtext0', 'custom_subtext1', 'custom_overlay0', 'custom_overlay1', 'custom_overlay2', 'custom_blue', 'custom_lavender', 'custom_sapphire', 'custom_sky', 'custom_teal', 'custom_green', 'custom_yellow', 'custom_peach', 'custom_maroon', 'custom_red', 'custom_mauve', 'custom_pink', 'custom_flamingo', 'custom_rosewater', 'auto_check_updates', 'exe_creation_path', 'data_folder_path']
2026-08-06 20:37:31,951 - INFO - Setting 'custom_green' updated and saved
2026-08-06 20:37:31,951 - DEBUG - SET setting 'custom_yellow': #f9e2af (previous: #f9e2af)
2026-08-06 20:37:31,951 - DEBUG - Attempting to save 41 settings to: C:\Users\user\OneDrive\Desktop\DiscordQuestManager\version 1.1.0\dist\DiscordQuestManager-data\settings.json
2026-08-06 20:37:31,951 - INFO - Successfully saved settings to file
2026-08-06 20:37:31,951 - DEBUG - Saved settings keys: ['theme', 'custom_duration', 'remember_duration', 'minimize_to_tray', 'auto_clean_on_exit', 'discord_auto_open', 'multi_quest_limit', 'dummy_cat_selection', 'dummy_alarm_enabled', 'dummy_alarm_type', 'dummy_alarm_sound_path', 'dummy_alarm_volume', 'custom_base', 'custom_mantle', 'custom_surface', 'custom_surface0', 'custom_surface1', 'custom_surface2', 'custom_text', 'custom_subtext0', 'custom_subtext1', 'custom_overlay0', 'custom_overlay1', 'custom_overlay2', 'custom_blue', 'custom_lavender', 'custom_sapphire', 'custom_sky', 'custom_teal', 'custom_green', 'custom_yellow', 'custom_peach', 'custom_maroon', 'custom_red', 'custom_mauve', 'custom_pink', 'custom_flamingo', 'custom_rosewater', 'auto_check_updates', 'exe_creation_path', 'data_folder_path']
2026-08-06 20:37:31,951 - INFO - Setting 'custom_yellow' updated and saved
2026-08-06 20:37:31,951 - DEBUG - SET setting 'custom_peach': #fab387 (previous: #fab387)
2026-08-06 20:37:31,951 - DEBUG - Attempting to save 41 settings to: C:\Users\user\OneDrive\Desktop\DiscordQuestManager\version 1.1.0\dist\DiscordQuestManager-data\settings.json
2026-08-06 20:37:31,952 - INFO - Successfully saved settings to file
2026-08-06 20:37:31,952 - DEBUG - Saved settings keys: ['theme', 'custom_duration', 'remember_duration', 'minimize_to_tray', 'auto_clean_on_exit', 'discord_auto_open', 'multi_quest_limit', 'dummy_cat_selection', 'dummy_alarm_enabled', 'dummy_alarm_type', 'dummy_alarm_sound_path', 'dummy_alarm_volume', 'custom_base', 'custom_mantle', 'custom_surface', 'custom_surface0', 'custom_surface1', 'custom_surface2', 'custom_text', 'custom_subtext0', 'custom_subtext1', 'custom_overlay0', 'custom_overlay1', 'custom_overlay2', 'custom_blue', 'custom_lavender', 'custom_sapphire', 'custom_sky', 'custom_teal', 'custom_green', 'custom_yellow', 'custom_peach', 'custom_maroon', 'custom_red', 'custom_mauve', 'custom_pink', 'custom_flamingo', 'custom_rosewater', 'auto_check_updates', 'exe_creation_path', 'data_folder_path']
2026-08-06 20:37:31,952 - INFO - Setting 'custom_peach' updated and saved
2026-08-06 20:37:31,952 - DEBUG - SET setting 'custom_maroon': #eba0ac (previous: #eba0ac)
2026-08-06 20:37:31,952 - DEBUG - Attempting to save 41 settings to: C:\Users\user\OneDrive\Desktop\DiscordQuestManager\version 1.1.0\dist\DiscordQuestManager-data\settings.json
2026-08-06 20:37:31,953 - INFO - Successfully saved settings to file
2026-08-06 20:37:31,953 - DEBUG - Saved settings keys: ['theme', 'custom_duration', 'remember_duration', 'minimize_to_tray', 'auto_clean_on_exit', 'discord_auto_open', 'multi_quest_limit', 'dummy_cat_selection', 'dummy_alarm_enabled', 'dummy_alarm_type', 'dummy_alarm_sound_path', 'dummy_alarm_volume', 'custom_base', 'custom_mantle', 'custom_surface', 'custom_surface0', 'custom_surface1', 'custom_surface2', 'custom_text', 'custom_subtext0', 'custom_subtext1', 'custom_overlay0', 'custom_overlay1', 'custom_overlay2', 'custom_blue', 'custom_lavender', 'custom_sapphire', 'custom_sky', 'custom_teal', 'custom_green', 'custom_yellow', 'custom_peach', 'custom_maroon', 'custom_red', 'custom_mauve', 'custom_pink', 'custom_flamingo', 'custom_rosewater', 'auto_check_updates', 'exe_creation_path', 'data_folder_path']
2026-08-06 20:37:31,953 - INFO - Setting 'custom_maroon' updated and saved
2026-08-06 20:37:31,953 - DEBUG - SET setting 'custom_red': #f38ba8 (previous: #f38ba8)
2026-08-06 20:37:31,953 - DEBUG - Attempting to save 41 settings to: C:\Users\user\OneDrive\Desktop\DiscordQuestManager\version 1.1.0\dist\DiscordQuestManager-data\settings.json
2026-08-06 20:37:31,953 - INFO - Successfully saved settings to file
2026-08-06 20:37:31,953 - DEBUG - Saved settings keys: ['theme', 'custom_duration', 'remember_duration', 'minimize_to_tray', 'auto_clean_on_exit', 'discord_auto_open', 'multi_quest_limit', 'dummy_cat_selection', 'dummy_alarm_enabled', 'dummy_alarm_type', 'dummy_alarm_sound_path', 'dummy_alarm_volume', 'custom_base', 'custom_mantle', 'custom_surface', 'custom_surface0', 'custom_surface1', 'custom_surface2', 'custom_text', 'custom_subtext0', 'custom_subtext1', 'custom_overlay0', 'custom_overlay1', 'custom_overlay2', 'custom_blue', 'custom_lavender', 'custom_sapphire', 'custom_sky', 'custom_teal', 'custom_green', 'custom_yellow', 'custom_peach', 'custom_maroon', 'custom_red', 'custom_mauve', 'custom_pink', 'custom_flamingo', 'custom_rosewater', 'auto_check_updates', 'exe_creation_path', 'data_folder_path']
2026-08-06 20:37:31,953 - INFO - Setting 'custom_red' updated and saved
2026-08-06 20:37:31,953 - DEBUG - SET setting 'custom_mauve': #cba6f7 (previous: #cba6f7)
2026-08-06 20:37:31,953 - DEBUG - Attempting to save 41 settings to: C:\Users\user\OneDrive\Desktop\DiscordQuestManager\version 1.1.0\dist\DiscordQuestManager-data\settings.json
2026-08-06 20:37:31,954 - INFO - Successfully saved settings to file
2026-08-06 20:37:31,954 - DEBUG - Saved settings keys: ['theme', 'custom_duration', 'remember_duration', 'minimize_to_tray', 'auto_clean_on_exit', 'discord_auto_open', 'multi_quest_limit', 'dummy_cat_selection', 'dummy_alarm_enabled', 'dummy_alarm_type', 'dummy_alarm_sound_path', 'dummy_alarm_volume', 'custom_base', 'custom_mantle', 'custom_surface', 'custom_surface0', 'custom_surface1', 'custom_surface2', 'custom_text', 'custom_subtext0', 'custom_subtext1', 'custom_overlay0', 'custom_overlay1', 'custom_overlay2', 'custom_blue', 'custom_lavender', 'custom_sapphire', 'custom_sky', 'custom_teal', 'custom_green', 'custom_yellow', 'custom_peach', 'custom_maroon', 'custom_red', 'custom_mauve', 'custom_pink', 'custom_flamingo', 'custom_rosewater', 'auto_check_updates', 'exe_creation_path', 'data_folder_path']
2026-08-06 20:37:31,954 - INFO - Setting 'custom_mauve' updated and saved
2026-08-06 20:37:31,954 - DEBUG - SET setting 'custom_pink': #f5c2e7 (previous: #f5c2e7)
2026-08-06 20:37:31,954 - DEBUG - Attempting to save 41 settings to: C:\Users\user\OneDrive\Desktop\DiscordQuestManager\version 1.1.0\dist\DiscordQuestManager-data\settings.json
2026-08-06 20:37:31,955 - INFO - Successfully saved settings to file
2026-08-06 20:37:31,955 - DEBUG - Saved settings keys: ['theme', 'custom_duration', 'remember_duration', 'minimize_to_tray', 'auto_clean_on_exit', 'discord_auto_open', 'multi_quest_limit', 'dummy_cat_selection', 'dummy_alarm_enabled', 'dummy_alarm_type', 'dummy_alarm_sound_path', 'dummy_alarm_volume', 'custom_base', 'custom_mantle', 'custom_surface', 'custom_surface0', 'custom_surface1', 'custom_surface2', 'custom_text', 'custom_subtext0', 'custom_subtext1', 'custom_overlay0', 'custom_overlay1', 'custom_overlay2', 'custom_blue', 'custom_lavender', 'custom_sapphire', 'custom_sky', 'custom_teal', 'custom_green', 'custom_yellow', 'custom_peach', 'custom_maroon', 'custom_red', 'custom_mauve', 'custom_pink', 'custom_flamingo', 'custom_rosewater', 'auto_check_updates', 'exe_creation_path', 'data_folder_path']
2026-08-06 20:37:31,955 - INFO - Setting 'custom_pink' updated and saved
2026-08-06 20:37:31,955 - DEBUG - SET setting 'custom_flamingo': #f2cdcd (previous: #f2cdcd)
2026-08-06 20:37:31,955 - DEBUG - Attempting to save 41 settings to: C:\Users\user\OneDrive\Desktop\DiscordQuestManager\version 1.1.0\dist\DiscordQuestManager-data\settings.json
2026-08-06 20:37:31,955 - INFO - Successfully saved settings to file
2026-08-06 20:37:31,955 - DEBUG - Saved settings keys: ['theme', 'custom_duration', 'remember_duration', 'minimize_to_tray', 'auto_clean_on_exit', 'discord_auto_open', 'multi_quest_limit', 'dummy_cat_selection', 'dummy_alarm_enabled', 'dummy_alarm_type', 'dummy_alarm_sound_path', 'dummy_alarm_volume', 'custom_base', 'custom_mantle', 'custom_surface', 'custom_surface0', 'custom_surface1', 'custom_surface2', 'custom_text', 'custom_subtext0', 'custom_subtext1', 'custom_overlay0', 'custom_overlay1', 'custom_overlay2', 'custom_blue', 'custom_lavender', 'custom_sapphire', 'custom_sky', 'custom_teal', 'custom_green', 'custom_yellow', 'custom_peach', 'custom_maroon', 'custom_red', 'custom_mauve', 'custom_pink', 'custom_flamingo', 'custom_rosewater', 'auto_check_updates', 'exe_creation_path', 'data_folder_path']
2026-08-06 20:37:31,955 - INFO - Setting 'custom_flamingo' updated and saved
2026-08-06 20:37:31,955 - DEBUG - SET setting 'custom_rosewater': #f5e0dc (previous: #f5e0dc)
2026-08-06 20:37:31,955 - DEBUG - Attempting to save 41 settings to: C:\Users\user\OneDrive\Desktop\DiscordQuestManager\version 1.1.0\dist\DiscordQuestManager-data\settings.json
2026-08-06 20:37:31,956 - INFO - Successfully saved settings to file
2026-08-06 20:37:31,956 - DEBUG - Saved settings keys: ['theme', 'custom_duration', 'remember_duration', 'minimize_to_tray', 'auto_clean_on_exit', 'discord_auto_open', 'multi_quest_limit', 'dummy_cat_selection', 'dummy_alarm_enabled', 'dummy_alarm_type', 'dummy_alarm_sound_path', 'dummy_alarm_volume', 'custom_base', 'custom_mantle', 'custom_surface', 'custom_surface0', 'custom_surface1', 'custom_surface2', 'custom_text', 'custom_subtext0', 'custom_subtext1', 'custom_overlay0', 'custom_overlay1', 'custom_overlay2', 'custom_blue', 'custom_lavender', 'custom_sapphire', 'custom_sky', 'custom_teal', 'custom_green', 'custom_yellow', 'custom_peach', 'custom_maroon', 'custom_red', 'custom_mauve', 'custom_pink', 'custom_flamingo', 'custom_rosewater', 'auto_check_updates', 'exe_creation_path', 'data_folder_path']
2026-08-06 20:37:31,956 - INFO - Setting 'custom_rosewater' updated and saved
2026-08-06 20:37:31,956 - DEBUG - GET setting 'custom_duration': 1 (default: 15)
2026-08-06 20:37:31,956 - DEBUG - GET setting 'multi_quest_limit': 0 (default: 0)
2026-08-06 20:37:31,956 - DEBUG - GET setting 'remember_duration': True (default: True)
2026-08-06 20:37:31,956 - DEBUG - GET setting 'minimize_to_tray': False (default: False)
2026-08-06 20:37:31,956 - DEBUG - GET setting 'auto_clean_on_exit': False (default: True)
2026-08-06 20:37:31,956 - DEBUG - GET setting 'discord_auto_open': True (default: True)
2026-08-06 20:37:31,956 - DEBUG - GET setting 'auto_check_updates': False (default: True)
2026-08-06 20:37:31,956 - DEBUG - GET setting 'dummy_cat_selection': Cat-3 (default: Cat-1)
2026-08-06 20:37:31,956 - DEBUG - GET setting 'exe_creation_path':  (default: )
2026-08-06 20:37:31,956 - DEBUG - GET setting 'data_folder_path':  (default: )
2026-08-06 20:37:31,956 - INFO - Settings saved successfully
2026-08-06 20:38:01,665 - INFO - Save button clicked - starting save process
2026-08-06 20:38:01,697 - DEBUG - Collected 10 custom colors
2026-08-06 20:38:01,698 - DEBUG - Merged with mocha defaults, now have 26 total colors
2026-08-06 20:38:01,698 - DEBUG - Added 26 custom colors to new_settings
2026-08-06 20:38:01,698 - DEBUG - Created new_settings dict with 41 keys
2026-08-06 20:38:01,698 - DEBUG - Theme changed: False, Is custom theme: True
2026-08-06 20:38:01,698 - INFO - Calling theme change callback
2026-08-06 20:38:01,698 - INFO - set_theme called with theme: custom, custom_colors: True
2026-08-06 20:38:01,698 - INFO - Setting custom theme with 26 colors
2026-08-06 20:38:01,698 - INFO - Saved custom theme to C:\Users\user\AppData\Local\Temp\_MEI185122\core\themes\custom.json
2026-08-06 20:38:01,698 - INFO - Theme set to: custom with 26 colors
2026-08-06 20:38:01,698 - INFO - Calling theme change callback
2026-08-06 20:38:01,711 - INFO - Calling on_save callback
2026-08-06 20:38:01,711 - DEBUG - SET setting 'theme': custom (previous: custom)
2026-08-06 20:38:01,711 - DEBUG - Attempting to save 41 settings to: C:\Users\user\OneDrive\Desktop\DiscordQuestManager\version 1.1.0\dist\DiscordQuestManager-data\settings.json
2026-08-06 20:38:01,712 - INFO - Successfully saved settings to file
2026-08-06 20:38:01,712 - DEBUG - Saved settings keys: ['theme', 'custom_duration', 'remember_duration', 'minimize_to_tray', 'auto_clean_on_exit', 'discord_auto_open', 'multi_quest_limit', 'dummy_cat_selection', 'dummy_alarm_enabled', 'dummy_alarm_type', 'dummy_alarm_sound_path', 'dummy_alarm_volume', 'custom_base', 'custom_mantle', 'custom_surface', 'custom_surface0', 'custom_surface1', 'custom_surface2', 'custom_text', 'custom_subtext0', 'custom_subtext1', 'custom_overlay0', 'custom_overlay1', 'custom_overlay2', 'custom_blue', 'custom_lavender', 'custom_sapphire', 'custom_sky', 'custom_teal', 'custom_green', 'custom_yellow', 'custom_peach', 'custom_maroon', 'custom_red', 'custom_mauve', 'custom_pink', 'custom_flamingo', 'custom_rosewater', 'auto_check_updates', 'exe_creation_path', 'data_folder_path']
2026-08-06 20:38:01,712 - INFO - Setting 'theme' updated and saved
2026-08-06 20:38:01,712 - DEBUG - SET setting 'custom_duration': 1 (previous: 1)
2026-08-06 20:38:01,712 - DEBUG - Attempting to save 41 settings to: C:\Users\user\OneDrive\Desktop\DiscordQuestManager\version 1.1.0\dist\DiscordQuestManager-data\settings.json
2026-08-06 20:38:01,713 - INFO - Successfully saved settings to file
2026-08-06 20:38:01,713 - DEBUG - Saved settings keys: ['theme', 'custom_duration', 'remember_duration', 'minimize_to_tray', 'auto_clean_on_exit', 'discord_auto_open', 'multi_quest_limit', 'dummy_cat_selection', 'dummy_alarm_enabled', 'dummy_alarm_type', 'dummy_alarm_sound_path', 'dummy_alarm_volume', 'custom_base', 'custom_mantle', 'custom_surface', 'custom_surface0', 'custom_surface1', 'custom_surface2', 'custom_text', 'custom_subtext0', 'custom_subtext1', 'custom_overlay0', 'custom_overlay1', 'custom_overlay2', 'custom_blue', 'custom_lavender', 'custom_sapphire', 'custom_sky', 'custom_teal', 'custom_green', 'custom_yellow', 'custom_peach', 'custom_maroon', 'custom_red', 'custom_mauve', 'custom_pink', 'custom_flamingo', 'custom_rosewater', 'auto_check_updates', 'exe_creation_path', 'data_folder_path']
2026-08-06 20:38:01,713 - INFO - Setting 'custom_duration' updated and saved
2026-08-06 20:38:01,713 - DEBUG - SET setting 'remember_duration': True (previous: True)
2026-08-06 20:38:01,713 - DEBUG - Attempting to save 41 settings to: C:\Users\user\OneDrive\Desktop\DiscordQuestManager\version 1.1.0\dist\DiscordQuestManager-data\settings.json
2026-08-06 20:38:01,714 - INFO - Successfully saved settings to file
2026-08-06 20:38:01,714 - DEBUG - Saved settings keys: ['theme', 'custom_duration', 'remember_duration', 'minimize_to_tray', 'auto_clean_on_exit', 'discord_auto_open', 'multi_quest_limit', 'dummy_cat_selection', 'dummy_alarm_enabled', 'dummy_alarm_type', 'dummy_alarm_sound_path', 'dummy_alarm_volume', 'custom_base', 'custom_mantle', 'custom_surface', 'custom_surface0', 'custom_surface1', 'custom_surface2', 'custom_text', 'custom_subtext0', 'custom_subtext1', 'custom_overlay0', 'custom_overlay1', 'custom_overlay2', 'custom_blue', 'custom_lavender', 'custom_sapphire', 'custom_sky', 'custom_teal', 'custom_green', 'custom_yellow', 'custom_peach', 'custom_maroon', 'custom_red', 'custom_mauve', 'custom_pink', 'custom_flamingo', 'custom_rosewater', 'auto_check_updates', 'exe_creation_path', 'data_folder_path']
2026-08-06 20:38:01,714 - INFO - Setting 'remember_duration' updated and saved
2026-08-06 20:38:01,714 - DEBUG - SET setting 'minimize_to_tray': False (previous: False)
2026-08-06 20:38:01,714 - DEBUG - Attempting to save 41 settings to: C:\Users\user\OneDrive\Desktop\DiscordQuestManager\version 1.1.0\dist\DiscordQuestManager-data\settings.json
2026-08-06 20:38:01,715 - INFO - Successfully saved settings to file
2026-08-06 20:38:01,715 - DEBUG - Saved settings keys: ['theme', 'custom_duration', 'remember_duration', 'minimize_to_tray', 'auto_clean_on_exit', 'discord_auto_open', 'multi_quest_limit', 'dummy_cat_selection', 'dummy_alarm_enabled', 'dummy_alarm_type', 'dummy_alarm_sound_path', 'dummy_alarm_volume', 'custom_base', 'custom_mantle', 'custom_surface', 'custom_surface0', 'custom_surface1', 'custom_surface2', 'custom_text', 'custom_subtext0', 'custom_subtext1', 'custom_overlay0', 'custom_overlay1', 'custom_overlay2', 'custom_blue', 'custom_lavender', 'custom_sapphire', 'custom_sky', 'custom_teal', 'custom_green', 'custom_yellow', 'custom_peach', 'custom_maroon', 'custom_red', 'custom_mauve', 'custom_pink', 'custom_flamingo', 'custom_rosewater', 'auto_check_updates', 'exe_creation_path', 'data_folder_path']
2026-08-06 20:38:01,715 - INFO - Setting 'minimize_to_tray' updated and saved
2026-08-06 20:38:01,715 - DEBUG - SET setting 'auto_clean_on_exit': False (previous: False)
2026-08-06 20:38:01,715 - DEBUG - Attempting to save 41 settings to: C:\Users\user\OneDrive\Desktop\DiscordQuestManager\version 1.1.0\dist\DiscordQuestManager-data\settings.json
2026-08-06 20:38:01,717 - INFO - Successfully saved settings to file
2026-08-06 20:38:01,717 - DEBUG - Saved settings keys: ['theme', 'custom_duration', 'remember_duration', 'minimize_to_tray', 'auto_clean_on_exit', 'discord_auto_open', 'multi_quest_limit', 'dummy_cat_selection', 'dummy_alarm_enabled', 'dummy_alarm_type', 'dummy_alarm_sound_path', 'dummy_alarm_volume', 'custom_base', 'custom_mantle', 'custom_surface', 'custom_surface0', 'custom_surface1', 'custom_surface2', 'custom_text', 'custom_subtext0', 'custom_subtext1', 'custom_overlay0', 'custom_overlay1', 'custom_overlay2', 'custom_blue', 'custom_lavender', 'custom_sapphire', 'custom_sky', 'custom_teal', 'custom_green', 'custom_yellow', 'custom_peach', 'custom_maroon', 'custom_red', 'custom_mauve', 'custom_pink', 'custom_flamingo', 'custom_rosewater', 'auto_check_updates', 'exe_creation_path', 'data_folder_path']
2026-08-06 20:38:01,717 - INFO - Setting 'auto_clean_on_exit' updated and saved
2026-08-06 20:38:01,717 - DEBUG - SET setting 'discord_auto_open': True (previous: True)
2026-08-06 20:38:01,717 - DEBUG - Attempting to save 41 settings to: C:\Users\user\OneDrive\Desktop\DiscordQuestManager\version 1.1.0\dist\DiscordQuestManager-data\settings.json
2026-08-06 20:38:01,717 - INFO - Successfully saved settings to file
2026-08-06 20:38:01,717 - DEBUG - Saved settings keys: ['theme', 'custom_duration', 'remember_duration', 'minimize_to_tray', 'auto_clean_on_exit', 'discord_auto_open', 'multi_quest_limit', 'dummy_cat_selection', 'dummy_alarm_enabled', 'dummy_alarm_type', 'dummy_alarm_sound_path', 'dummy_alarm_volume', 'custom_base', 'custom_mantle', 'custom_surface', 'custom_surface0', 'custom_surface1', 'custom_surface2', 'custom_text', 'custom_subtext0', 'custom_subtext1', 'custom_overlay0', 'custom_overlay1', 'custom_overlay2', 'custom_blue', 'custom_lavender', 'custom_sapphire', 'custom_sky', 'custom_teal', 'custom_green', 'custom_yellow', 'custom_peach', 'custom_maroon', 'custom_red', 'custom_mauve', 'custom_pink', 'custom_flamingo', 'custom_rosewater', 'auto_check_updates', 'exe_creation_path', 'data_folder_path']
2026-08-06 20:38:01,718 - INFO - Setting 'discord_auto_open' updated and saved
2026-08-06 20:38:01,718 - DEBUG - SET setting 'multi_quest_limit': 0 (previous: 0)
2026-08-06 20:38:01,718 - DEBUG - Attempting to save 41 settings to: C:\Users\user\OneDrive\Desktop\DiscordQuestManager\version 1.1.0\dist\DiscordQuestManager-data\settings.json
2026-08-06 20:38:01,718 - INFO - Successfully saved settings to file
2026-08-06 20:38:01,718 - DEBUG - Saved settings keys: ['theme', 'custom_duration', 'remember_duration', 'minimize_to_tray', 'auto_clean_on_exit', 'discord_auto_open', 'multi_quest_limit', 'dummy_cat_selection', 'dummy_alarm_enabled', 'dummy_alarm_type', 'dummy_alarm_sound_path', 'dummy_alarm_volume', 'custom_base', 'custom_mantle', 'custom_surface', 'custom_surface0', 'custom_surface1', 'custom_surface2', 'custom_text', 'custom_subtext0', 'custom_subtext1', 'custom_overlay0', 'custom_overlay1', 'custom_overlay2', 'custom_blue', 'custom_lavender', 'custom_sapphire', 'custom_sky', 'custom_teal', 'custom_green', 'custom_yellow', 'custom_peach', 'custom_maroon', 'custom_red', 'custom_mauve', 'custom_pink', 'custom_flamingo', 'custom_rosewater', 'auto_check_updates', 'exe_creation_path', 'data_folder_path']
2026-08-06 20:38:01,718 - INFO - Setting 'multi_quest_limit' updated and saved
2026-08-06 20:38:01,718 - DEBUG - SET setting 'auto_check_updates': False (previous: False)
2026-08-06 20:38:01,718 - DEBUG - Attempting to save 41 settings to: C:\Users\user\OneDrive\Desktop\DiscordQuestManager\version 1.1.0\dist\DiscordQuestManager-data\settings.json
2026-08-06 20:38:01,719 - INFO - Successfully saved settings to file
2026-08-06 20:38:01,719 - DEBUG - Saved settings keys: ['theme', 'custom_duration', 'remember_duration', 'minimize_to_tray', 'auto_clean_on_exit', 'discord_auto_open', 'multi_quest_limit', 'dummy_cat_selection', 'dummy_alarm_enabled', 'dummy_alarm_type', 'dummy_alarm_sound_path', 'dummy_alarm_volume', 'custom_base', 'custom_mantle', 'custom_surface', 'custom_surface0', 'custom_surface1', 'custom_surface2', 'custom_text', 'custom_subtext0', 'custom_subtext1', 'custom_overlay0', 'custom_overlay1', 'custom_overlay2', 'custom_blue', 'custom_lavender', 'custom_sapphire', 'custom_sky', 'custom_teal', 'custom_green', 'custom_yellow', 'custom_peach', 'custom_maroon', 'custom_red', 'custom_mauve', 'custom_pink', 'custom_flamingo', 'custom_rosewater', 'auto_check_updates', 'exe_creation_path', 'data_folder_path']
2026-08-06 20:38:01,719 - INFO - Setting 'auto_check_updates' updated and saved
2026-08-06 20:38:01,719 - DEBUG - SET setting 'dummy_cat_selection': Cat-3 (previous: Cat-3)
2026-08-06 20:38:01,719 - DEBUG - Attempting to save 41 settings to: C:\Users\user\OneDrive\Desktop\DiscordQuestManager\version 1.1.0\dist\DiscordQuestManager-data\settings.json
2026-08-06 20:38:01,720 - INFO - Successfully saved settings to file
2026-08-06 20:38:01,720 - DEBUG - Saved settings keys: ['theme', 'custom_duration', 'remember_duration', 'minimize_to_tray', 'auto_clean_on_exit', 'discord_auto_open', 'multi_quest_limit', 'dummy_cat_selection', 'dummy_alarm_enabled', 'dummy_alarm_type', 'dummy_alarm_sound_path', 'dummy_alarm_volume', 'custom_base', 'custom_mantle', 'custom_surface', 'custom_surface0', 'custom_surface1', 'custom_surface2', 'custom_text', 'custom_subtext0', 'custom_subtext1', 'custom_overlay0', 'custom_overlay1', 'custom_overlay2', 'custom_blue', 'custom_lavender', 'custom_sapphire', 'custom_sky', 'custom_teal', 'custom_green', 'custom_yellow', 'custom_peach', 'custom_maroon', 'custom_red', 'custom_mauve', 'custom_pink', 'custom_flamingo', 'custom_rosewater', 'auto_check_updates', 'exe_creation_path', 'data_folder_path']
2026-08-06 20:38:01,720 - INFO - Setting 'dummy_cat_selection' updated and saved
2026-08-06 20:38:01,720 - DEBUG - SET setting 'dummy_alarm_enabled': True (previous: True)
2026-08-06 20:38:01,720 - DEBUG - Attempting to save 41 settings to: C:\Users\user\OneDrive\Desktop\DiscordQuestManager\version 1.1.0\dist\DiscordQuestManager-data\settings.json
2026-08-06 20:38:01,720 - INFO - Successfully saved settings to file
2026-08-06 20:38:01,720 - DEBUG - Saved settings keys: ['theme', 'custom_duration', 'remember_duration', 'minimize_to_tray', 'auto_clean_on_exit', 'discord_auto_open', 'multi_quest_limit', 'dummy_cat_selection', 'dummy_alarm_enabled', 'dummy_alarm_type', 'dummy_alarm_sound_path', 'dummy_alarm_volume', 'custom_base', 'custom_mantle', 'custom_surface', 'custom_surface0', 'custom_surface1', 'custom_surface2', 'custom_text', 'custom_subtext0', 'custom_subtext1', 'custom_overlay0', 'custom_overlay1', 'custom_overlay2', 'custom_blue', 'custom_lavender', 'custom_sapphire', 'custom_sky', 'custom_teal', 'custom_green', 'custom_yellow', 'custom_peach', 'custom_maroon', 'custom_red', 'custom_mauve', 'custom_pink', 'custom_flamingo', 'custom_rosewater', 'auto_check_updates', 'exe_creation_path', 'data_folder_path']
2026-08-06 20:38:01,721 - INFO - Setting 'dummy_alarm_enabled' updated and saved
2026-08-06 20:38:01,721 - DEBUG - SET setting 'dummy_alarm_type': custom (previous: default)
2026-08-06 20:38:01,721 - DEBUG - Attempting to save 41 settings to: C:\Users\user\OneDrive\Desktop\DiscordQuestManager\version 1.1.0\dist\DiscordQuestManager-data\settings.json
2026-08-06 20:38:01,721 - INFO - Successfully saved settings to file
2026-08-06 20:38:01,721 - DEBUG - Saved settings keys: ['theme', 'custom_duration', 'remember_duration', 'minimize_to_tray', 'auto_clean_on_exit', 'discord_auto_open', 'multi_quest_limit', 'dummy_cat_selection', 'dummy_alarm_enabled', 'dummy_alarm_type', 'dummy_alarm_sound_path', 'dummy_alarm_volume', 'custom_base', 'custom_mantle', 'custom_surface', 'custom_surface0', 'custom_surface1', 'custom_surface2', 'custom_text', 'custom_subtext0', 'custom_subtext1', 'custom_overlay0', 'custom_overlay1', 'custom_overlay2', 'custom_blue', 'custom_lavender', 'custom_sapphire', 'custom_sky', 'custom_teal', 'custom_green', 'custom_yellow', 'custom_peach', 'custom_maroon', 'custom_red', 'custom_mauve', 'custom_pink', 'custom_flamingo', 'custom_rosewater', 'auto_check_updates', 'exe_creation_path', 'data_folder_path']
2026-08-06 20:38:01,721 - INFO - Setting 'dummy_alarm_type' updated and saved
2026-08-06 20:38:01,721 - DEBUG - SET setting 'dummy_alarm_sound_path': C:/Users/user/Downloads/image/fahhhhhhhhhhhhhh.mp3 (previous: )
2026-08-06 20:38:01,721 - DEBUG - Attempting to save 41 settings to: C:\Users\user\OneDrive\Desktop\DiscordQuestManager\version 1.1.0\dist\DiscordQuestManager-data\settings.json
2026-08-06 20:38:01,730 - INFO - Successfully saved settings to file
2026-08-06 20:38:01,730 - DEBUG - Saved settings keys: ['theme', 'custom_duration', 'remember_duration', 'minimize_to_tray', 'auto_clean_on_exit', 'discord_auto_open', 'multi_quest_limit', 'dummy_cat_selection', 'dummy_alarm_enabled', 'dummy_alarm_type', 'dummy_alarm_sound_path', 'dummy_alarm_volume', 'custom_base', 'custom_mantle', 'custom_surface', 'custom_surface0', 'custom_surface1', 'custom_surface2', 'custom_text', 'custom_subtext0', 'custom_subtext1', 'custom_overlay0', 'custom_overlay1', 'custom_overlay2', 'custom_blue', 'custom_lavender', 'custom_sapphire', 'custom_sky', 'custom_teal', 'custom_green', 'custom_yellow', 'custom_peach', 'custom_maroon', 'custom_red', 'custom_mauve', 'custom_pink', 'custom_flamingo', 'custom_rosewater', 'auto_check_updates', 'exe_creation_path', 'data_folder_path']
2026-08-06 20:38:01,730 - INFO - Setting 'dummy_alarm_sound_path' updated and saved
2026-08-06 20:38:01,730 - DEBUG - SET setting 'dummy_alarm_volume': 100 (previous: 100)
2026-08-06 20:38:01,730 - DEBUG - Attempting to save 41 settings to: C:\Users\user\OneDrive\Desktop\DiscordQuestManager\version 1.1.0\dist\DiscordQuestManager-data\settings.json
2026-08-06 20:38:01,738 - INFO - Successfully saved settings to file
2026-08-06 20:38:01,738 - DEBUG - Saved settings keys: ['theme', 'custom_duration', 'remember_duration', 'minimize_to_tray', 'auto_clean_on_exit', 'discord_auto_open', 'multi_quest_limit', 'dummy_cat_selection', 'dummy_alarm_enabled', 'dummy_alarm_type', 'dummy_alarm_sound_path', 'dummy_alarm_volume', 'custom_base', 'custom_mantle', 'custom_surface', 'custom_surface0', 'custom_surface1', 'custom_surface2', 'custom_text', 'custom_subtext0', 'custom_subtext1', 'custom_overlay0', 'custom_overlay1', 'custom_overlay2', 'custom_blue', 'custom_lavender', 'custom_sapphire', 'custom_sky', 'custom_teal', 'custom_green', 'custom_yellow', 'custom_peach', 'custom_maroon', 'custom_red', 'custom_mauve', 'custom_pink', 'custom_flamingo', 'custom_rosewater', 'auto_check_updates', 'exe_creation_path', 'data_folder_path']
2026-08-06 20:38:01,738 - INFO - Setting 'dummy_alarm_volume' updated and saved
2026-08-06 20:38:01,738 - DEBUG - SET setting 'exe_creation_path':  (previous: )
2026-08-06 20:38:01,738 - DEBUG - Attempting to save 41 settings to: C:\Users\user\OneDrive\Desktop\DiscordQuestManager\version 1.1.0\dist\DiscordQuestManager-data\settings.json
2026-08-06 20:38:01,738 - INFO - Successfully saved settings to file
2026-08-06 20:38:01,739 - DEBUG - Saved settings keys: ['theme', 'custom_duration', 'remember_duration', 'minimize_to_tray', 'auto_clean_on_exit', 'discord_auto_open', 'multi_quest_limit', 'dummy_cat_selection', 'dummy_alarm_enabled', 'dummy_alarm_type', 'dummy_alarm_sound_path', 'dummy_alarm_volume', 'custom_base', 'custom_mantle', 'custom_surface', 'custom_surface0', 'custom_surface1', 'custom_surface2', 'custom_text', 'custom_subtext0', 'custom_subtext1', 'custom_overlay0', 'custom_overlay1', 'custom_overlay2', 'custom_blue', 'custom_lavender', 'custom_sapphire', 'custom_sky', 'custom_teal', 'custom_green', 'custom_yellow', 'custom_peach', 'custom_maroon', 'custom_red', 'custom_mauve', 'custom_pink', 'custom_flamingo', 'custom_rosewater', 'auto_check_updates', 'exe_creation_path', 'data_folder_path']
2026-08-06 20:38:01,739 - INFO - Setting 'exe_creation_path' updated and saved
2026-08-06 20:38:01,739 - DEBUG - SET setting 'data_folder_path':  (previous: )
2026-08-06 20:38:01,739 - DEBUG - Attempting to save 41 settings to: C:\Users\user\OneDrive\Desktop\DiscordQuestManager\version 1.1.0\dist\DiscordQuestManager-data\settings.json
2026-08-06 20:38:01,739 - INFO - Successfully saved settings to file
2026-08-06 20:38:01,739 - DEBUG - Saved settings keys: ['theme', 'custom_duration', 'remember_duration', 'minimize_to_tray', 'auto_clean_on_exit', 'discord_auto_open', 'multi_quest_limit', 'dummy_cat_selection', 'dummy_alarm_enabled', 'dummy_alarm_type', 'dummy_alarm_sound_path', 'dummy_alarm_volume', 'custom_base', 'custom_mantle', 'custom_surface', 'custom_surface0', 'custom_surface1', 'custom_surface2', 'custom_text', 'custom_subtext0', 'custom_subtext1', 'custom_overlay0', 'custom_overlay1', 'custom_overlay2', 'custom_blue', 'custom_lavender', 'custom_sapphire', 'custom_sky', 'custom_teal', 'custom_green', 'custom_yellow', 'custom_peach', 'custom_maroon', 'custom_red', 'custom_mauve', 'custom_pink', 'custom_flamingo', 'custom_rosewater', 'auto_check_updates', 'exe_creation_path', 'data_folder_path']
2026-08-06 20:38:01,739 - INFO - Setting 'data_folder_path' updated and saved
2026-08-06 20:38:01,740 - DEBUG - SET setting 'custom_base': #1e1e2e (previous: #1e1e2e)
2026-08-06 20:38:01,740 - DEBUG - Attempting to save 41 settings to: C:\Users\user\OneDrive\Desktop\DiscordQuestManager\version 1.1.0\dist\DiscordQuestManager-data\settings.json
2026-08-06 20:38:01,740 - INFO - Successfully saved settings to file
2026-08-06 20:38:01,740 - DEBUG - Saved settings keys: ['theme', 'custom_duration', 'remember_duration', 'minimize_to_tray', 'auto_clean_on_exit', 'discord_auto_open', 'multi_quest_limit', 'dummy_cat_selection', 'dummy_alarm_enabled', 'dummy_alarm_type', 'dummy_alarm_sound_path', 'dummy_alarm_volume', 'custom_base', 'custom_mantle', 'custom_surface', 'custom_surface0', 'custom_surface1', 'custom_surface2', 'custom_text', 'custom_subtext0', 'custom_subtext1', 'custom_overlay0', 'custom_overlay1', 'custom_overlay2', 'custom_blue', 'custom_lavender', 'custom_sapphire', 'custom_sky', 'custom_teal', 'custom_green', 'custom_yellow', 'custom_peach', 'custom_maroon', 'custom_red', 'custom_mauve', 'custom_pink', 'custom_flamingo', 'custom_rosewater', 'auto_check_updates', 'exe_creation_path', 'data_folder_path']
2026-08-06 20:38:01,740 - INFO - Setting 'custom_base' updated and saved
2026-08-06 20:38:01,741 - DEBUG - SET setting 'custom_mantle': #181825 (previous: #181825)
2026-08-06 20:38:01,741 - DEBUG - Attempting to save 41 settings to: C:\Users\user\OneDrive\Desktop\DiscordQuestManager\version 1.1.0\dist\DiscordQuestManager-data\settings.json
2026-08-06 20:38:01,741 - INFO - Successfully saved settings to file
2026-08-06 20:38:01,741 - DEBUG - Saved settings keys: ['theme', 'custom_duration', 'remember_duration', 'minimize_to_tray', 'auto_clean_on_exit', 'discord_auto_open', 'multi_quest_limit', 'dummy_cat_selection', 'dummy_alarm_enabled', 'dummy_alarm_type', 'dummy_alarm_sound_path', 'dummy_alarm_volume', 'custom_base', 'custom_mantle', 'custom_surface', 'custom_surface0', 'custom_surface1', 'custom_surface2', 'custom_text', 'custom_subtext0', 'custom_subtext1', 'custom_overlay0', 'custom_overlay1', 'custom_overlay2', 'custom_blue', 'custom_lavender', 'custom_sapphire', 'custom_sky', 'custom_teal', 'custom_green', 'custom_yellow', 'custom_peach', 'custom_maroon', 'custom_red', 'custom_mauve', 'custom_pink', 'custom_flamingo', 'custom_rosewater', 'auto_check_updates', 'exe_creation_path', 'data_folder_path']
2026-08-06 20:38:01,741 - INFO - Setting 'custom_mantle' updated and saved
2026-08-06 20:38:01,741 - DEBUG - SET setting 'custom_surface': #313244 (previous: #313244)
2026-08-06 20:38:01,741 - DEBUG - Attempting to save 41 settings to: C:\Users\user\OneDrive\Desktop\DiscordQuestManager\version 1.1.0\dist\DiscordQuestManager-data\settings.json
2026-08-06 20:38:01,742 - INFO - Successfully saved settings to file
2026-08-06 20:38:01,742 - DEBUG - Saved settings keys: ['theme', 'custom_duration', 'remember_duration', 'minimize_to_tray', 'auto_clean_on_exit', 'discord_auto_open', 'multi_quest_limit', 'dummy_cat_selection', 'dummy_alarm_enabled', 'dummy_alarm_type', 'dummy_alarm_sound_path', 'dummy_alarm_volume', 'custom_base', 'custom_mantle', 'custom_surface', 'custom_surface0', 'custom_surface1', 'custom_surface2', 'custom_text', 'custom_subtext0', 'custom_subtext1', 'custom_overlay0', 'custom_overlay1', 'custom_overlay2', 'custom_blue', 'custom_lavender', 'custom_sapphire', 'custom_sky', 'custom_teal', 'custom_green', 'custom_yellow', 'custom_peach', 'custom_maroon', 'custom_red', 'custom_mauve', 'custom_pink', 'custom_flamingo', 'custom_rosewater', 'auto_check_updates', 'exe_creation_path', 'data_folder_path']
2026-08-06 20:38:01,742 - INFO - Setting 'custom_surface' updated and saved
2026-08-06 20:38:01,742 - DEBUG - SET setting 'custom_surface0': #45475a (previous: #45475a)
2026-08-06 20:38:01,742 - DEBUG - Attempting to save 41 settings to: C:\Users\user\OneDrive\Desktop\DiscordQuestManager\version 1.1.0\dist\DiscordQuestManager-data\settings.json
2026-08-06 20:38:01,743 - INFO - Successfully saved settings to file
2026-08-06 20:38:01,743 - DEBUG - Saved settings keys: ['theme', 'custom_duration', 'remember_duration', 'minimize_to_tray', 'auto_clean_on_exit', 'discord_auto_open', 'multi_quest_limit', 'dummy_cat_selection', 'dummy_alarm_enabled', 'dummy_alarm_type', 'dummy_alarm_sound_path', 'dummy_alarm_volume', 'custom_base', 'custom_mantle', 'custom_surface', 'custom_surface0', 'custom_surface1', 'custom_surface2', 'custom_text', 'custom_subtext0', 'custom_subtext1', 'custom_overlay0', 'custom_overlay1', 'custom_overlay2', 'custom_blue', 'custom_lavender', 'custom_sapphire', 'custom_sky', 'custom_teal', 'custom_green', 'custom_yellow', 'custom_peach', 'custom_maroon', 'custom_red', 'custom_mauve', 'custom_pink', 'custom_flamingo', 'custom_rosewater', 'auto_check_updates', 'exe_creation_path', 'data_folder_path']
2026-08-06 20:38:01,743 - INFO - Setting 'custom_surface0' updated and saved
2026-08-06 20:38:01,743 - DEBUG - SET setting 'custom_surface1': #585b70 (previous: #585b70)
2026-08-06 20:38:01,743 - DEBUG - Attempting to save 41 settings to: C:\Users\user\OneDrive\Desktop\DiscordQuestManager\version 1.1.0\dist\DiscordQuestManager-data\settings.json
2026-08-06 20:38:01,744 - INFO - Successfully saved settings to file
2026-08-06 20:38:01,744 - DEBUG - Saved settings keys: ['theme', 'custom_duration', 'remember_duration', 'minimize_to_tray', 'auto_clean_on_exit', 'discord_auto_open', 'multi_quest_limit', 'dummy_cat_selection', 'dummy_alarm_enabled', 'dummy_alarm_type', 'dummy_alarm_sound_path', 'dummy_alarm_volume', 'custom_base', 'custom_mantle', 'custom_surface', 'custom_surface0', 'custom_surface1', 'custom_surface2', 'custom_text', 'custom_subtext0', 'custom_subtext1', 'custom_overlay0', 'custom_overlay1', 'custom_overlay2', 'custom_blue', 'custom_lavender', 'custom_sapphire', 'custom_sky', 'custom_teal', 'custom_green', 'custom_yellow', 'custom_peach', 'custom_maroon', 'custom_red', 'custom_mauve', 'custom_pink', 'custom_flamingo', 'custom_rosewater', 'auto_check_updates', 'exe_creation_path', 'data_folder_path']
2026-08-06 20:38:01,744 - INFO - Setting 'custom_surface1' updated and saved
2026-08-06 20:38:01,744 - DEBUG - SET setting 'custom_surface2': #45475a (previous: #45475a)
2026-08-06 20:38:01,744 - DEBUG - Attempting to save 41 settings to: C:\Users\user\OneDrive\Desktop\DiscordQuestManager\version 1.1.0\dist\DiscordQuestManager-data\settings.json
2026-08-06 20:38:01,745 - INFO - Successfully saved settings to file
2026-08-06 20:38:01,745 - DEBUG - Saved settings keys: ['theme', 'custom_duration', 'remember_duration', 'minimize_to_tray', 'auto_clean_on_exit', 'discord_auto_open', 'multi_quest_limit', 'dummy_cat_selection', 'dummy_alarm_enabled', 'dummy_alarm_type', 'dummy_alarm_sound_path', 'dummy_alarm_volume', 'custom_base', 'custom_mantle', 'custom_surface', 'custom_surface0', 'custom_surface1', 'custom_surface2', 'custom_text', 'custom_subtext0', 'custom_subtext1', 'custom_overlay0', 'custom_overlay1', 'custom_overlay2', 'custom_blue', 'custom_lavender', 'custom_sapphire', 'custom_sky', 'custom_teal', 'custom_green', 'custom_yellow', 'custom_peach', 'custom_maroon', 'custom_red', 'custom_mauve', 'custom_pink', 'custom_flamingo', 'custom_rosewater', 'auto_check_updates', 'exe_creation_path', 'data_folder_path']
2026-08-06 20:38:01,745 - INFO - Setting 'custom_surface2' updated and saved
2026-08-06 20:38:01,745 - DEBUG - SET setting 'custom_text': #cdd6f4 (previous: #cdd6f4)
2026-08-06 20:38:01,745 - DEBUG - Attempting to save 41 settings to: C:\Users\user\OneDrive\Desktop\DiscordQuestManager\version 1.1.0\dist\DiscordQuestManager-data\settings.json
2026-08-06 20:38:01,745 - INFO - Successfully saved settings to file
2026-08-06 20:38:01,745 - DEBUG - Saved settings keys: ['theme', 'custom_duration', 'remember_duration', 'minimize_to_tray', 'auto_clean_on_exit', 'discord_auto_open', 'multi_quest_limit', 'dummy_cat_selection', 'dummy_alarm_enabled', 'dummy_alarm_type', 'dummy_alarm_sound_path', 'dummy_alarm_volume', 'custom_base', 'custom_mantle', 'custom_surface', 'custom_surface0', 'custom_surface1', 'custom_surface2', 'custom_text', 'custom_subtext0', 'custom_subtext1', 'custom_overlay0', 'custom_overlay1', 'custom_overlay2', 'custom_blue', 'custom_lavender', 'custom_sapphire', 'custom_sky', 'custom_teal', 'custom_green', 'custom_yellow', 'custom_peach', 'custom_maroon', 'custom_red', 'custom_mauve', 'custom_pink', 'custom_flamingo', 'custom_rosewater', 'auto_check_updates', 'exe_creation_path', 'data_folder_path']
2026-08-06 20:38:01,745 - INFO - Setting 'custom_text' updated and saved
2026-08-06 20:38:01,745 - DEBUG - SET setting 'custom_subtext0': #a6adc8 (previous: #a6adc8)
2026-08-06 20:38:01,745 - DEBUG - Attempting to save 41 settings to: C:\Users\user\OneDrive\Desktop\DiscordQuestManager\version 1.1.0\dist\DiscordQuestManager-data\settings.json
2026-08-06 20:38:01,745 - INFO - Successfully saved settings to file
2026-08-06 20:38:01,746 - DEBUG - Saved settings keys: ['theme', 'custom_duration', 'remember_duration', 'minimize_to_tray', 'auto_clean_on_exit', 'discord_auto_open', 'multi_quest_limit', 'dummy_cat_selection', 'dummy_alarm_enabled', 'dummy_alarm_type', 'dummy_alarm_sound_path', 'dummy_alarm_volume', 'custom_base', 'custom_mantle', 'custom_surface', 'custom_surface0', 'custom_surface1', 'custom_surface2', 'custom_text', 'custom_subtext0', 'custom_subtext1', 'custom_overlay0', 'custom_overlay1', 'custom_overlay2', 'custom_blue', 'custom_lavender', 'custom_sapphire', 'custom_sky', 'custom_teal', 'custom_green', 'custom_yellow', 'custom_peach', 'custom_maroon', 'custom_red', 'custom_mauve', 'custom_pink', 'custom_flamingo', 'custom_rosewater', 'auto_check_updates', 'exe_creation_path', 'data_folder_path']
2026-08-06 20:38:01,746 - INFO - Setting 'custom_subtext0' updated and saved
2026-08-06 20:38:01,746 - DEBUG - SET setting 'custom_subtext1': #bac2de (previous: #bac2de)
2026-08-06 20:38:01,746 - DEBUG - Attempting to save 41 settings to: C:\Users\user\OneDrive\Desktop\DiscordQuestManager\version 1.1.0\dist\DiscordQuestManager-data\settings.json
2026-08-06 20:38:01,746 - INFO - Successfully saved settings to file
2026-08-06 20:38:01,746 - DEBUG - Saved settings keys: ['theme', 'custom_duration', 'remember_duration', 'minimize_to_tray', 'auto_clean_on_exit', 'discord_auto_open', 'multi_quest_limit', 'dummy_cat_selection', 'dummy_alarm_enabled', 'dummy_alarm_type', 'dummy_alarm_sound_path', 'dummy_alarm_volume', 'custom_base', 'custom_mantle', 'custom_surface', 'custom_surface0', 'custom_surface1', 'custom_surface2', 'custom_text', 'custom_subtext0', 'custom_subtext1', 'custom_overlay0', 'custom_overlay1', 'custom_overlay2', 'custom_blue', 'custom_lavender', 'custom_sapphire', 'custom_sky', 'custom_teal', 'custom_green', 'custom_yellow', 'custom_peach', 'custom_maroon', 'custom_red', 'custom_mauve', 'custom_pink', 'custom_flamingo', 'custom_rosewater', 'auto_check_updates', 'exe_creation_path', 'data_folder_path']
2026-08-06 20:38:01,746 - INFO - Setting 'custom_subtext1' updated and saved
2026-08-06 20:38:01,746 - DEBUG - SET setting 'custom_overlay0': #6c7086 (previous: #6c7086)
2026-08-06 20:38:01,746 - DEBUG - Attempting to save 41 settings to: C:\Users\user\OneDrive\Desktop\DiscordQuestManager\version 1.1.0\dist\DiscordQuestManager-data\settings.json
2026-08-06 20:38:01,747 - INFO - Successfully saved settings to file
2026-08-06 20:38:01,747 - DEBUG - Saved settings keys: ['theme', 'custom_duration', 'remember_duration', 'minimize_to_tray', 'auto_clean_on_exit', 'discord_auto_open', 'multi_quest_limit', 'dummy_cat_selection', 'dummy_alarm_enabled', 'dummy_alarm_type', 'dummy_alarm_sound_path', 'dummy_alarm_volume', 'custom_base', 'custom_mantle', 'custom_surface', 'custom_surface0', 'custom_surface1', 'custom_surface2', 'custom_text', 'custom_subtext0', 'custom_subtext1', 'custom_overlay0', 'custom_overlay1', 'custom_overlay2', 'custom_blue', 'custom_lavender', 'custom_sapphire', 'custom_sky', 'custom_teal', 'custom_green', 'custom_yellow', 'custom_peach', 'custom_maroon', 'custom_red', 'custom_mauve', 'custom_pink', 'custom_flamingo', 'custom_rosewater', 'auto_check_updates', 'exe_creation_path', 'data_folder_path']
2026-08-06 20:38:01,747 - INFO - Setting 'custom_overlay0' updated and saved
2026-08-06 20:38:01,747 - DEBUG - SET setting 'custom_overlay1': #7f849c (previous: #7f849c)
2026-08-06 20:38:01,747 - DEBUG - Attempting to save 41 settings to: C:\Users\user\OneDrive\Desktop\DiscordQuestManager\version 1.1.0\dist\DiscordQuestManager-data\settings.json
2026-08-06 20:38:01,747 - INFO - Successfully saved settings to file
2026-08-06 20:38:01,747 - DEBUG - Saved settings keys: ['theme', 'custom_duration', 'remember_duration', 'minimize_to_tray', 'auto_clean_on_exit', 'discord_auto_open', 'multi_quest_limit', 'dummy_cat_selection', 'dummy_alarm_enabled', 'dummy_alarm_type', 'dummy_alarm_sound_path', 'dummy_alarm_volume', 'custom_base', 'custom_mantle', 'custom_surface', 'custom_surface0', 'custom_surface1', 'custom_surface2', 'custom_text', 'custom_subtext0', 'custom_subtext1', 'custom_overlay0', 'custom_overlay1', 'custom_overlay2', 'custom_blue', 'custom_lavender', 'custom_sapphire', 'custom_sky', 'custom_teal', 'custom_green', 'custom_yellow', 'custom_peach', 'custom_maroon', 'custom_red', 'custom_mauve', 'custom_pink', 'custom_flamingo', 'custom_rosewater', 'auto_check_updates', 'exe_creation_path', 'data_folder_path']
2026-08-06 20:38:01,747 - INFO - Setting 'custom_overlay1' updated and saved
2026-08-06 20:38:01,747 - DEBUG - SET setting 'custom_overlay2': #9399b2 (previous: #9399b2)
2026-08-06 20:38:01,747 - DEBUG - Attempting to save 41 settings to: C:\Users\user\OneDrive\Desktop\DiscordQuestManager\version 1.1.0\dist\DiscordQuestManager-data\settings.json
2026-08-06 20:38:01,748 - INFO - Successfully saved settings to file
2026-08-06 20:38:01,748 - DEBUG - Saved settings keys: ['theme', 'custom_duration', 'remember_duration', 'minimize_to_tray', 'auto_clean_on_exit', 'discord_auto_open', 'multi_quest_limit', 'dummy_cat_selection', 'dummy_alarm_enabled', 'dummy_alarm_type', 'dummy_alarm_sound_path', 'dummy_alarm_volume', 'custom_base', 'custom_mantle', 'custom_surface', 'custom_surface0', 'custom_surface1', 'custom_surface2', 'custom_text', 'custom_subtext0', 'custom_subtext1', 'custom_overlay0', 'custom_overlay1', 'custom_overlay2', 'custom_blue', 'custom_lavender', 'custom_sapphire', 'custom_sky', 'custom_teal', 'custom_green', 'custom_yellow', 'custom_peach', 'custom_maroon', 'custom_red', 'custom_mauve', 'custom_pink', 'custom_flamingo', 'custom_rosewater', 'auto_check_updates', 'exe_creation_path', 'data_folder_path']
2026-08-06 20:38:01,748 - INFO - Setting 'custom_overlay2' updated and saved
2026-08-06 20:38:01,748 - DEBUG - SET setting 'custom_blue': #89b4fa (previous: #89b4fa)
2026-08-06 20:38:01,748 - DEBUG - Attempting to save 41 settings to: C:\Users\user\OneDrive\Desktop\DiscordQuestManager\version 1.1.0\dist\DiscordQuestManager-data\settings.json
2026-08-06 20:38:01,749 - INFO - Successfully saved settings to file
2026-08-06 20:38:01,749 - DEBUG - Saved settings keys: ['theme', 'custom_duration', 'remember_duration', 'minimize_to_tray', 'auto_clean_on_exit', 'discord_auto_open', 'multi_quest_limit', 'dummy_cat_selection', 'dummy_alarm_enabled', 'dummy_alarm_type', 'dummy_alarm_sound_path', 'dummy_alarm_volume', 'custom_base', 'custom_mantle', 'custom_surface', 'custom_surface0', 'custom_surface1', 'custom_surface2', 'custom_text', 'custom_subtext0', 'custom_subtext1', 'custom_overlay0', 'custom_overlay1', 'custom_overlay2', 'custom_blue', 'custom_lavender', 'custom_sapphire', 'custom_sky', 'custom_teal', 'custom_green', 'custom_yellow', 'custom_peach', 'custom_maroon', 'custom_red', 'custom_mauve', 'custom_pink', 'custom_flamingo', 'custom_rosewater', 'auto_check_updates', 'exe_creation_path', 'data_folder_path']
2026-08-06 20:38:01,749 - INFO - Setting 'custom_blue' updated and saved
2026-08-06 20:38:01,749 - DEBUG - SET setting 'custom_lavender': #b4befe (previous: #b4befe)
2026-08-06 20:38:01,749 - DEBUG - Attempting to save 41 settings to: C:\Users\user\OneDrive\Desktop\DiscordQuestManager\version 1.1.0\dist\DiscordQuestManager-data\settings.json
2026-08-06 20:38:01,750 - INFO - Successfully saved settings to file
2026-08-06 20:38:01,750 - DEBUG - Saved settings keys: ['theme', 'custom_duration', 'remember_duration', 'minimize_to_tray', 'auto_clean_on_exit', 'discord_auto_open', 'multi_quest_limit', 'dummy_cat_selection', 'dummy_alarm_enabled', 'dummy_alarm_type', 'dummy_alarm_sound_path', 'dummy_alarm_volume', 'custom_base', 'custom_mantle', 'custom_surface', 'custom_surface0', 'custom_surface1', 'custom_surface2', 'custom_text', 'custom_subtext0', 'custom_subtext1', 'custom_overlay0', 'custom_overlay1', 'custom_overlay2', 'custom_blue', 'custom_lavender', 'custom_sapphire', 'custom_sky', 'custom_teal', 'custom_green', 'custom_yellow', 'custom_peach', 'custom_maroon', 'custom_red', 'custom_mauve', 'custom_pink', 'custom_flamingo', 'custom_rosewater', 'auto_check_updates', 'exe_creation_path', 'data_folder_path']
2026-08-06 20:38:01,750 - INFO - Setting 'custom_lavender' updated and saved
2026-08-06 20:38:01,750 - DEBUG - SET setting 'custom_sapphire': #74c7ec (previous: #74c7ec)
2026-08-06 20:38:01,750 - DEBUG - Attempting to save 41 settings to: C:\Users\user\OneDrive\Desktop\DiscordQuestManager\version 1.1.0\dist\DiscordQuestManager-data\settings.json
2026-08-06 20:38:01,751 - INFO - Successfully saved settings to file
2026-08-06 20:38:01,751 - DEBUG - Saved settings keys: ['theme', 'custom_duration', 'remember_duration', 'minimize_to_tray', 'auto_clean_on_exit', 'discord_auto_open', 'multi_quest_limit', 'dummy_cat_selection', 'dummy_alarm_enabled', 'dummy_alarm_type', 'dummy_alarm_sound_path', 'dummy_alarm_volume', 'custom_base', 'custom_mantle', 'custom_surface', 'custom_surface0', 'custom_surface1', 'custom_surface2', 'custom_text', 'custom_subtext0', 'custom_subtext1', 'custom_overlay0', 'custom_overlay1', 'custom_overlay2', 'custom_blue', 'custom_lavender', 'custom_sapphire', 'custom_sky', 'custom_teal', 'custom_green', 'custom_yellow', 'custom_peach', 'custom_maroon', 'custom_red', 'custom_mauve', 'custom_pink', 'custom_flamingo', 'custom_rosewater', 'auto_check_updates', 'exe_creation_path', 'data_folder_path']
2026-08-06 20:38:01,751 - INFO - Setting 'custom_sapphire' updated and saved
2026-08-06 20:38:01,751 - DEBUG - SET setting 'custom_sky': #89dceb (previous: #89dceb)
2026-08-06 20:38:01,751 - DEBUG - Attempting to save 41 settings to: C:\Users\user\OneDrive\Desktop\DiscordQuestManager\version 1.1.0\dist\DiscordQuestManager-data\settings.json
2026-08-06 20:38:01,751 - INFO - Successfully saved settings to file
2026-08-06 20:38:01,752 - DEBUG - Saved settings keys: ['theme', 'custom_duration', 'remember_duration', 'minimize_to_tray', 'auto_clean_on_exit', 'discord_auto_open', 'multi_quest_limit', 'dummy_cat_selection', 'dummy_alarm_enabled', 'dummy_alarm_type', 'dummy_alarm_sound_path', 'dummy_alarm_volume', 'custom_base', 'custom_mantle', 'custom_surface', 'custom_surface0', 'custom_surface1', 'custom_surface2', 'custom_text', 'custom_subtext0', 'custom_subtext1', 'custom_overlay0', 'custom_overlay1', 'custom_overlay2', 'custom_blue', 'custom_lavender', 'custom_sapphire', 'custom_sky', 'custom_teal', 'custom_green', 'custom_yellow', 'custom_peach', 'custom_maroon', 'custom_red', 'custom_mauve', 'custom_pink', 'custom_flamingo', 'custom_rosewater', 'auto_check_updates', 'exe_creation_path', 'data_folder_path']
2026-08-06 20:38:01,752 - INFO - Setting 'custom_sky' updated and saved
2026-08-06 20:38:01,752 - DEBUG - SET setting 'custom_teal': #94e2d5 (previous: #94e2d5)
2026-08-06 20:38:01,752 - DEBUG - Attempting to save 41 settings to: C:\Users\user\OneDrive\Desktop\DiscordQuestManager\version 1.1.0\dist\DiscordQuestManager-data\settings.json
2026-08-06 20:38:01,752 - INFO - Successfully saved settings to file
2026-08-06 20:38:01,752 - DEBUG - Saved settings keys: ['theme', 'custom_duration', 'remember_duration', 'minimize_to_tray', 'auto_clean_on_exit', 'discord_auto_open', 'multi_quest_limit', 'dummy_cat_selection', 'dummy_alarm_enabled', 'dummy_alarm_type', 'dummy_alarm_sound_path', 'dummy_alarm_volume', 'custom_base', 'custom_mantle', 'custom_surface', 'custom_surface0', 'custom_surface1', 'custom_surface2', 'custom_text', 'custom_subtext0', 'custom_subtext1', 'custom_overlay0', 'custom_overlay1', 'custom_overlay2', 'custom_blue', 'custom_lavender', 'custom_sapphire', 'custom_sky', 'custom_teal', 'custom_green', 'custom_yellow', 'custom_peach', 'custom_maroon', 'custom_red', 'custom_mauve', 'custom_pink', 'custom_flamingo', 'custom_rosewater', 'auto_check_updates', 'exe_creation_path', 'data_folder_path']
2026-08-06 20:38:01,752 - INFO - Setting 'custom_teal' updated and saved
2026-08-06 20:38:01,752 - DEBUG - SET setting 'custom_green': #a6e3a1 (previous: #a6e3a1)
2026-08-06 20:38:01,752 - DEBUG - Attempting to save 41 settings to: C:\Users\user\OneDrive\Desktop\DiscordQuestManager\version 1.1.0\dist\DiscordQuestManager-data\settings.json
2026-08-06 20:38:01,753 - INFO - Successfully saved settings to file
2026-08-06 20:38:01,753 - DEBUG - Saved settings keys: ['theme', 'custom_duration', 'remember_duration', 'minimize_to_tray', 'auto_clean_on_exit', 'discord_auto_open', 'multi_quest_limit', 'dummy_cat_selection', 'dummy_alarm_enabled', 'dummy_alarm_type', 'dummy_alarm_sound_path', 'dummy_alarm_volume', 'custom_base', 'custom_mantle', 'custom_surface', 'custom_surface0', 'custom_surface1', 'custom_surface2', 'custom_text', 'custom_subtext0', 'custom_subtext1', 'custom_overlay0', 'custom_overlay1', 'custom_overlay2', 'custom_blue', 'custom_lavender', 'custom_sapphire', 'custom_sky', 'custom_teal', 'custom_green', 'custom_yellow', 'custom_peach', 'custom_maroon', 'custom_red', 'custom_mauve', 'custom_pink', 'custom_flamingo', 'custom_rosewater', 'auto_check_updates', 'exe_creation_path', 'data_folder_path']
2026-08-06 20:38:01,753 - INFO - Setting 'custom_green' updated and saved
2026-08-06 20:38:01,753 - DEBUG - SET setting 'custom_yellow': #f9e2af (previous: #f9e2af)
2026-08-06 20:38:01,753 - DEBUG - Attempting to save 41 settings to: C:\Users\user\OneDrive\Desktop\DiscordQuestManager\version 1.1.0\dist\DiscordQuestManager-data\settings.json
2026-08-06 20:38:01,801 - INFO - Successfully saved settings to file
2026-08-06 20:38:01,802 - DEBUG - Saved settings keys: ['theme', 'custom_duration', 'remember_duration', 'minimize_to_tray', 'auto_clean_on_exit', 'discord_auto_open', 'multi_quest_limit', 'dummy_cat_selection', 'dummy_alarm_enabled', 'dummy_alarm_type', 'dummy_alarm_sound_path', 'dummy_alarm_volume', 'custom_base', 'custom_mantle', 'custom_surface', 'custom_surface0', 'custom_surface1', 'custom_surface2', 'custom_text', 'custom_subtext0', 'custom_subtext1', 'custom_overlay0', 'custom_overlay1', 'custom_overlay2', 'custom_blue', 'custom_lavender', 'custom_sapphire', 'custom_sky', 'custom_teal', 'custom_green', 'custom_yellow', 'custom_peach', 'custom_maroon', 'custom_red', 'custom_mauve', 'custom_pink', 'custom_flamingo', 'custom_rosewater', 'auto_check_updates', 'exe_creation_path', 'data_folder_path']
2026-08-06 20:38:01,802 - INFO - Setting 'custom_yellow' updated and saved
2026-08-06 20:38:01,802 - DEBUG - SET setting 'custom_peach': #fab387 (previous: #fab387)
2026-08-06 20:38:01,802 - DEBUG - Attempting to save 41 settings to: C:\Users\user\OneDrive\Desktop\DiscordQuestManager\version 1.1.0\dist\DiscordQuestManager-data\settings.json
2026-08-06 20:38:01,802 - INFO - Successfully saved settings to file
2026-08-06 20:38:01,802 - DEBUG - Saved settings keys: ['theme', 'custom_duration', 'remember_duration', 'minimize_to_tray', 'auto_clean_on_exit', 'discord_auto_open', 'multi_quest_limit', 'dummy_cat_selection', 'dummy_alarm_enabled', 'dummy_alarm_type', 'dummy_alarm_sound_path', 'dummy_alarm_volume', 'custom_base', 'custom_mantle', 'custom_surface', 'custom_surface0', 'custom_surface1', 'custom_surface2', 'custom_text', 'custom_subtext0', 'custom_subtext1', 'custom_overlay0', 'custom_overlay1', 'custom_overlay2', 'custom_blue', 'custom_lavender', 'custom_sapphire', 'custom_sky', 'custom_teal', 'custom_green', 'custom_yellow', 'custom_peach', 'custom_maroon', 'custom_red', 'custom_mauve', 'custom_pink', 'custom_flamingo', 'custom_rosewater', 'auto_check_updates', 'exe_creation_path', 'data_folder_path']
2026-08-06 20:38:01,802 - INFO - Setting 'custom_peach' updated and saved
2026-08-06 20:38:01,802 - DEBUG - SET setting 'custom_maroon': #eba0ac (previous: #eba0ac)
2026-08-06 20:38:01,802 - DEBUG - Attempting to save 41 settings to: C:\Users\user\OneDrive\Desktop\DiscordQuestManager\version 1.1.0\dist\DiscordQuestManager-data\settings.json
2026-08-06 20:38:01,803 - INFO - Successfully saved settings to file
2026-08-06 20:38:01,803 - DEBUG - Saved settings keys: ['theme', 'custom_duration', 'remember_duration', 'minimize_to_tray', 'auto_clean_on_exit', 'discord_auto_open', 'multi_quest_limit', 'dummy_cat_selection', 'dummy_alarm_enabled', 'dummy_alarm_type', 'dummy_alarm_sound_path', 'dummy_alarm_volume', 'custom_base', 'custom_mantle', 'custom_surface', 'custom_surface0', 'custom_surface1', 'custom_surface2', 'custom_text', 'custom_subtext0', 'custom_subtext1', 'custom_overlay0', 'custom_overlay1', 'custom_overlay2', 'custom_blue', 'custom_lavender', 'custom_sapphire', 'custom_sky', 'custom_teal', 'custom_green', 'custom_yellow', 'custom_peach', 'custom_maroon', 'custom_red', 'custom_mauve', 'custom_pink', 'custom_flamingo', 'custom_rosewater', 'auto_check_updates', 'exe_creation_path', 'data_folder_path']
2026-08-06 20:38:01,803 - INFO - Setting 'custom_maroon' updated and saved
2026-08-06 20:38:01,803 - DEBUG - SET setting 'custom_red': #f38ba8 (previous: #f38ba8)
2026-08-06 20:38:01,803 - DEBUG - Attempting to save 41 settings to: C:\Users\user\OneDrive\Desktop\DiscordQuestManager\version 1.1.0\dist\DiscordQuestManager-data\settings.json
2026-08-06 20:38:01,804 - INFO - Successfully saved settings to file
2026-08-06 20:38:01,804 - DEBUG - Saved settings keys: ['theme', 'custom_duration', 'remember_duration', 'minimize_to_tray', 'auto_clean_on_exit', 'discord_auto_open', 'multi_quest_limit', 'dummy_cat_selection', 'dummy_alarm_enabled', 'dummy_alarm_type', 'dummy_alarm_sound_path', 'dummy_alarm_volume', 'custom_base', 'custom_mantle', 'custom_surface', 'custom_surface0', 'custom_surface1', 'custom_surface2', 'custom_text', 'custom_subtext0', 'custom_subtext1', 'custom_overlay0', 'custom_overlay1', 'custom_overlay2', 'custom_blue', 'custom_lavender', 'custom_sapphire', 'custom_sky', 'custom_teal', 'custom_green', 'custom_yellow', 'custom_peach', 'custom_maroon', 'custom_red', 'custom_mauve', 'custom_pink', 'custom_flamingo', 'custom_rosewater', 'auto_check_updates', 'exe_creation_path', 'data_folder_path']
2026-08-06 20:38:01,804 - INFO - Setting 'custom_red' updated and saved
2026-08-06 20:38:01,804 - DEBUG - SET setting 'custom_mauve': #cba6f7 (previous: #cba6f7)
2026-08-06 20:38:01,804 - DEBUG - Attempting to save 41 settings to: C:\Users\user\OneDrive\Desktop\DiscordQuestManager\version 1.1.0\dist\DiscordQuestManager-data\settings.json
2026-08-06 20:38:01,804 - INFO - Successfully saved settings to file
2026-08-06 20:38:01,804 - DEBUG - Saved settings keys: ['theme', 'custom_duration', 'remember_duration', 'minimize_to_tray', 'auto_clean_on_exit', 'discord_auto_open', 'multi_quest_limit', 'dummy_cat_selection', 'dummy_alarm_enabled', 'dummy_alarm_type', 'dummy_alarm_sound_path', 'dummy_alarm_volume', 'custom_base', 'custom_mantle', 'custom_surface', 'custom_surface0', 'custom_surface1', 'custom_surface2', 'custom_text', 'custom_subtext0', 'custom_subtext1', 'custom_overlay0', 'custom_overlay1', 'custom_overlay2', 'custom_blue', 'custom_lavender', 'custom_sapphire', 'custom_sky', 'custom_teal', 'custom_green', 'custom_yellow', 'custom_peach', 'custom_maroon', 'custom_red', 'custom_mauve', 'custom_pink', 'custom_flamingo', 'custom_rosewater', 'auto_check_updates', 'exe_creation_path', 'data_folder_path']
2026-08-06 20:38:01,805 - INFO - Setting 'custom_mauve' updated and saved
2026-08-06 20:38:01,805 - DEBUG - SET setting 'custom_pink': #f5c2e7 (previous: #f5c2e7)
2026-08-06 20:38:01,805 - DEBUG - Attempting to save 41 settings to: C:\Users\user\OneDrive\Desktop\DiscordQuestManager\version 1.1.0\dist\DiscordQuestManager-data\settings.json
2026-08-06 20:38:01,805 - INFO - Successfully saved settings to file
2026-08-06 20:38:01,805 - DEBUG - Saved settings keys: ['theme', 'custom_duration', 'remember_duration', 'minimize_to_tray', 'auto_clean_on_exit', 'discord_auto_open', 'multi_quest_limit', 'dummy_cat_selection', 'dummy_alarm_enabled', 'dummy_alarm_type', 'dummy_alarm_sound_path', 'dummy_alarm_volume', 'custom_base', 'custom_mantle', 'custom_surface', 'custom_surface0', 'custom_surface1', 'custom_surface2', 'custom_text', 'custom_subtext0', 'custom_subtext1', 'custom_overlay0', 'custom_overlay1', 'custom_overlay2', 'custom_blue', 'custom_lavender', 'custom_sapphire', 'custom_sky', 'custom_teal', 'custom_green', 'custom_yellow', 'custom_peach', 'custom_maroon', 'custom_red', 'custom_mauve', 'custom_pink', 'custom_flamingo', 'custom_rosewater', 'auto_check_updates', 'exe_creation_path', 'data_folder_path']
2026-08-06 20:38:01,806 - INFO - Setting 'custom_pink' updated and saved
2026-08-06 20:38:01,806 - DEBUG - SET setting 'custom_flamingo': #f2cdcd (previous: #f2cdcd)
2026-08-06 20:38:01,806 - DEBUG - Attempting to save 41 settings to: C:\Users\user\OneDrive\Desktop\DiscordQuestManager\version 1.1.0\dist\DiscordQuestManager-data\settings.json
2026-08-06 20:38:01,806 - INFO - Successfully saved settings to file
2026-08-06 20:38:01,806 - DEBUG - Saved settings keys: ['theme', 'custom_duration', 'remember_duration', 'minimize_to_tray', 'auto_clean_on_exit', 'discord_auto_open', 'multi_quest_limit', 'dummy_cat_selection', 'dummy_alarm_enabled', 'dummy_alarm_type', 'dummy_alarm_sound_path', 'dummy_alarm_volume', 'custom_base', 'custom_mantle', 'custom_surface', 'custom_surface0', 'custom_surface1', 'custom_surface2', 'custom_text', 'custom_subtext0', 'custom_subtext1', 'custom_overlay0', 'custom_overlay1', 'custom_overlay2', 'custom_blue', 'custom_lavender', 'custom_sapphire', 'custom_sky', 'custom_teal', 'custom_green', 'custom_yellow', 'custom_peach', 'custom_maroon', 'custom_red', 'custom_mauve', 'custom_pink', 'custom_flamingo', 'custom_rosewater', 'auto_check_updates', 'exe_creation_path', 'data_folder_path']
2026-08-06 20:38:01,806 - INFO - Setting 'custom_flamingo' updated and saved
2026-08-06 20:38:01,806 - DEBUG - SET setting 'custom_rosewater': #f5e0dc (previous: #f5e0dc)
2026-08-06 20:38:01,806 - DEBUG - Attempting to save 41 settings to: C:\Users\user\OneDrive\Desktop\DiscordQuestManager\version 1.1.0\dist\DiscordQuestManager-data\settings.json
2026-08-06 20:38:01,807 - INFO - Successfully saved settings to file
2026-08-06 20:38:01,807 - DEBUG - Saved settings keys: ['theme', 'custom_duration', 'remember_duration', 'minimize_to_tray', 'auto_clean_on_exit', 'discord_auto_open', 'multi_quest_limit', 'dummy_cat_selection', 'dummy_alarm_enabled', 'dummy_alarm_type', 'dummy_alarm_sound_path', 'dummy_alarm_volume', 'custom_base', 'custom_mantle', 'custom_surface', 'custom_surface0', 'custom_surface1', 'custom_surface2', 'custom_text', 'custom_subtext0', 'custom_subtext1', 'custom_overlay0', 'custom_overlay1', 'custom_overlay2', 'custom_blue', 'custom_lavender', 'custom_sapphire', 'custom_sky', 'custom_teal', 'custom_green', 'custom_yellow', 'custom_peach', 'custom_maroon', 'custom_red', 'custom_mauve', 'custom_pink', 'custom_flamingo', 'custom_rosewater', 'auto_check_updates', 'exe_creation_path', 'data_folder_path']
2026-08-06 20:38:01,807 - INFO - Setting 'custom_rosewater' updated and saved
2026-08-06 20:38:01,807 - DEBUG - GET setting 'custom_duration': 1 (default: 15)
2026-08-06 20:38:01,807 - DEBUG - GET setting 'multi_quest_limit': 0 (default: 0)
2026-08-06 20:38:01,807 - DEBUG - GET setting 'remember_duration': True (default: True)
2026-08-06 20:38:01,807 - DEBUG - GET setting 'minimize_to_tray': False (default: False)
2026-08-06 20:38:01,807 - DEBUG - GET setting 'auto_clean_on_exit': False (default: True)
2026-08-06 20:38:01,807 - DEBUG - GET setting 'discord_auto_open': True (default: True)
2026-08-06 20:38:01,807 - DEBUG - GET setting 'auto_check_updates': False (default: True)
2026-08-06 20:38:01,807 - DEBUG - GET setting 'dummy_cat_selection': Cat-3 (default: Cat-1)
2026-08-06 20:38:01,807 - DEBUG - GET setting 'exe_creation_path':  (default: )
2026-08-06 20:38:01,807 - DEBUG - GET setting 'data_folder_path':  (default: )
2026-08-06 20:38:01,807 - INFO - Settings saved successfully
2026-08-06 20:38:04,701 - DEBUG - STREAM b'IHDR' 16 13
2026-08-06 20:38:04,702 - DEBUG - STREAM b'sRGB' 41 1
2026-08-06 20:38:04,702 - DEBUG - STREAM b'IDAT' 54 65204
2026-08-06 20:38:12,267 - DEBUG - STREAM b'IHDR' 16 13
2026-08-06 20:38:12,267 - DEBUG - STREAM b'pHYs' 41 9
2026-08-06 20:38:12,267 - DEBUG - STREAM b'tEXt' 62 25
2026-08-06 20:38:12,267 - DEBUG - STREAM b'IDAT' 99 8192
2026-08-06 20:38:12,271 - DEBUG - STREAM b'IHDR' 16 13
2026-08-06 20:38:12,271 - DEBUG - STREAM b'pHYs' 41 9
2026-08-06 20:38:12,271 - DEBUG - STREAM b'tEXt' 62 25
2026-08-06 20:38:12,271 - DEBUG - STREAM b'IDAT' 99 8192
2026-08-06 20:38:12,274 - DEBUG - STREAM b'IHDR' 16 13
2026-08-06 20:38:12,274 - DEBUG - STREAM b'pHYs' 41 9
2026-08-06 20:38:12,274 - DEBUG - STREAM b'tEXt' 62 25
2026-08-06 20:38:12,274 - DEBUG - STREAM b'IDAT' 99 8192
2026-08-06 20:38:16,388 - DEBUG - GET setting 'auto_clean_on_exit': False (default: True)
2026-08-06 20:38:19,850 - INFO - Settings dialog logging initialized
2026-08-06 20:38:19,913 - DEBUG - Running in frozen mode, base_dir: C:\Users\user\OneDrive\Desktop\DiscordQuestManager\version 1.1.0\dist
2026-08-06 20:38:19,913 - DEBUG - Settings file path: C:\Users\user\OneDrive\Desktop\DiscordQuestManager\version 1.1.0\dist\DiscordQuestManager-data\settings.json
2026-08-06 20:38:19,913 - INFO - Settings file path: C:\Users\user\OneDrive\Desktop\DiscordQuestManager\version 1.1.0\dist\DiscordQuestManager-data\settings.json
2026-08-06 20:38:19,913 - DEBUG - Loaded default settings with 38 keys
2026-08-06 20:38:19,913 - DEBUG - Attempting to load settings from: C:\Users\user\OneDrive\Desktop\DiscordQuestManager\version 1.1.0\dist\DiscordQuestManager-data\settings.json
2026-08-06 20:38:19,914 - INFO - Successfully loaded 41 settings from file
2026-08-06 20:38:19,914 - DEBUG - Loaded settings keys: ['theme', 'custom_duration', 'remember_duration', 'minimize_to_tray', 'auto_clean_on_exit', 'discord_auto_open', 'multi_quest_limit', 'dummy_cat_selection', 'dummy_alarm_enabled', 'dummy_alarm_type', 'dummy_alarm_sound_path', 'dummy_alarm_volume', 'custom_base', 'custom_mantle', 'custom_surface', 'custom_surface0', 'custom_surface1', 'custom_surface2', 'custom_text', 'custom_subtext0', 'custom_subtext1', 'custom_overlay0', 'custom_overlay1', 'custom_overlay2', 'custom_blue', 'custom_lavender', 'custom_sapphire', 'custom_sky', 'custom_teal', 'custom_green', 'custom_yellow', 'custom_peach', 'custom_maroon', 'custom_red', 'custom_mauve', 'custom_pink', 'custom_flamingo', 'custom_rosewater', 'auto_check_updates', 'exe_creation_path', 'data_folder_path']
2026-08-06 20:38:19,914 - DEBUG - Updated settings, now have 41 total keys
2026-08-06 20:38:19,914 - INFO - SettingsManager initialized with 41 total settings
2026-08-06 20:38:19,915 - INFO - Loaded 26 colors from mocha.json
2026-08-06 20:38:19,915 - DEBUG - GET setting 'theme': custom (default: mocha)
2026-08-06 20:38:19,915 - DEBUG - GET_ALL: Returning 41 settings
2026-08-06 20:38:19,915 - DEBUG - GET setting 'custom_duration': 1 (default: None)
2026-08-06 20:38:19,915 - DEBUG - GET setting 'custom_base': #1e1e2e (default: None)
2026-08-06 20:38:19,915 - DEBUG - GET setting 'custom_mantle': #181825 (default: None)
2026-08-06 20:38:19,915 - DEBUG - GET setting 'custom_surface': #313244 (default: None)
2026-08-06 20:38:19,915 - DEBUG - GET setting 'custom_surface0': #45475a (default: None)
2026-08-06 20:38:19,915 - DEBUG - GET setting 'custom_surface1': #585b70 (default: None)
2026-08-06 20:38:19,915 - DEBUG - GET setting 'custom_surface2': #45475a (default: None)
2026-08-06 20:38:19,915 - DEBUG - GET setting 'custom_text': #cdd6f4 (default: None)
2026-08-06 20:38:19,915 - DEBUG - GET setting 'custom_subtext0': #a6adc8 (default: None)
2026-08-06 20:38:19,915 - DEBUG - GET setting 'custom_subtext1': #bac2de (default: None)
2026-08-06 20:38:19,915 - DEBUG - GET setting 'custom_overlay0': #6c7086 (default: None)
2026-08-06 20:38:19,915 - DEBUG - GET setting 'custom_overlay1': #7f849c (default: None)
2026-08-06 20:38:19,915 - DEBUG - GET setting 'custom_overlay2': #9399b2 (default: None)
2026-08-06 20:38:19,915 - DEBUG - GET setting 'custom_blue': #89b4fa (default: None)
2026-08-06 20:38:19,915 - DEBUG - GET setting 'custom_lavender': #b4befe (default: None)
2026-08-06 20:38:19,915 - DEBUG - GET setting 'custom_sapphire': #74c7ec (default: None)
2026-08-06 20:38:19,915 - DEBUG - GET setting 'custom_sky': #89dceb (default: None)
2026-08-06 20:38:19,915 - DEBUG - GET setting 'custom_teal': #94e2d5 (default: None)
2026-08-06 20:38:19,915 - DEBUG - GET setting 'custom_green': #a6e3a1 (default: None)
2026-08-06 20:38:19,915 - DEBUG - GET setting 'custom_yellow': #f9e2af (default: None)
2026-08-06 20:38:19,915 - DEBUG - GET setting 'custom_peach': #fab387 (default: None)
2026-08-06 20:38:19,915 - DEBUG - GET setting 'custom_maroon': #eba0ac (default: None)
2026-08-06 20:38:19,915 - DEBUG - GET setting 'custom_red': #f38ba8 (default: None)
2026-08-06 20:38:19,915 - DEBUG - GET setting 'custom_mauve': #cba6f7 (default: None)
2026-08-06 20:38:19,915 - DEBUG - GET setting 'custom_pink': #f5c2e7 (default: None)
2026-08-06 20:38:19,915 - DEBUG - GET setting 'custom_flamingo': #f2cdcd (default: None)
2026-08-06 20:38:19,915 - DEBUG - GET setting 'custom_rosewater': #f5e0dc (default: None)
2026-08-06 20:38:19,915 - INFO - set_theme called with theme: custom, custom_colors: True
2026-08-06 20:38:19,915 - INFO - Setting custom theme with 27 colors
2026-08-06 20:38:19,916 - INFO - Saved custom theme to C:\Users\user\AppData\Local\Temp\_MEI87002\core\themes\custom.json
2026-08-06 20:38:19,916 - INFO - Theme set to: custom with 27 colors
2026-08-06 20:38:19,916 - WARNING - No theme change callback registered
2026-08-06 20:38:19,916 - DEBUG - GET setting 'custom_duration': 1 (default: 15)
2026-08-06 20:38:19,916 - DEBUG - GET setting 'multi_quest_limit': 0 (default: 0)
2026-08-06 20:38:19,916 - DEBUG - GET setting 'remember_duration': True (default: True)
2026-08-06 20:38:19,916 - DEBUG - GET setting 'minimize_to_tray': False (default: False)
2026-08-06 20:38:19,916 - DEBUG - GET setting 'auto_clean_on_exit': False (default: True)
2026-08-06 20:38:19,916 - DEBUG - GET setting 'discord_auto_open': True (default: True)
2026-08-06 20:38:19,916 - DEBUG - GET setting 'auto_check_updates': False (default: True)
2026-08-06 20:38:19,916 - DEBUG - GET setting 'dummy_cat_selection': Cat-3 (default: Cat-1)
2026-08-06 20:38:19,916 - DEBUG - GET setting 'exe_creation_path':  (default: )
2026-08-06 20:38:19,916 - DEBUG - GET setting 'data_folder_path':  (default: )
2026-08-06 20:38:19,920 - DEBUG - Importing PngImagePlugin
2026-08-06 20:38:19,926 - DEBUG - STREAM b'IHDR' 16 13
2026-08-06 20:38:19,926 - DEBUG - STREAM b'pHYs' 41 9
2026-08-06 20:38:19,926 - DEBUG - STREAM b'tEXt' 62 25
2026-08-06 20:38:19,927 - DEBUG - STREAM b'IDAT' 99 8192
2026-08-06 20:38:19,939 - DEBUG - STREAM b'IHDR' 16 13
2026-08-06 20:38:19,939 - DEBUG - STREAM b'pHYs' 41 9
2026-08-06 20:38:19,939 - DEBUG - STREAM b'tEXt' 62 25
2026-08-06 20:38:19,939 - DEBUG - STREAM b'IDAT' 99 8192
2026-08-06 20:38:19,946 - DEBUG - STREAM b'IHDR' 16 13
2026-08-06 20:38:19,946 - DEBUG - STREAM b'pHYs' 41 9
2026-08-06 20:38:19,947 - DEBUG - STREAM b'tEXt' 62 25
2026-08-06 20:38:19,947 - DEBUG - STREAM b'IDAT' 99 8192
2026-08-06 20:38:19,954 - DEBUG - STREAM b'IHDR' 16 13
2026-08-06 20:38:19,954 - DEBUG - STREAM b'pHYs' 41 9
2026-08-06 20:38:19,954 - DEBUG - STREAM b'tEXt' 62 25
2026-08-06 20:38:19,954 - DEBUG - STREAM b'IDAT' 99 8192
2026-08-06 20:38:20,014 - DEBUG - STREAM b'IHDR' 16 13
2026-08-06 20:38:20,014 - DEBUG - STREAM b'pHYs' 41 9
2026-08-06 20:38:20,014 - DEBUG - STREAM b'tEXt' 62 25
2026-08-06 20:38:20,014 - DEBUG - STREAM b'IDAT' 99 8192
2026-08-06 20:38:20,066 - DEBUG - STREAM b'IHDR' 16 13
2026-08-06 20:38:20,066 - DEBUG - STREAM b'sBIT' 41 4
2026-08-06 20:38:20,066 - DEBUG - b'sBIT' 41 4 (unknown)
2026-08-06 20:38:20,066 - DEBUG - STREAM b'pHYs' 57 9
2026-08-06 20:38:20,066 - DEBUG - STREAM b'tEXt' 78 25
2026-08-06 20:38:20,066 - DEBUG - STREAM b'IDAT' 115 8192
2026-08-06 20:38:20,071 - DEBUG - STREAM b'IHDR' 16 13
2026-08-06 20:38:20,071 - DEBUG - STREAM b'sBIT' 41 4
2026-08-06 20:38:20,071 - DEBUG - b'sBIT' 41 4 (unknown)
2026-08-06 20:38:20,071 - DEBUG - STREAM b'pHYs' 57 9
2026-08-06 20:38:20,071 - DEBUG - STREAM b'tEXt' 78 25
2026-08-06 20:38:20,071 - DEBUG - STREAM b'IDAT' 115 7260
2026-08-06 20:38:20,158 - DEBUG - STREAM b'IHDR' 16 13
2026-08-06 20:38:20,158 - DEBUG - STREAM b'pHYs' 41 9
2026-08-06 20:38:20,158 - DEBUG - STREAM b'tEXt' 62 25
2026-08-06 20:38:20,158 - DEBUG - STREAM b'IDAT' 99 8192
2026-08-06 20:38:20,210 - DEBUG - STREAM b'IHDR' 16 13
2026-08-06 20:38:20,210 - DEBUG - STREAM b'sBIT' 41 4
2026-08-06 20:38:20,210 - DEBUG - b'sBIT' 41 4 (unknown)
2026-08-06 20:38:20,210 - DEBUG - STREAM b'pHYs' 57 9
2026-08-06 20:38:20,210 - DEBUG - STREAM b'tEXt' 78 25
2026-08-06 20:38:20,210 - DEBUG - STREAM b'IDAT' 115 8192
2026-08-06 20:38:20,214 - DEBUG - STREAM b'IHDR' 16 13
2026-08-06 20:38:20,214 - DEBUG - STREAM b'sRGB' 41 1
2026-08-06 20:38:20,214 - DEBUG - STREAM b'IDAT' 54 719
2026-08-06 20:38:20,291 - DEBUG - Importing AvifImagePlugin
2026-08-06 20:38:20,295 - DEBUG - Importing BlpImagePlugin
2026-08-06 20:38:20,297 - DEBUG - Importing BmpImagePlugin
2026-08-06 20:38:20,297 - DEBUG - Importing BufrStubImagePlugin
2026-08-06 20:38:20,298 - DEBUG - Importing CurImagePlugin
2026-08-06 20:38:20,299 - DEBUG - Importing DcxImagePlugin
2026-08-06 20:38:20,302 - DEBUG - Importing DdsImagePlugin
2026-08-06 20:38:20,314 - DEBUG - Importing EpsImagePlugin
2026-08-06 20:38:20,319 - DEBUG - Importing FitsImagePlugin
2026-08-06 20:38:20,325 - DEBUG - Importing FliImagePlugin
2026-08-06 20:38:20,327 - DEBUG - Importing FpxImagePlugin
2026-08-06 20:38:20,329 - DEBUG - Image: failed to import FpxImagePlugin: No module named 'olefile'
2026-08-06 20:38:20,330 - DEBUG - Importing FtexImagePlugin
2026-08-06 20:38:20,332 - DEBUG - Importing GbrImagePlugin
2026-08-06 20:38:20,334 - DEBUG - Importing GifImagePlugin
2026-08-06 20:38:20,335 - DEBUG - Importing GribStubImagePlugin
2026-08-06 20:38:20,337 - DEBUG - Importing Hdf5StubImagePlugin
2026-08-06 20:38:20,341 - DEBUG - Importing IcnsImagePlugin
2026-08-06 20:38:20,349 - DEBUG - Importing IcoImagePlugin
2026-08-06 20:38:20,352 - DEBUG - Importing ImImagePlugin
2026-08-06 20:38:20,355 - DEBUG - Importing ImtImagePlugin
2026-08-06 20:38:20,357 - DEBUG - Importing IptcImagePlugin
2026-08-06 20:38:20,358 - DEBUG - Importing JpegImagePlugin
2026-08-06 20:38:20,358 - DEBUG - Importing Jpeg2KImagePlugin
2026-08-06 20:38:20,358 - DEBUG - Importing McIdasImagePlugin
2026-08-06 20:38:20,360 - DEBUG - Importing MicImagePlugin
2026-08-06 20:38:20,362 - DEBUG - Image: failed to import MicImagePlugin: No module named 'olefile'
2026-08-06 20:38:20,362 - DEBUG - Importing MpegImagePlugin
2026-08-06 20:38:20,363 - DEBUG - Importing MpoImagePlugin
2026-08-06 20:38:20,369 - DEBUG - Importing MspImagePlugin
2026-08-06 20:38:20,370 - DEBUG - Importing PalmImagePlugin
2026-08-06 20:38:20,372 - DEBUG - Importing PcdImagePlugin
2026-08-06 20:38:20,373 - DEBUG - Importing PcxImagePlugin
2026-08-06 20:38:20,373 - DEBUG - Importing PdfImagePlugin
2026-08-06 20:38:20,383 - DEBUG - Importing PixarImagePlugin
2026-08-06 20:38:20,384 - DEBUG - Importing PngImagePlugin
2026-08-06 20:38:20,384 - DEBUG - Importing PpmImagePlugin
2026-08-06 20:38:20,384 - DEBUG - Importing PsdImagePlugin
2026-08-06 20:38:20,384 - DEBUG - Importing QoiImagePlugin
2026-08-06 20:38:20,385 - DEBUG - Importing SgiImagePlugin
2026-08-06 20:38:20,385 - DEBUG - Importing SpiderImagePlugin
2026-08-06 20:38:20,385 - DEBUG - Importing SunImagePlugin
2026-08-06 20:38:20,386 - DEBUG - Importing TgaImagePlugin
2026-08-06 20:38:20,386 - DEBUG - Importing TiffImagePlugin
2026-08-06 20:38:20,386 - DEBUG - Importing WebPImagePlugin
2026-08-06 20:38:20,388 - DEBUG - Importing WmfImagePlugin
2026-08-06 20:38:20,389 - DEBUG - Importing XbmImagePlugin
2026-08-06 20:38:20,389 - DEBUG - Importing XpmImagePlugin
2026-08-06 20:38:20,390 - DEBUG - Importing XVThumbImagePlugin
2026-08-06 20:39:07,286 - DEBUG - STREAM b'IHDR' 16 13
2026-08-06 20:39:07,286 - DEBUG - STREAM b'pHYs' 41 9
2026-08-06 20:39:07,286 - DEBUG - STREAM b'tEXt' 62 25
2026-08-06 20:39:07,286 - DEBUG - STREAM b'IDAT' 99 8192
2026-08-06 20:39:07,293 - DEBUG - STREAM b'IHDR' 16 13
2026-08-06 20:39:07,293 - DEBUG - STREAM b'pHYs' 41 9
2026-08-06 20:39:07,293 - DEBUG - STREAM b'tEXt' 62 25
2026-08-06 20:39:07,293 - DEBUG - STREAM b'IDAT' 99 8192
2026-08-06 20:39:07,297 - DEBUG - STREAM b'IHDR' 16 13
2026-08-06 20:39:07,297 - DEBUG - STREAM b'pHYs' 41 9
2026-08-06 20:39:07,297 - DEBUG - STREAM b'tEXt' 62 25
2026-08-06 20:39:07,298 - DEBUG - STREAM b'IDAT' 99 8192
2026-08-06 20:39:08,694 - DEBUG - STREAM b'IHDR' 16 13
2026-08-06 20:39:08,694 - DEBUG - STREAM b'sRGB' 41 1
2026-08-06 20:39:08,694 - DEBUG - STREAM b'IDAT' 54 65204
2026-08-06 20:39:08,998 - INFO - Created fake executable: C:\Users\user\OneDrive\Desktop\DiscordQuestManager\version 1.1.0\dist\somewhere in the shadow.exe from C:\Users\user\OneDrive\Desktop\DiscordQuestManager\version 1.1.0\dist\DiscordQuestManager.exe
2026-08-06 20:39:11,595 - INFO - Settings dialog logging initialized
2026-08-06 20:39:11,904 - DEBUG - Importing PngImagePlugin
2026-08-06 20:39:11,913 - DEBUG - STREAM b'IHDR' 16 13
2026-08-06 20:39:11,913 - DEBUG - STREAM b'pHYs' 41 9
2026-08-06 20:39:11,913 - DEBUG - STREAM b'tEXt' 62 25
2026-08-06 20:39:11,913 - DEBUG - STREAM b'IDAT' 99 8192
2026-08-06 20:39:22,630 - DEBUG - STREAM b'IHDR' 16 13
2026-08-06 20:39:22,631 - DEBUG - STREAM b'pHYs' 41 9
2026-08-06 20:39:22,631 - DEBUG - STREAM b'tEXt' 62 25
2026-08-06 20:39:22,631 - DEBUG - STREAM b'IDAT' 99 8192
2026-08-06 20:39:22,730 - DEBUG - STREAM b'IHDR' 16 13
2026-08-06 20:39:22,730 - DEBUG - STREAM b'pHYs' 41 9
2026-08-06 20:39:22,730 - DEBUG - STREAM b'tEXt' 62 25
2026-08-06 20:39:22,730 - DEBUG - STREAM b'IDAT' 99 8192
2026-08-06 20:40:57,954 - DEBUG - GET setting 'auto_clean_on_exit': False (default: True)
2026-08-06 21:18:01,910 - INFO - Settings dialog logging initialized
2026-08-06 21:18:01,978 - DEBUG - Running in frozen mode, base_dir: C:\Users\user\OneDrive\Desktop\DiscordQuestManager\version 1.1.0\dist
2026-08-06 21:18:01,978 - DEBUG - Settings file path: C:\Users\user\OneDrive\Desktop\DiscordQuestManager\version 1.1.0\dist\DiscordQuestManager-data\settings.json
2026-08-06 21:18:01,978 - INFO - Settings file path: C:\Users\user\OneDrive\Desktop\DiscordQuestManager\version 1.1.0\dist\DiscordQuestManager-data\settings.json
2026-08-06 21:18:01,978 - DEBUG - Loaded default settings with 38 keys
2026-08-06 21:18:01,978 - DEBUG - Attempting to load settings from: C:\Users\user\OneDrive\Desktop\DiscordQuestManager\version 1.1.0\dist\DiscordQuestManager-data\settings.json
2026-08-06 21:18:01,987 - INFO - Successfully loaded 41 settings from file
2026-08-06 21:18:01,987 - DEBUG - Loaded settings keys: ['theme', 'custom_duration', 'remember_duration', 'minimize_to_tray', 'auto_clean_on_exit', 'discord_auto_open', 'multi_quest_limit', 'dummy_cat_selection', 'dummy_alarm_enabled', 'dummy_alarm_type', 'dummy_alarm_sound_path', 'dummy_alarm_volume', 'custom_base', 'custom_mantle', 'custom_surface', 'custom_surface0', 'custom_surface1', 'custom_surface2', 'custom_text', 'custom_subtext0', 'custom_subtext1', 'custom_overlay0', 'custom_overlay1', 'custom_overlay2', 'custom_blue', 'custom_lavender', 'custom_sapphire', 'custom_sky', 'custom_teal', 'custom_green', 'custom_yellow', 'custom_peach', 'custom_maroon', 'custom_red', 'custom_mauve', 'custom_pink', 'custom_flamingo', 'custom_rosewater', 'auto_check_updates', 'exe_creation_path', 'data_folder_path']
2026-08-06 21:18:01,987 - DEBUG - Updated settings, now have 41 total keys
2026-08-06 21:18:01,987 - INFO - SettingsManager initialized with 41 total settings
2026-08-06 21:18:01,988 - INFO - Loaded 26 colors from mocha.json
2026-08-06 21:18:01,988 - DEBUG - GET setting 'theme': custom (default: mocha)
2026-08-06 21:18:01,988 - DEBUG - GET_ALL: Returning 41 settings
2026-08-06 21:18:01,988 - DEBUG - GET setting 'custom_duration': 1 (default: None)
2026-08-06 21:18:01,988 - DEBUG - GET setting 'custom_base': #1e1e2e (default: None)
2026-08-06 21:18:01,988 - DEBUG - GET setting 'custom_mantle': #181825 (default: None)
2026-08-06 21:18:01,989 - DEBUG - GET setting 'custom_surface': #313244 (default: None)
2026-08-06 21:18:01,989 - DEBUG - GET setting 'custom_surface0': #45475a (default: None)
2026-08-06 21:18:01,989 - DEBUG - GET setting 'custom_surface1': #585b70 (default: None)
2026-08-06 21:18:01,989 - DEBUG - GET setting 'custom_surface2': #45475a (default: None)
2026-08-06 21:18:01,989 - DEBUG - GET setting 'custom_text': #cdd6f4 (default: None)
2026-08-06 21:18:01,989 - DEBUG - GET setting 'custom_subtext0': #a6adc8 (default: None)
2026-08-06 21:18:01,989 - DEBUG - GET setting 'custom_subtext1': #bac2de (default: None)
2026-08-06 21:18:01,989 - DEBUG - GET setting 'custom_overlay0': #6c7086 (default: None)
2026-08-06 21:18:01,989 - DEBUG - GET setting 'custom_overlay1': #7f849c (default: None)
2026-08-06 21:18:01,989 - DEBUG - GET setting 'custom_overlay2': #9399b2 (default: None)
2026-08-06 21:18:01,989 - DEBUG - GET setting 'custom_blue': #89b4fa (default: None)
2026-08-06 21:18:01,989 - DEBUG - GET setting 'custom_lavender': #b4befe (default: None)
2026-08-06 21:18:01,989 - DEBUG - GET setting 'custom_sapphire': #74c7ec (default: None)
2026-08-06 21:18:01,989 - DEBUG - GET setting 'custom_sky': #89dceb (default: None)
2026-08-06 21:18:01,989 - DEBUG - GET setting 'custom_teal': #94e2d5 (default: None)
2026-08-06 21:18:01,989 - DEBUG - GET setting 'custom_green': #a6e3a1 (default: None)
2026-08-06 21:18:01,989 - DEBUG - GET setting 'custom_yellow': #f9e2af (default: None)
2026-08-06 21:18:01,989 - DEBUG - GET setting 'custom_peach': #fab387 (default: None)
2026-08-06 21:18:01,989 - DEBUG - GET setting 'custom_maroon': #eba0ac (default: None)
2026-08-06 21:18:01,989 - DEBUG - GET setting 'custom_red': #f38ba8 (default: None)
2026-08-06 21:18:01,989 - DEBUG - GET setting 'custom_mauve': #cba6f7 (default: None)
2026-08-06 21:18:01,989 - DEBUG - GET setting 'custom_pink': #f5c2e7 (default: None)
2026-08-06 21:18:01,989 - DEBUG - GET setting 'custom_flamingo': #f2cdcd (default: None)
2026-08-06 21:18:01,989 - DEBUG - GET setting 'custom_rosewater': #f5e0dc (default: None)
2026-08-06 21:18:01,989 - INFO - set_theme called with theme: custom, custom_colors: True
2026-08-06 21:18:01,989 - INFO - Setting custom theme with 27 colors
2026-08-06 21:18:01,989 - INFO - Saved custom theme to C:\Users\user\AppData\Local\Temp\_MEI57682\core\themes\custom.json
2026-08-06 21:18:01,989 - INFO - Theme set to: custom with 27 colors
2026-08-06 21:18:01,989 - WARNING - No theme change callback registered
2026-08-06 21:18:01,989 - DEBUG - GET setting 'custom_duration': 1 (default: 15)
2026-08-06 21:18:01,989 - DEBUG - GET setting 'multi_quest_limit': 0 (default: 0)
2026-08-06 21:18:01,989 - DEBUG - GET setting 'remember_duration': True (default: True)
2026-08-06 21:18:01,989 - DEBUG - GET setting 'minimize_to_tray': False (default: False)
2026-08-06 21:18:01,990 - DEBUG - GET setting 'auto_clean_on_exit': False (default: True)
2026-08-06 21:18:01,990 - DEBUG - GET setting 'discord_auto_open': True (default: True)
2026-08-06 21:18:01,990 - DEBUG - GET setting 'auto_check_updates': False (default: True)
2026-08-06 21:18:01,990 - DEBUG - GET setting 'dummy_cat_selection': Cat-3 (default: Cat-1)
2026-08-06 21:18:01,990 - DEBUG - GET setting 'exe_creation_path':  (default: )
2026-08-06 21:18:01,990 - DEBUG - GET setting 'data_folder_path':  (default: )
2026-08-06 21:18:01,995 - DEBUG - Importing PngImagePlugin
2026-08-06 21:18:02,000 - DEBUG - STREAM b'IHDR' 16 13
2026-08-06 21:18:02,000 - DEBUG - STREAM b'pHYs' 41 9
2026-08-06 21:18:02,001 - DEBUG - STREAM b'tEXt' 62 25
2026-08-06 21:18:02,001 - DEBUG - STREAM b'IDAT' 99 8192
2026-08-06 21:18:02,009 - DEBUG - STREAM b'IHDR' 16 13
2026-08-06 21:18:02,009 - DEBUG - STREAM b'pHYs' 41 9
2026-08-06 21:18:02,009 - DEBUG - STREAM b'tEXt' 62 25
2026-08-06 21:18:02,009 - DEBUG - STREAM b'IDAT' 99 8192
2026-08-06 21:18:02,013 - DEBUG - STREAM b'IHDR' 16 13
2026-08-06 21:18:02,013 - DEBUG - STREAM b'pHYs' 41 9
2026-08-06 21:18:02,013 - DEBUG - STREAM b'tEXt' 62 25
2026-08-06 21:18:02,013 - DEBUG - STREAM b'IDAT' 99 8192
2026-08-06 21:18:02,017 - DEBUG - STREAM b'IHDR' 16 13
2026-08-06 21:18:02,017 - DEBUG - STREAM b'pHYs' 41 9
2026-08-06 21:18:02,017 - DEBUG - STREAM b'tEXt' 62 25
2026-08-06 21:18:02,017 - DEBUG - STREAM b'IDAT' 99 8192
2026-08-06 21:18:02,073 - DEBUG - STREAM b'IHDR' 16 13
2026-08-06 21:18:02,073 - DEBUG - STREAM b'pHYs' 41 9
2026-08-06 21:18:02,073 - DEBUG - STREAM b'tEXt' 62 25
2026-08-06 21:18:02,073 - DEBUG - STREAM b'IDAT' 99 8192
2026-08-06 21:18:02,125 - DEBUG - STREAM b'IHDR' 16 13
2026-08-06 21:18:02,125 - DEBUG - STREAM b'sBIT' 41 4
2026-08-06 21:18:02,125 - DEBUG - b'sBIT' 41 4 (unknown)
2026-08-06 21:18:02,125 - DEBUG - STREAM b'pHYs' 57 9
2026-08-06 21:18:02,125 - DEBUG - STREAM b'tEXt' 78 25
2026-08-06 21:18:02,125 - DEBUG - STREAM b'IDAT' 115 8192
2026-08-06 21:18:02,130 - DEBUG - STREAM b'IHDR' 16 13
2026-08-06 21:18:02,130 - DEBUG - STREAM b'sBIT' 41 4
2026-08-06 21:18:02,130 - DEBUG - b'sBIT' 41 4 (unknown)
2026-08-06 21:18:02,130 - DEBUG - STREAM b'pHYs' 57 9
2026-08-06 21:18:02,130 - DEBUG - STREAM b'tEXt' 78 25
2026-08-06 21:18:02,130 - DEBUG - STREAM b'IDAT' 115 7260
2026-08-06 21:18:02,229 - DEBUG - STREAM b'IHDR' 16 13
2026-08-06 21:18:02,229 - DEBUG - STREAM b'pHYs' 41 9
2026-08-06 21:18:02,229 - DEBUG - STREAM b'tEXt' 62 25
2026-08-06 21:18:02,229 - DEBUG - STREAM b'IDAT' 99 8192
2026-08-06 21:18:02,276 - DEBUG - STREAM b'IHDR' 16 13
2026-08-06 21:18:02,276 - DEBUG - STREAM b'sBIT' 41 4
2026-08-06 21:18:02,276 - DEBUG - b'sBIT' 41 4 (unknown)
2026-08-06 21:18:02,276 - DEBUG - STREAM b'pHYs' 57 9
2026-08-06 21:18:02,276 - DEBUG - STREAM b'tEXt' 78 25
2026-08-06 21:18:02,276 - DEBUG - STREAM b'IDAT' 115 8192
2026-08-06 21:18:02,282 - DEBUG - STREAM b'IHDR' 16 13
2026-08-06 21:18:02,282 - DEBUG - STREAM b'sRGB' 41 1
2026-08-06 21:18:02,282 - DEBUG - STREAM b'IDAT' 54 719
2026-08-06 21:18:02,316 - DEBUG - Importing AvifImagePlugin
2026-08-06 21:18:02,320 - DEBUG - Importing BlpImagePlugin
2026-08-06 21:18:02,321 - DEBUG - Importing BmpImagePlugin
2026-08-06 21:18:02,321 - DEBUG - Importing BufrStubImagePlugin
2026-08-06 21:18:02,321 - DEBUG - Importing CurImagePlugin
2026-08-06 21:18:02,322 - DEBUG - Importing DcxImagePlugin
2026-08-06 21:18:02,322 - DEBUG - Importing DdsImagePlugin
2026-08-06 21:18:02,325 - DEBUG - Importing EpsImagePlugin
2026-08-06 21:18:02,325 - DEBUG - Importing FitsImagePlugin
2026-08-06 21:18:02,326 - DEBUG - Importing FliImagePlugin
2026-08-06 21:18:02,326 - DEBUG - Importing FpxImagePlugin
2026-08-06 21:18:02,327 - DEBUG - Image: failed to import FpxImagePlugin: No module named 'olefile'
2026-08-06 21:18:02,327 - DEBUG - Importing FtexImagePlugin
2026-08-06 21:18:02,328 - DEBUG - Importing GbrImagePlugin
2026-08-06 21:18:02,328 - DEBUG - Importing GifImagePlugin
2026-08-06 21:18:02,328 - DEBUG - Importing GribStubImagePlugin
2026-08-06 21:18:02,328 - DEBUG - Importing Hdf5StubImagePlugin
2026-08-06 21:18:02,328 - DEBUG - Importing IcnsImagePlugin
2026-08-06 21:18:02,330 - DEBUG - Importing IcoImagePlugin
2026-08-06 21:18:02,331 - DEBUG - Importing ImImagePlugin
2026-08-06 21:18:02,331 - DEBUG - Importing ImtImagePlugin
2026-08-06 21:18:02,332 - DEBUG - Importing IptcImagePlugin
2026-08-06 21:18:02,332 - DEBUG - Importing JpegImagePlugin
2026-08-06 21:18:02,332 - DEBUG - Importing Jpeg2KImagePlugin
2026-08-06 21:18:02,332 - DEBUG - Importing McIdasImagePlugin
2026-08-06 21:18:02,332 - DEBUG - Importing MicImagePlugin
2026-08-06 21:18:02,333 - DEBUG - Image: failed to import MicImagePlugin: No module named 'olefile'
2026-08-06 21:18:02,333 - DEBUG - Importing MpegImagePlugin
2026-08-06 21:18:02,333 - DEBUG - Importing MpoImagePlugin
2026-08-06 21:18:02,334 - DEBUG - Importing MspImagePlugin
2026-08-06 21:18:02,335 - DEBUG - Importing PalmImagePlugin
2026-08-06 21:18:02,335 - DEBUG - Importing PcdImagePlugin
2026-08-06 21:18:02,335 - DEBUG - Importing PcxImagePlugin
2026-08-06 21:18:02,336 - DEBUG - Importing PdfImagePlugin
2026-08-06 21:18:02,340 - DEBUG - Importing PixarImagePlugin
2026-08-06 21:18:02,340 - DEBUG - Importing PngImagePlugin
2026-08-06 21:18:02,340 - DEBUG - Importing PpmImagePlugin
2026-08-06 21:18:02,340 - DEBUG - Importing PsdImagePlugin
2026-08-06 21:18:02,340 - DEBUG - Importing QoiImagePlugin
2026-08-06 21:18:02,341 - DEBUG - Importing SgiImagePlugin
2026-08-06 21:18:02,341 - DEBUG - Importing SpiderImagePlugin
2026-08-06 21:18:02,341 - DEBUG - Importing SunImagePlugin
2026-08-06 21:18:02,341 - DEBUG - Importing TgaImagePlugin
2026-08-06 21:18:02,342 - DEBUG - Importing TiffImagePlugin
2026-08-06 21:18:02,342 - DEBUG - Importing WebPImagePlugin
2026-08-06 21:18:02,343 - DEBUG - Importing WmfImagePlugin
2026-08-06 21:18:02,343 - DEBUG - Importing XbmImagePlugin
2026-08-06 21:18:02,344 - DEBUG - Importing XpmImagePlugin
2026-08-06 21:18:02,344 - DEBUG - Importing XVThumbImagePlugin
2026-08-06 21:18:06,694 - DEBUG - STREAM b'IHDR' 16 13
2026-08-06 21:18:06,694 - DEBUG - STREAM b'pHYs' 41 9
2026-08-06 21:18:06,694 - DEBUG - STREAM b'tEXt' 62 25
2026-08-06 21:18:06,694 - DEBUG - STREAM b'IDAT' 99 8192
2026-08-06 21:18:06,698 - DEBUG - STREAM b'IHDR' 16 13
2026-08-06 21:18:06,698 - DEBUG - STREAM b'pHYs' 41 9
2026-08-06 21:18:06,698 - DEBUG - STREAM b'tEXt' 62 25
2026-08-06 21:18:06,698 - DEBUG - STREAM b'IDAT' 99 8192
2026-08-06 21:18:06,702 - DEBUG - STREAM b'IHDR' 16 13
2026-08-06 21:18:06,702 - DEBUG - STREAM b'pHYs' 41 9
2026-08-06 21:18:06,702 - DEBUG - STREAM b'tEXt' 62 25
2026-08-06 21:18:06,702 - DEBUG - STREAM b'IDAT' 99 8192
2026-08-06 21:18:08,740 - DEBUG - STREAM b'IHDR' 16 13
2026-08-06 21:18:08,740 - DEBUG - STREAM b'sRGB' 41 1
2026-08-06 21:18:08,740 - DEBUG - STREAM b'IDAT' 54 65204
2026-08-06 21:18:09,035 - INFO - Created fake executable: C:\Users\user\OneDrive\Desktop\DiscordQuestManager\version 1.1.0\dist\somewhere in the shadow.exe from C:\Users\user\OneDrive\Desktop\DiscordQuestManager\version 1.1.0\dist\DiscordQuestManager.exe
2026-08-06 21:18:11,616 - INFO - Settings dialog logging initialized
2026-08-06 21:18:12,342 - DEBUG - Importing PngImagePlugin
2026-08-06 21:18:12,352 - DEBUG - STREAM b'IHDR' 16 13
2026-08-06 21:18:12,352 - DEBUG - STREAM b'pHYs' 41 9
2026-08-06 21:18:12,352 - DEBUG - STREAM b'tEXt' 62 25
2026-08-06 21:18:12,352 - DEBUG - STREAM b'IDAT' 99 8192
2026-08-06 21:18:24,292 - DEBUG - STREAM b'IHDR' 16 13
2026-08-06 21:18:24,292 - DEBUG - STREAM b'pHYs' 41 9
2026-08-06 21:18:24,292 - DEBUG - STREAM b'tEXt' 62 25
2026-08-06 21:18:24,292 - DEBUG - STREAM b'IDAT' 99 8192
2026-08-06 21:18:24,370 - DEBUG - STREAM b'IHDR' 16 13
2026-08-06 21:18:24,370 - DEBUG - STREAM b'pHYs' 41 9
2026-08-06 21:18:24,370 - DEBUG - STREAM b'tEXt' 62 25
2026-08-06 21:18:24,370 - DEBUG - STREAM b'IDAT' 99 8192
2026-08-06 21:18:26,240 - DEBUG - GET_ALL: Returning 41 settings
2026-08-06 21:18:26,260 - DEBUG - STREAM b'IHDR' 16 13
2026-08-06 21:18:26,260 - DEBUG - STREAM b'sBIT' 41 4
2026-08-06 21:18:26,261 - DEBUG - b'sBIT' 41 4 (unknown)
2026-08-06 21:18:26,261 - DEBUG - STREAM b'pHYs' 57 9
2026-08-06 21:18:26,261 - DEBUG - STREAM b'tEXt' 78 25
2026-08-06 21:18:26,261 - DEBUG - STREAM b'IDAT' 115 7521
2026-08-06 21:18:26,276 - DEBUG - STREAM b'IHDR' 16 13
2026-08-06 21:18:26,277 - DEBUG - STREAM b'pHYs' 41 9
2026-08-06 21:18:26,277 - DEBUG - STREAM b'tEXt' 62 25
2026-08-06 21:18:26,277 - DEBUG - STREAM b'IDAT' 99 8192
2026-08-06 21:18:26,290 - DEBUG - STREAM b'IHDR' 16 13
2026-08-06 21:18:26,291 - DEBUG - STREAM b'pHYs' 41 9
2026-08-06 21:18:26,291 - DEBUG - STREAM b'tEXt' 62 25
2026-08-06 21:18:26,291 - DEBUG - STREAM b'IDAT' 99 8192
2026-08-06 21:18:26,322 - DEBUG - STREAM b'IHDR' 16 13
2026-08-06 21:18:26,322 - DEBUG - STREAM b'sBIT' 41 4
2026-08-06 21:18:26,322 - DEBUG - b'sBIT' 41 4 (unknown)
2026-08-06 21:18:26,322 - DEBUG - STREAM b'pHYs' 57 9
2026-08-06 21:18:26,322 - DEBUG - STREAM b'tEXt' 78 25
2026-08-06 21:18:26,322 - DEBUG - STREAM b'IDAT' 115 7521
2026-08-06 21:18:26,356 - DEBUG - STREAM b'IHDR' 16 13
2026-08-06 21:18:26,356 - DEBUG - STREAM b'pHYs' 41 9
2026-08-06 21:18:26,356 - DEBUG - STREAM b'tEXt' 62 25
2026-08-06 21:18:26,356 - DEBUG - STREAM b'IDAT' 99 8192
2026-08-06 21:18:26,360 - DEBUG - STREAM b'IHDR' 16 13
2026-08-06 21:18:26,360 - DEBUG - STREAM b'pHYs' 41 9
2026-08-06 21:18:26,360 - DEBUG - STREAM b'tEXt' 62 25
2026-08-06 21:18:26,360 - DEBUG - STREAM b'IDAT' 99 8192
2026-08-06 21:18:26,364 - DEBUG - STREAM b'IHDR' 16 13
2026-08-06 21:18:26,365 - DEBUG - STREAM b'pHYs' 41 9
2026-08-06 21:18:26,365 - DEBUG - STREAM b'tEXt' 62 25
2026-08-06 21:18:26,365 - DEBUG - STREAM b'IDAT' 99 8192
2026-08-06 21:18:26,370 - DEBUG - Building row for: base
2026-08-06 21:18:26,370 - DEBUG - Successfully built row for: base
2026-08-06 21:18:26,371 - DEBUG - Building row for: mantle
2026-08-06 21:18:26,371 - DEBUG - Successfully built row for: mantle
2026-08-06 21:18:26,371 - DEBUG - Building row for: surface
2026-08-06 21:18:26,371 - DEBUG - Successfully built row for: surface
2026-08-06 21:18:26,371 - DEBUG - Building row for: surface0
2026-08-06 21:18:26,371 - DEBUG - Successfully built row for: surface0
2026-08-06 21:18:26,371 - DEBUG - Building row for: surface1
2026-08-06 21:18:26,372 - DEBUG - Successfully built row for: surface1
2026-08-06 21:18:26,372 - DEBUG - Building row for: surface2
2026-08-06 21:18:26,372 - DEBUG - Successfully built row for: surface2
2026-08-06 21:18:26,372 - DEBUG - Building row for: text
2026-08-06 21:18:26,372 - DEBUG - Successfully built row for: text
2026-08-06 21:18:26,372 - DEBUG - Building row for: subtext0
2026-08-06 21:18:26,373 - DEBUG - Successfully built row for: subtext0
2026-08-06 21:18:26,373 - DEBUG - Building row for: subtext1
2026-08-06 21:18:26,373 - DEBUG - Successfully built row for: subtext1
2026-08-06 21:18:26,373 - DEBUG - Building row for: overlay0
2026-08-06 21:18:26,374 - DEBUG - Successfully built row for: overlay0
2026-08-06 21:18:26,408 - INFO - set_theme called with theme: custom, custom_colors: True
2026-08-06 21:18:26,408 - INFO - Setting custom theme with 26 colors
2026-08-06 21:18:26,409 - INFO - Saved custom theme to C:\Users\user\AppData\Local\Temp\_MEI57682\core\themes\custom.json
2026-08-06 21:18:26,409 - INFO - Theme set to: custom with 26 colors
2026-08-06 21:18:26,409 - INFO - Calling theme change callback
2026-08-06 21:18:26,428 - DEBUG - STREAM b'IHDR' 16 13
2026-08-06 21:18:26,428 - DEBUG - STREAM b'sRGB' 41 1
2026-08-06 21:18:26,428 - DEBUG - STREAM b'IDAT' 54 292
2026-08-06 21:18:26,429 - DEBUG - STREAM b'IHDR' 16 13
2026-08-06 21:18:26,429 - DEBUG - STREAM b'sRGB' 41 1
2026-08-06 21:18:26,429 - DEBUG - STREAM b'IDAT' 54 183
2026-08-06 21:18:26,430 - DEBUG - STREAM b'IHDR' 16 13
2026-08-06 21:18:26,430 - DEBUG - STREAM b'sRGB' 41 1
2026-08-06 21:18:26,430 - DEBUG - STREAM b'IDAT' 54 234
2026-08-06 21:18:26,430 - DEBUG - STREAM b'IHDR' 16 13
2026-08-06 21:18:26,430 - DEBUG - STREAM b'sRGB' 41 1
2026-08-06 21:18:26,430 - DEBUG - STREAM b'IDAT' 54 286
2026-08-06 21:18:26,431 - DEBUG - STREAM b'IHDR' 16 13
2026-08-06 21:18:26,431 - DEBUG - STREAM b'sRGB' 41 1
2026-08-06 21:18:26,431 - DEBUG - STREAM b'IDAT' 54 298
2026-08-06 21:18:26,432 - DEBUG - STREAM b'IHDR' 16 13
2026-08-06 21:18:26,432 - DEBUG - STREAM b'sRGB' 41 1
2026-08-06 21:18:26,432 - DEBUG - STREAM b'IDAT' 54 338
2026-08-06 21:18:26,433 - DEBUG - STREAM b'IHDR' 16 13
2026-08-06 21:18:26,433 - DEBUG - STREAM b'pHYs' 41 9
2026-08-06 21:18:26,433 - DEBUG - STREAM b'tEXt' 62 25
2026-08-06 21:18:26,433 - DEBUG - STREAM b'IDAT' 99 8192
2026-08-06 21:18:26,436 - DEBUG - STREAM b'IHDR' 16 13
2026-08-06 21:18:26,436 - DEBUG - STREAM b'pHYs' 41 9
2026-08-06 21:18:26,436 - DEBUG - STREAM b'tEXt' 62 25
2026-08-06 21:18:26,436 - DEBUG - STREAM b'IDAT' 99 8192
2026-08-06 21:18:26,441 - DEBUG - STREAM b'IHDR' 16 13
2026-08-06 21:18:26,441 - DEBUG - STREAM b'pHYs' 41 9
2026-08-06 21:18:26,441 - DEBUG - STREAM b'tEXt' 62 25
2026-08-06 21:18:26,441 - DEBUG - STREAM b'IDAT' 99 8192
2026-08-06 21:18:26,445 - DEBUG - STREAM b'IHDR' 16 13
2026-08-06 21:18:26,445 - DEBUG - STREAM b'pHYs' 41 9
2026-08-06 21:18:26,445 - DEBUG - STREAM b'tEXt' 62 25
2026-08-06 21:18:26,445 - DEBUG - STREAM b'IDAT' 99 8192
2026-08-06 21:18:26,449 - DEBUG - STREAM b'IHDR' 16 13
2026-08-06 21:18:26,449 - DEBUG - STREAM b'sBIT' 41 4
2026-08-06 21:18:26,449 - DEBUG - b'sBIT' 41 4 (unknown)
2026-08-06 21:18:26,449 - DEBUG - STREAM b'pHYs' 57 9
2026-08-06 21:18:26,449 - DEBUG - STREAM b'tEXt' 78 25
2026-08-06 21:18:26,449 - DEBUG - STREAM b'IDAT' 115 8192
2026-08-06 21:18:30,753 - INFO - Save button clicked - starting save process
2026-08-06 21:18:30,807 - DEBUG - Collected 10 custom colors
2026-08-06 21:18:30,808 - DEBUG - Merged with mocha defaults, now have 26 total colors
2026-08-06 21:18:30,808 - DEBUG - Added 26 custom colors to new_settings
2026-08-06 21:18:30,808 - DEBUG - Created new_settings dict with 41 keys
2026-08-06 21:18:30,808 - DEBUG - Theme changed: False, Is custom theme: True
2026-08-06 21:18:30,808 - INFO - Calling theme change callback
2026-08-06 21:18:30,808 - INFO - set_theme called with theme: custom, custom_colors: True
2026-08-06 21:18:30,808 - INFO - Setting custom theme with 26 colors
2026-08-06 21:18:30,808 - INFO - Saved custom theme to C:\Users\user\AppData\Local\Temp\_MEI57682\core\themes\custom.json
2026-08-06 21:18:30,808 - INFO - Theme set to: custom with 26 colors
2026-08-06 21:18:30,808 - INFO - Calling theme change callback
2026-08-06 21:18:30,821 - INFO - Calling on_save callback
2026-08-06 21:18:30,821 - DEBUG - SET setting 'theme': custom (previous: custom)
2026-08-06 21:18:30,821 - DEBUG - Attempting to save 41 settings to: C:\Users\user\OneDrive\Desktop\DiscordQuestManager\version 1.1.0\dist\DiscordQuestManager-data\settings.json
2026-08-06 21:18:30,821 - INFO - Successfully saved settings to file
2026-08-06 21:18:30,822 - DEBUG - Saved settings keys: ['theme', 'custom_duration', 'remember_duration', 'minimize_to_tray', 'auto_clean_on_exit', 'discord_auto_open', 'multi_quest_limit', 'dummy_cat_selection', 'dummy_alarm_enabled', 'dummy_alarm_type', 'dummy_alarm_sound_path', 'dummy_alarm_volume', 'custom_base', 'custom_mantle', 'custom_surface', 'custom_surface0', 'custom_surface1', 'custom_surface2', 'custom_text', 'custom_subtext0', 'custom_subtext1', 'custom_overlay0', 'custom_overlay1', 'custom_overlay2', 'custom_blue', 'custom_lavender', 'custom_sapphire', 'custom_sky', 'custom_teal', 'custom_green', 'custom_yellow', 'custom_peach', 'custom_maroon', 'custom_red', 'custom_mauve', 'custom_pink', 'custom_flamingo', 'custom_rosewater', 'auto_check_updates', 'exe_creation_path', 'data_folder_path']
2026-08-06 21:18:30,822 - INFO - Setting 'theme' updated and saved
2026-08-06 21:18:30,822 - DEBUG - SET setting 'custom_duration': 1 (previous: 1)
2026-08-06 21:18:30,822 - DEBUG - Attempting to save 41 settings to: C:\Users\user\OneDrive\Desktop\DiscordQuestManager\version 1.1.0\dist\DiscordQuestManager-data\settings.json
2026-08-06 21:18:30,822 - INFO - Successfully saved settings to file
2026-08-06 21:18:30,822 - DEBUG - Saved settings keys: ['theme', 'custom_duration', 'remember_duration', 'minimize_to_tray', 'auto_clean_on_exit', 'discord_auto_open', 'multi_quest_limit', 'dummy_cat_selection', 'dummy_alarm_enabled', 'dummy_alarm_type', 'dummy_alarm_sound_path', 'dummy_alarm_volume', 'custom_base', 'custom_mantle', 'custom_surface', 'custom_surface0', 'custom_surface1', 'custom_surface2', 'custom_text', 'custom_subtext0', 'custom_subtext1', 'custom_overlay0', 'custom_overlay1', 'custom_overlay2', 'custom_blue', 'custom_lavender', 'custom_sapphire', 'custom_sky', 'custom_teal', 'custom_green', 'custom_yellow', 'custom_peach', 'custom_maroon', 'custom_red', 'custom_mauve', 'custom_pink', 'custom_flamingo', 'custom_rosewater', 'auto_check_updates', 'exe_creation_path', 'data_folder_path']
2026-08-06 21:18:30,822 - INFO - Setting 'custom_duration' updated and saved
2026-08-06 21:18:30,822 - DEBUG - SET setting 'remember_duration': True (previous: True)
2026-08-06 21:18:30,822 - DEBUG - Attempting to save 41 settings to: C:\Users\user\OneDrive\Desktop\DiscordQuestManager\version 1.1.0\dist\DiscordQuestManager-data\settings.json
2026-08-06 21:18:30,823 - INFO - Successfully saved settings to file
2026-08-06 21:18:30,823 - DEBUG - Saved settings keys: ['theme', 'custom_duration', 'remember_duration', 'minimize_to_tray', 'auto_clean_on_exit', 'discord_auto_open', 'multi_quest_limit', 'dummy_cat_selection', 'dummy_alarm_enabled', 'dummy_alarm_type', 'dummy_alarm_sound_path', 'dummy_alarm_volume', 'custom_base', 'custom_mantle', 'custom_surface', 'custom_surface0', 'custom_surface1', 'custom_surface2', 'custom_text', 'custom_subtext0', 'custom_subtext1', 'custom_overlay0', 'custom_overlay1', 'custom_overlay2', 'custom_blue', 'custom_lavender', 'custom_sapphire', 'custom_sky', 'custom_teal', 'custom_green', 'custom_yellow', 'custom_peach', 'custom_maroon', 'custom_red', 'custom_mauve', 'custom_pink', 'custom_flamingo', 'custom_rosewater', 'auto_check_updates', 'exe_creation_path', 'data_folder_path']
2026-08-06 21:18:30,823 - INFO - Setting 'remember_duration' updated and saved
2026-08-06 21:18:30,823 - DEBUG - SET setting 'minimize_to_tray': False (previous: False)
2026-08-06 21:18:30,823 - DEBUG - Attempting to save 41 settings to: C:\Users\user\OneDrive\Desktop\DiscordQuestManager\version 1.1.0\dist\DiscordQuestManager-data\settings.json
2026-08-06 21:18:30,823 - INFO - Successfully saved settings to file
2026-08-06 21:18:30,824 - DEBUG - Saved settings keys: ['theme', 'custom_duration', 'remember_duration', 'minimize_to_tray', 'auto_clean_on_exit', 'discord_auto_open', 'multi_quest_limit', 'dummy_cat_selection', 'dummy_alarm_enabled', 'dummy_alarm_type', 'dummy_alarm_sound_path', 'dummy_alarm_volume', 'custom_base', 'custom_mantle', 'custom_surface', 'custom_surface0', 'custom_surface1', 'custom_surface2', 'custom_text', 'custom_subtext0', 'custom_subtext1', 'custom_overlay0', 'custom_overlay1', 'custom_overlay2', 'custom_blue', 'custom_lavender', 'custom_sapphire', 'custom_sky', 'custom_teal', 'custom_green', 'custom_yellow', 'custom_peach', 'custom_maroon', 'custom_red', 'custom_mauve', 'custom_pink', 'custom_flamingo', 'custom_rosewater', 'auto_check_updates', 'exe_creation_path', 'data_folder_path']
2026-08-06 21:18:30,824 - INFO - Setting 'minimize_to_tray' updated and saved
2026-08-06 21:18:30,824 - DEBUG - SET setting 'auto_clean_on_exit': False (previous: False)
2026-08-06 21:18:30,824 - DEBUG - Attempting to save 41 settings to: C:\Users\user\OneDrive\Desktop\DiscordQuestManager\version 1.1.0\dist\DiscordQuestManager-data\settings.json
2026-08-06 21:18:30,824 - INFO - Successfully saved settings to file
2026-08-06 21:18:30,824 - DEBUG - Saved settings keys: ['theme', 'custom_duration', 'remember_duration', 'minimize_to_tray', 'auto_clean_on_exit', 'discord_auto_open', 'multi_quest_limit', 'dummy_cat_selection', 'dummy_alarm_enabled', 'dummy_alarm_type', 'dummy_alarm_sound_path', 'dummy_alarm_volume', 'custom_base', 'custom_mantle', 'custom_surface', 'custom_surface0', 'custom_surface1', 'custom_surface2', 'custom_text', 'custom_subtext0', 'custom_subtext1', 'custom_overlay0', 'custom_overlay1', 'custom_overlay2', 'custom_blue', 'custom_lavender', 'custom_sapphire', 'custom_sky', 'custom_teal', 'custom_green', 'custom_yellow', 'custom_peach', 'custom_maroon', 'custom_red', 'custom_mauve', 'custom_pink', 'custom_flamingo', 'custom_rosewater', 'auto_check_updates', 'exe_creation_path', 'data_folder_path']
2026-08-06 21:18:30,824 - INFO - Setting 'auto_clean_on_exit' updated and saved
2026-08-06 21:18:30,824 - DEBUG - SET setting 'discord_auto_open': True (previous: True)
2026-08-06 21:18:30,824 - DEBUG - Attempting to save 41 settings to: C:\Users\user\OneDrive\Desktop\DiscordQuestManager\version 1.1.0\dist\DiscordQuestManager-data\settings.json
2026-08-06 21:18:30,825 - INFO - Successfully saved settings to file
2026-08-06 21:18:30,825 - DEBUG - Saved settings keys: ['theme', 'custom_duration', 'remember_duration', 'minimize_to_tray', 'auto_clean_on_exit', 'discord_auto_open', 'multi_quest_limit', 'dummy_cat_selection', 'dummy_alarm_enabled', 'dummy_alarm_type', 'dummy_alarm_sound_path', 'dummy_alarm_volume', 'custom_base', 'custom_mantle', 'custom_surface', 'custom_surface0', 'custom_surface1', 'custom_surface2', 'custom_text', 'custom_subtext0', 'custom_subtext1', 'custom_overlay0', 'custom_overlay1', 'custom_overlay2', 'custom_blue', 'custom_lavender', 'custom_sapphire', 'custom_sky', 'custom_teal', 'custom_green', 'custom_yellow', 'custom_peach', 'custom_maroon', 'custom_red', 'custom_mauve', 'custom_pink', 'custom_flamingo', 'custom_rosewater', 'auto_check_updates', 'exe_creation_path', 'data_folder_path']
2026-08-06 21:18:30,825 - INFO - Setting 'discord_auto_open' updated and saved
2026-08-06 21:18:30,825 - DEBUG - SET setting 'multi_quest_limit': 0 (previous: 0)
2026-08-06 21:18:30,825 - DEBUG - Attempting to save 41 settings to: C:\Users\user\OneDrive\Desktop\DiscordQuestManager\version 1.1.0\dist\DiscordQuestManager-data\settings.json
2026-08-06 21:18:30,825 - INFO - Successfully saved settings to file
2026-08-06 21:18:30,825 - DEBUG - Saved settings keys: ['theme', 'custom_duration', 'remember_duration', 'minimize_to_tray', 'auto_clean_on_exit', 'discord_auto_open', 'multi_quest_limit', 'dummy_cat_selection', 'dummy_alarm_enabled', 'dummy_alarm_type', 'dummy_alarm_sound_path', 'dummy_alarm_volume', 'custom_base', 'custom_mantle', 'custom_surface', 'custom_surface0', 'custom_surface1', 'custom_surface2', 'custom_text', 'custom_subtext0', 'custom_subtext1', 'custom_overlay0', 'custom_overlay1', 'custom_overlay2', 'custom_blue', 'custom_lavender', 'custom_sapphire', 'custom_sky', 'custom_teal', 'custom_green', 'custom_yellow', 'custom_peach', 'custom_maroon', 'custom_red', 'custom_mauve', 'custom_pink', 'custom_flamingo', 'custom_rosewater', 'auto_check_updates', 'exe_creation_path', 'data_folder_path']
2026-08-06 21:18:30,825 - INFO - Setting 'multi_quest_limit' updated and saved
2026-08-06 21:18:30,825 - DEBUG - SET setting 'auto_check_updates': False (previous: False)
2026-08-06 21:18:30,825 - DEBUG - Attempting to save 41 settings to: C:\Users\user\OneDrive\Desktop\DiscordQuestManager\version 1.1.0\dist\DiscordQuestManager-data\settings.json
2026-08-06 21:18:30,826 - INFO - Successfully saved settings to file
2026-08-06 21:18:30,826 - DEBUG - Saved settings keys: ['theme', 'custom_duration', 'remember_duration', 'minimize_to_tray', 'auto_clean_on_exit', 'discord_auto_open', 'multi_quest_limit', 'dummy_cat_selection', 'dummy_alarm_enabled', 'dummy_alarm_type', 'dummy_alarm_sound_path', 'dummy_alarm_volume', 'custom_base', 'custom_mantle', 'custom_surface', 'custom_surface0', 'custom_surface1', 'custom_surface2', 'custom_text', 'custom_subtext0', 'custom_subtext1', 'custom_overlay0', 'custom_overlay1', 'custom_overlay2', 'custom_blue', 'custom_lavender', 'custom_sapphire', 'custom_sky', 'custom_teal', 'custom_green', 'custom_yellow', 'custom_peach', 'custom_maroon', 'custom_red', 'custom_mauve', 'custom_pink', 'custom_flamingo', 'custom_rosewater', 'auto_check_updates', 'exe_creation_path', 'data_folder_path']
2026-08-06 21:18:30,826 - INFO - Setting 'auto_check_updates' updated and saved
2026-08-06 21:18:30,826 - DEBUG - SET setting 'dummy_cat_selection': Cat-3 (previous: Cat-3)
2026-08-06 21:18:30,826 - DEBUG - Attempting to save 41 settings to: C:\Users\user\OneDrive\Desktop\DiscordQuestManager\version 1.1.0\dist\DiscordQuestManager-data\settings.json
2026-08-06 21:18:30,826 - INFO - Successfully saved settings to file
2026-08-06 21:18:30,826 - DEBUG - Saved settings keys: ['theme', 'custom_duration', 'remember_duration', 'minimize_to_tray', 'auto_clean_on_exit', 'discord_auto_open', 'multi_quest_limit', 'dummy_cat_selection', 'dummy_alarm_enabled', 'dummy_alarm_type', 'dummy_alarm_sound_path', 'dummy_alarm_volume', 'custom_base', 'custom_mantle', 'custom_surface', 'custom_surface0', 'custom_surface1', 'custom_surface2', 'custom_text', 'custom_subtext0', 'custom_subtext1', 'custom_overlay0', 'custom_overlay1', 'custom_overlay2', 'custom_blue', 'custom_lavender', 'custom_sapphire', 'custom_sky', 'custom_teal', 'custom_green', 'custom_yellow', 'custom_peach', 'custom_maroon', 'custom_red', 'custom_mauve', 'custom_pink', 'custom_flamingo', 'custom_rosewater', 'auto_check_updates', 'exe_creation_path', 'data_folder_path']
2026-08-06 21:18:30,826 - INFO - Setting 'dummy_cat_selection' updated and saved
2026-08-06 21:18:30,826 - DEBUG - SET setting 'dummy_alarm_enabled': True (previous: True)
2026-08-06 21:18:30,826 - DEBUG - Attempting to save 41 settings to: C:\Users\user\OneDrive\Desktop\DiscordQuestManager\version 1.1.0\dist\DiscordQuestManager-data\settings.json
2026-08-06 21:18:30,827 - INFO - Successfully saved settings to file
2026-08-06 21:18:30,827 - DEBUG - Saved settings keys: ['theme', 'custom_duration', 'remember_duration', 'minimize_to_tray', 'auto_clean_on_exit', 'discord_auto_open', 'multi_quest_limit', 'dummy_cat_selection', 'dummy_alarm_enabled', 'dummy_alarm_type', 'dummy_alarm_sound_path', 'dummy_alarm_volume', 'custom_base', 'custom_mantle', 'custom_surface', 'custom_surface0', 'custom_surface1', 'custom_surface2', 'custom_text', 'custom_subtext0', 'custom_subtext1', 'custom_overlay0', 'custom_overlay1', 'custom_overlay2', 'custom_blue', 'custom_lavender', 'custom_sapphire', 'custom_sky', 'custom_teal', 'custom_green', 'custom_yellow', 'custom_peach', 'custom_maroon', 'custom_red', 'custom_mauve', 'custom_pink', 'custom_flamingo', 'custom_rosewater', 'auto_check_updates', 'exe_creation_path', 'data_folder_path']
2026-08-06 21:18:30,827 - INFO - Setting 'dummy_alarm_enabled' updated and saved
2026-08-06 21:18:30,827 - DEBUG - SET setting 'dummy_alarm_type': custom (previous: custom)
2026-08-06 21:18:30,827 - DEBUG - Attempting to save 41 settings to: C:\Users\user\OneDrive\Desktop\DiscordQuestManager\version 1.1.0\dist\DiscordQuestManager-data\settings.json
2026-08-06 21:18:30,827 - INFO - Successfully saved settings to file
2026-08-06 21:18:30,828 - DEBUG - Saved settings keys: ['theme', 'custom_duration', 'remember_duration', 'minimize_to_tray', 'auto_clean_on_exit', 'discord_auto_open', 'multi_quest_limit', 'dummy_cat_selection', 'dummy_alarm_enabled', 'dummy_alarm_type', 'dummy_alarm_sound_path', 'dummy_alarm_volume', 'custom_base', 'custom_mantle', 'custom_surface', 'custom_surface0', 'custom_surface1', 'custom_surface2', 'custom_text', 'custom_subtext0', 'custom_subtext1', 'custom_overlay0', 'custom_overlay1', 'custom_overlay2', 'custom_blue', 'custom_lavender', 'custom_sapphire', 'custom_sky', 'custom_teal', 'custom_green', 'custom_yellow', 'custom_peach', 'custom_maroon', 'custom_red', 'custom_mauve', 'custom_pink', 'custom_flamingo', 'custom_rosewater', 'auto_check_updates', 'exe_creation_path', 'data_folder_path']
2026-08-06 21:18:30,828 - INFO - Setting 'dummy_alarm_type' updated and saved
2026-08-06 21:18:30,828 - DEBUG - SET setting 'dummy_alarm_sound_path': C:/Users/user/Downloads/image/fahhhhhhhhhhhhhh.mp3 (previous: C:/Users/user/Downloads/image/fahhhhhhhhhhhhhh.mp3)
2026-08-06 21:18:30,828 - DEBUG - Attempting to save 41 settings to: C:\Users\user\OneDrive\Desktop\DiscordQuestManager\version 1.1.0\dist\DiscordQuestManager-data\settings.json
2026-08-06 21:18:30,828 - INFO - Successfully saved settings to file
2026-08-06 21:18:30,828 - DEBUG - Saved settings keys: ['theme', 'custom_duration', 'remember_duration', 'minimize_to_tray', 'auto_clean_on_exit', 'discord_auto_open', 'multi_quest_limit', 'dummy_cat_selection', 'dummy_alarm_enabled', 'dummy_alarm_type', 'dummy_alarm_sound_path', 'dummy_alarm_volume', 'custom_base', 'custom_mantle', 'custom_surface', 'custom_surface0', 'custom_surface1', 'custom_surface2', 'custom_text', 'custom_subtext0', 'custom_subtext1', 'custom_overlay0', 'custom_overlay1', 'custom_overlay2', 'custom_blue', 'custom_lavender', 'custom_sapphire', 'custom_sky', 'custom_teal', 'custom_green', 'custom_yellow', 'custom_peach', 'custom_maroon', 'custom_red', 'custom_mauve', 'custom_pink', 'custom_flamingo', 'custom_rosewater', 'auto_check_updates', 'exe_creation_path', 'data_folder_path']
2026-08-06 21:18:30,828 - INFO - Setting 'dummy_alarm_sound_path' updated and saved
2026-08-06 21:18:30,828 - DEBUG - SET setting 'dummy_alarm_volume': 100 (previous: 100)
2026-08-06 21:18:30,828 - DEBUG - Attempting to save 41 settings to: C:\Users\user\OneDrive\Desktop\DiscordQuestManager\version 1.1.0\dist\DiscordQuestManager-data\settings.json
2026-08-06 21:18:30,829 - INFO - Successfully saved settings to file
2026-08-06 21:18:30,829 - DEBUG - Saved settings keys: ['theme', 'custom_duration', 'remember_duration', 'minimize_to_tray', 'auto_clean_on_exit', 'discord_auto_open', 'multi_quest_limit', 'dummy_cat_selection', 'dummy_alarm_enabled', 'dummy_alarm_type', 'dummy_alarm_sound_path', 'dummy_alarm_volume', 'custom_base', 'custom_mantle', 'custom_surface', 'custom_surface0', 'custom_surface1', 'custom_surface2', 'custom_text', 'custom_subtext0', 'custom_subtext1', 'custom_overlay0', 'custom_overlay1', 'custom_overlay2', 'custom_blue', 'custom_lavender', 'custom_sapphire', 'custom_sky', 'custom_teal', 'custom_green', 'custom_yellow', 'custom_peach', 'custom_maroon', 'custom_red', 'custom_mauve', 'custom_pink', 'custom_flamingo', 'custom_rosewater', 'auto_check_updates', 'exe_creation_path', 'data_folder_path']
2026-08-06 21:18:30,829 - INFO - Setting 'dummy_alarm_volume' updated and saved
2026-08-06 21:18:30,829 - DEBUG - SET setting 'exe_creation_path':  (previous: )
2026-08-06 21:18:30,829 - DEBUG - Attempting to save 41 settings to: C:\Users\user\OneDrive\Desktop\DiscordQuestManager\version 1.1.0\dist\DiscordQuestManager-data\settings.json
2026-08-06 21:18:30,829 - INFO - Successfully saved settings to file
2026-08-06 21:18:30,829 - DEBUG - Saved settings keys: ['theme', 'custom_duration', 'remember_duration', 'minimize_to_tray', 'auto_clean_on_exit', 'discord_auto_open', 'multi_quest_limit', 'dummy_cat_selection', 'dummy_alarm_enabled', 'dummy_alarm_type', 'dummy_alarm_sound_path', 'dummy_alarm_volume', 'custom_base', 'custom_mantle', 'custom_surface', 'custom_surface0', 'custom_surface1', 'custom_surface2', 'custom_text', 'custom_subtext0', 'custom_subtext1', 'custom_overlay0', 'custom_overlay1', 'custom_overlay2', 'custom_blue', 'custom_lavender', 'custom_sapphire', 'custom_sky', 'custom_teal', 'custom_green', 'custom_yellow', 'custom_peach', 'custom_maroon', 'custom_red', 'custom_mauve', 'custom_pink', 'custom_flamingo', 'custom_rosewater', 'auto_check_updates', 'exe_creation_path', 'data_folder_path']
2026-08-06 21:18:30,829 - INFO - Setting 'exe_creation_path' updated and saved
2026-08-06 21:18:30,830 - DEBUG - SET setting 'data_folder_path':  (previous: )
2026-08-06 21:18:30,830 - DEBUG - Attempting to save 41 settings to: C:\Users\user\OneDrive\Desktop\DiscordQuestManager\version 1.1.0\dist\DiscordQuestManager-data\settings.json
2026-08-06 21:18:30,830 - INFO - Successfully saved settings to file
2026-08-06 21:18:30,830 - DEBUG - Saved settings keys: ['theme', 'custom_duration', 'remember_duration', 'minimize_to_tray', 'auto_clean_on_exit', 'discord_auto_open', 'multi_quest_limit', 'dummy_cat_selection', 'dummy_alarm_enabled', 'dummy_alarm_type', 'dummy_alarm_sound_path', 'dummy_alarm_volume', 'custom_base', 'custom_mantle', 'custom_surface', 'custom_surface0', 'custom_surface1', 'custom_surface2', 'custom_text', 'custom_subtext0', 'custom_subtext1', 'custom_overlay0', 'custom_overlay1', 'custom_overlay2', 'custom_blue', 'custom_lavender', 'custom_sapphire', 'custom_sky', 'custom_teal', 'custom_green', 'custom_yellow', 'custom_peach', 'custom_maroon', 'custom_red', 'custom_mauve', 'custom_pink', 'custom_flamingo', 'custom_rosewater', 'auto_check_updates', 'exe_creation_path', 'data_folder_path']
2026-08-06 21:18:30,830 - INFO - Setting 'data_folder_path' updated and saved
2026-08-06 21:18:30,830 - DEBUG - SET setting 'custom_base': #1e1e2e (previous: #1e1e2e)
2026-08-06 21:18:30,830 - DEBUG - Attempting to save 41 settings to: C:\Users\user\OneDrive\Desktop\DiscordQuestManager\version 1.1.0\dist\DiscordQuestManager-data\settings.json
2026-08-06 21:18:30,831 - INFO - Successfully saved settings to file
2026-08-06 21:18:30,831 - DEBUG - Saved settings keys: ['theme', 'custom_duration', 'remember_duration', 'minimize_to_tray', 'auto_clean_on_exit', 'discord_auto_open', 'multi_quest_limit', 'dummy_cat_selection', 'dummy_alarm_enabled', 'dummy_alarm_type', 'dummy_alarm_sound_path', 'dummy_alarm_volume', 'custom_base', 'custom_mantle', 'custom_surface', 'custom_surface0', 'custom_surface1', 'custom_surface2', 'custom_text', 'custom_subtext0', 'custom_subtext1', 'custom_overlay0', 'custom_overlay1', 'custom_overlay2', 'custom_blue', 'custom_lavender', 'custom_sapphire', 'custom_sky', 'custom_teal', 'custom_green', 'custom_yellow', 'custom_peach', 'custom_maroon', 'custom_red', 'custom_mauve', 'custom_pink', 'custom_flamingo', 'custom_rosewater', 'auto_check_updates', 'exe_creation_path', 'data_folder_path']
2026-08-06 21:18:30,831 - INFO - Setting 'custom_base' updated and saved
2026-08-06 21:18:30,831 - DEBUG - SET setting 'custom_mantle': #181825 (previous: #181825)
2026-08-06 21:18:30,831 - DEBUG - Attempting to save 41 settings to: C:\Users\user\OneDrive\Desktop\DiscordQuestManager\version 1.1.0\dist\DiscordQuestManager-data\settings.json
2026-08-06 21:18:30,831 - INFO - Successfully saved settings to file
2026-08-06 21:18:30,831 - DEBUG - Saved settings keys: ['theme', 'custom_duration', 'remember_duration', 'minimize_to_tray', 'auto_clean_on_exit', 'discord_auto_open', 'multi_quest_limit', 'dummy_cat_selection', 'dummy_alarm_enabled', 'dummy_alarm_type', 'dummy_alarm_sound_path', 'dummy_alarm_volume', 'custom_base', 'custom_mantle', 'custom_surface', 'custom_surface0', 'custom_surface1', 'custom_surface2', 'custom_text', 'custom_subtext0', 'custom_subtext1', 'custom_overlay0', 'custom_overlay1', 'custom_overlay2', 'custom_blue', 'custom_lavender', 'custom_sapphire', 'custom_sky', 'custom_teal', 'custom_green', 'custom_yellow', 'custom_peach', 'custom_maroon', 'custom_red', 'custom_mauve', 'custom_pink', 'custom_flamingo', 'custom_rosewater', 'auto_check_updates', 'exe_creation_path', 'data_folder_path']
2026-08-06 21:18:30,831 - INFO - Setting 'custom_mantle' updated and saved
2026-08-06 21:18:30,831 - DEBUG - SET setting 'custom_surface': #313244 (previous: #313244)
2026-08-06 21:18:30,831 - DEBUG - Attempting to save 41 settings to: C:\Users\user\OneDrive\Desktop\DiscordQuestManager\version 1.1.0\dist\DiscordQuestManager-data\settings.json
2026-08-06 21:18:30,832 - INFO - Successfully saved settings to file
2026-08-06 21:18:30,832 - DEBUG - Saved settings keys: ['theme', 'custom_duration', 'remember_duration', 'minimize_to_tray', 'auto_clean_on_exit', 'discord_auto_open', 'multi_quest_limit', 'dummy_cat_selection', 'dummy_alarm_enabled', 'dummy_alarm_type', 'dummy_alarm_sound_path', 'dummy_alarm_volume', 'custom_base', 'custom_mantle', 'custom_surface', 'custom_surface0', 'custom_surface1', 'custom_surface2', 'custom_text', 'custom_subtext0', 'custom_subtext1', 'custom_overlay0', 'custom_overlay1', 'custom_overlay2', 'custom_blue', 'custom_lavender', 'custom_sapphire', 'custom_sky', 'custom_teal', 'custom_green', 'custom_yellow', 'custom_peach', 'custom_maroon', 'custom_red', 'custom_mauve', 'custom_pink', 'custom_flamingo', 'custom_rosewater', 'auto_check_updates', 'exe_creation_path', 'data_folder_path']
2026-08-06 21:18:30,832 - INFO - Setting 'custom_surface' updated and saved
2026-08-06 21:18:30,832 - DEBUG - SET setting 'custom_surface0': #45475a (previous: #45475a)
2026-08-06 21:18:30,832 - DEBUG - Attempting to save 41 settings to: C:\Users\user\OneDrive\Desktop\DiscordQuestManager\version 1.1.0\dist\DiscordQuestManager-data\settings.json
2026-08-06 21:18:30,833 - INFO - Successfully saved settings to file
2026-08-06 21:18:30,833 - DEBUG - Saved settings keys: ['theme', 'custom_duration', 'remember_duration', 'minimize_to_tray', 'auto_clean_on_exit', 'discord_auto_open', 'multi_quest_limit', 'dummy_cat_selection', 'dummy_alarm_enabled', 'dummy_alarm_type', 'dummy_alarm_sound_path', 'dummy_alarm_volume', 'custom_base', 'custom_mantle', 'custom_surface', 'custom_surface0', 'custom_surface1', 'custom_surface2', 'custom_text', 'custom_subtext0', 'custom_subtext1', 'custom_overlay0', 'custom_overlay1', 'custom_overlay2', 'custom_blue', 'custom_lavender', 'custom_sapphire', 'custom_sky', 'custom_teal', 'custom_green', 'custom_yellow', 'custom_peach', 'custom_maroon', 'custom_red', 'custom_mauve', 'custom_pink', 'custom_flamingo', 'custom_rosewater', 'auto_check_updates', 'exe_creation_path', 'data_folder_path']
2026-08-06 21:18:30,833 - INFO - Setting 'custom_surface0' updated and saved
2026-08-06 21:18:30,833 - DEBUG - SET setting 'custom_surface1': #585b70 (previous: #585b70)
2026-08-06 21:18:30,833 - DEBUG - Attempting to save 41 settings to: C:\Users\user\OneDrive\Desktop\DiscordQuestManager\version 1.1.0\dist\DiscordQuestManager-data\settings.json
2026-08-06 21:18:30,833 - INFO - Successfully saved settings to file
2026-08-06 21:18:30,833 - DEBUG - Saved settings keys: ['theme', 'custom_duration', 'remember_duration', 'minimize_to_tray', 'auto_clean_on_exit', 'discord_auto_open', 'multi_quest_limit', 'dummy_cat_selection', 'dummy_alarm_enabled', 'dummy_alarm_type', 'dummy_alarm_sound_path', 'dummy_alarm_volume', 'custom_base', 'custom_mantle', 'custom_surface', 'custom_surface0', 'custom_surface1', 'custom_surface2', 'custom_text', 'custom_subtext0', 'custom_subtext1', 'custom_overlay0', 'custom_overlay1', 'custom_overlay2', 'custom_blue', 'custom_lavender', 'custom_sapphire', 'custom_sky', 'custom_teal', 'custom_green', 'custom_yellow', 'custom_peach', 'custom_maroon', 'custom_red', 'custom_mauve', 'custom_pink', 'custom_flamingo', 'custom_rosewater', 'auto_check_updates', 'exe_creation_path', 'data_folder_path']
2026-08-06 21:18:30,833 - INFO - Setting 'custom_surface1' updated and saved
2026-08-06 21:18:30,833 - DEBUG - SET setting 'custom_surface2': #45475a (previous: #45475a)
2026-08-06 21:18:30,833 - DEBUG - Attempting to save 41 settings to: C:\Users\user\OneDrive\Desktop\DiscordQuestManager\version 1.1.0\dist\DiscordQuestManager-data\settings.json
2026-08-06 21:18:30,834 - INFO - Successfully saved settings to file
2026-08-06 21:18:30,834 - DEBUG - Saved settings keys: ['theme', 'custom_duration', 'remember_duration', 'minimize_to_tray', 'auto_clean_on_exit', 'discord_auto_open', 'multi_quest_limit', 'dummy_cat_selection', 'dummy_alarm_enabled', 'dummy_alarm_type', 'dummy_alarm_sound_path', 'dummy_alarm_volume', 'custom_base', 'custom_mantle', 'custom_surface', 'custom_surface0', 'custom_surface1', 'custom_surface2', 'custom_text', 'custom_subtext0', 'custom_subtext1', 'custom_overlay0', 'custom_overlay1', 'custom_overlay2', 'custom_blue', 'custom_lavender', 'custom_sapphire', 'custom_sky', 'custom_teal', 'custom_green', 'custom_yellow', 'custom_peach', 'custom_maroon', 'custom_red', 'custom_mauve', 'custom_pink', 'custom_flamingo', 'custom_rosewater', 'auto_check_updates', 'exe_creation_path', 'data_folder_path']
2026-08-06 21:18:30,834 - INFO - Setting 'custom_surface2' updated and saved
2026-08-06 21:18:30,834 - DEBUG - SET setting 'custom_text': #cdd6f4 (previous: #cdd6f4)
2026-08-06 21:18:30,834 - DEBUG - Attempting to save 41 settings to: C:\Users\user\OneDrive\Desktop\DiscordQuestManager\version 1.1.0\dist\DiscordQuestManager-data\settings.json
2026-08-06 21:18:30,834 - INFO - Successfully saved settings to file
2026-08-06 21:18:30,834 - DEBUG - Saved settings keys: ['theme', 'custom_duration', 'remember_duration', 'minimize_to_tray', 'auto_clean_on_exit', 'discord_auto_open', 'multi_quest_limit', 'dummy_cat_selection', 'dummy_alarm_enabled', 'dummy_alarm_type', 'dummy_alarm_sound_path', 'dummy_alarm_volume', 'custom_base', 'custom_mantle', 'custom_surface', 'custom_surface0', 'custom_surface1', 'custom_surface2', 'custom_text', 'custom_subtext0', 'custom_subtext1', 'custom_overlay0', 'custom_overlay1', 'custom_overlay2', 'custom_blue', 'custom_lavender', 'custom_sapphire', 'custom_sky', 'custom_teal', 'custom_green', 'custom_yellow', 'custom_peach', 'custom_maroon', 'custom_red', 'custom_mauve', 'custom_pink', 'custom_flamingo', 'custom_rosewater', 'auto_check_updates', 'exe_creation_path', 'data_folder_path']
2026-08-06 21:18:30,834 - INFO - Setting 'custom_text' updated and saved
2026-08-06 21:18:30,834 - DEBUG - SET setting 'custom_subtext0': #a6adc8 (previous: #a6adc8)
2026-08-06 21:18:30,834 - DEBUG - Attempting to save 41 settings to: C:\Users\user\OneDrive\Desktop\DiscordQuestManager\version 1.1.0\dist\DiscordQuestManager-data\settings.json
2026-08-06 21:18:30,835 - INFO - Successfully saved settings to file
2026-08-06 21:18:30,835 - DEBUG - Saved settings keys: ['theme', 'custom_duration', 'remember_duration', 'minimize_to_tray', 'auto_clean_on_exit', 'discord_auto_open', 'multi_quest_limit', 'dummy_cat_selection', 'dummy_alarm_enabled', 'dummy_alarm_type', 'dummy_alarm_sound_path', 'dummy_alarm_volume', 'custom_base', 'custom_mantle', 'custom_surface', 'custom_surface0', 'custom_surface1', 'custom_surface2', 'custom_text', 'custom_subtext0', 'custom_subtext1', 'custom_overlay0', 'custom_overlay1', 'custom_overlay2', 'custom_blue', 'custom_lavender', 'custom_sapphire', 'custom_sky', 'custom_teal', 'custom_green', 'custom_yellow', 'custom_peach', 'custom_maroon', 'custom_red', 'custom_mauve', 'custom_pink', 'custom_flamingo', 'custom_rosewater', 'auto_check_updates', 'exe_creation_path', 'data_folder_path']
2026-08-06 21:18:30,835 - INFO - Setting 'custom_subtext0' updated and saved
2026-08-06 21:18:30,835 - DEBUG - SET setting 'custom_subtext1': #bac2de (previous: #bac2de)
2026-08-06 21:18:30,835 - DEBUG - Attempting to save 41 settings to: C:\Users\user\OneDrive\Desktop\DiscordQuestManager\version 1.1.0\dist\DiscordQuestManager-data\settings.json
2026-08-06 21:18:30,836 - INFO - Successfully saved settings to file
2026-08-06 21:18:30,836 - DEBUG - Saved settings keys: ['theme', 'custom_duration', 'remember_duration', 'minimize_to_tray', 'auto_clean_on_exit', 'discord_auto_open', 'multi_quest_limit', 'dummy_cat_selection', 'dummy_alarm_enabled', 'dummy_alarm_type', 'dummy_alarm_sound_path', 'dummy_alarm_volume', 'custom_base', 'custom_mantle', 'custom_surface', 'custom_surface0', 'custom_surface1', 'custom_surface2', 'custom_text', 'custom_subtext0', 'custom_subtext1', 'custom_overlay0', 'custom_overlay1', 'custom_overlay2', 'custom_blue', 'custom_lavender', 'custom_sapphire', 'custom_sky', 'custom_teal', 'custom_green', 'custom_yellow', 'custom_peach', 'custom_maroon', 'custom_red', 'custom_mauve', 'custom_pink', 'custom_flamingo', 'custom_rosewater', 'auto_check_updates', 'exe_creation_path', 'data_folder_path']
2026-08-06 21:18:30,836 - INFO - Setting 'custom_subtext1' updated and saved
2026-08-06 21:18:30,836 - DEBUG - SET setting 'custom_overlay0': #6c7086 (previous: #6c7086)
2026-08-06 21:18:30,836 - DEBUG - Attempting to save 41 settings to: C:\Users\user\OneDrive\Desktop\DiscordQuestManager\version 1.1.0\dist\DiscordQuestManager-data\settings.json
2026-08-06 21:18:30,836 - INFO - Successfully saved settings to file
2026-08-06 21:18:30,837 - DEBUG - Saved settings keys: ['theme', 'custom_duration', 'remember_duration', 'minimize_to_tray', 'auto_clean_on_exit', 'discord_auto_open', 'multi_quest_limit', 'dummy_cat_selection', 'dummy_alarm_enabled', 'dummy_alarm_type', 'dummy_alarm_sound_path', 'dummy_alarm_volume', 'custom_base', 'custom_mantle', 'custom_surface', 'custom_surface0', 'custom_surface1', 'custom_surface2', 'custom_text', 'custom_subtext0', 'custom_subtext1', 'custom_overlay0', 'custom_overlay1', 'custom_overlay2', 'custom_blue', 'custom_lavender', 'custom_sapphire', 'custom_sky', 'custom_teal', 'custom_green', 'custom_yellow', 'custom_peach', 'custom_maroon', 'custom_red', 'custom_mauve', 'custom_pink', 'custom_flamingo', 'custom_rosewater', 'auto_check_updates', 'exe_creation_path', 'data_folder_path']
2026-08-06 21:18:30,837 - INFO - Setting 'custom_overlay0' updated and saved
2026-08-06 21:18:30,837 - DEBUG - SET setting 'custom_overlay1': #7f849c (previous: #7f849c)
2026-08-06 21:18:30,837 - DEBUG - Attempting to save 41 settings to: C:\Users\user\OneDrive\Desktop\DiscordQuestManager\version 1.1.0\dist\DiscordQuestManager-data\settings.json
2026-08-06 21:18:30,837 - INFO - Successfully saved settings to file
2026-08-06 21:18:30,837 - DEBUG - Saved settings keys: ['theme', 'custom_duration', 'remember_duration', 'minimize_to_tray', 'auto_clean_on_exit', 'discord_auto_open', 'multi_quest_limit', 'dummy_cat_selection', 'dummy_alarm_enabled', 'dummy_alarm_type', 'dummy_alarm_sound_path', 'dummy_alarm_volume', 'custom_base', 'custom_mantle', 'custom_surface', 'custom_surface0', 'custom_surface1', 'custom_surface2', 'custom_text', 'custom_subtext0', 'custom_subtext1', 'custom_overlay0', 'custom_overlay1', 'custom_overlay2', 'custom_blue', 'custom_lavender', 'custom_sapphire', 'custom_sky', 'custom_teal', 'custom_green', 'custom_yellow', 'custom_peach', 'custom_maroon', 'custom_red', 'custom_mauve', 'custom_pink', 'custom_flamingo', 'custom_rosewater', 'auto_check_updates', 'exe_creation_path', 'data_folder_path']
2026-08-06 21:18:30,837 - INFO - Setting 'custom_overlay1' updated and saved
2026-08-06 21:18:30,837 - DEBUG - SET setting 'custom_overlay2': #9399b2 (previous: #9399b2)
2026-08-06 21:18:30,837 - DEBUG - Attempting to save 41 settings to: C:\Users\user\OneDrive\Desktop\DiscordQuestManager\version 1.1.0\dist\DiscordQuestManager-data\settings.json
2026-08-06 21:18:30,838 - INFO - Successfully saved settings to file
2026-08-06 21:18:30,838 - DEBUG - Saved settings keys: ['theme', 'custom_duration', 'remember_duration', 'minimize_to_tray', 'auto_clean_on_exit', 'discord_auto_open', 'multi_quest_limit', 'dummy_cat_selection', 'dummy_alarm_enabled', 'dummy_alarm_type', 'dummy_alarm_sound_path', 'dummy_alarm_volume', 'custom_base', 'custom_mantle', 'custom_surface', 'custom_surface0', 'custom_surface1', 'custom_surface2', 'custom_text', 'custom_subtext0', 'custom_subtext1', 'custom_overlay0', 'custom_overlay1', 'custom_overlay2', 'custom_blue', 'custom_lavender', 'custom_sapphire', 'custom_sky', 'custom_teal', 'custom_green', 'custom_yellow', 'custom_peach', 'custom_maroon', 'custom_red', 'custom_mauve', 'custom_pink', 'custom_flamingo', 'custom_rosewater', 'auto_check_updates', 'exe_creation_path', 'data_folder_path']
2026-08-06 21:18:30,838 - INFO - Setting 'custom_overlay2' updated and saved
2026-08-06 21:18:30,838 - DEBUG - SET setting 'custom_blue': #89b4fa (previous: #89b4fa)
2026-08-06 21:18:30,838 - DEBUG - Attempting to save 41 settings to: C:\Users\user\OneDrive\Desktop\DiscordQuestManager\version 1.1.0\dist\DiscordQuestManager-data\settings.json
2026-08-06 21:18:30,838 - INFO - Successfully saved settings to file
2026-08-06 21:18:30,838 - DEBUG - Saved settings keys: ['theme', 'custom_duration', 'remember_duration', 'minimize_to_tray', 'auto_clean_on_exit', 'discord_auto_open', 'multi_quest_limit', 'dummy_cat_selection', 'dummy_alarm_enabled', 'dummy_alarm_type', 'dummy_alarm_sound_path', 'dummy_alarm_volume', 'custom_base', 'custom_mantle', 'custom_surface', 'custom_surface0', 'custom_surface1', 'custom_surface2', 'custom_text', 'custom_subtext0', 'custom_subtext1', 'custom_overlay0', 'custom_overlay1', 'custom_overlay2', 'custom_blue', 'custom_lavender', 'custom_sapphire', 'custom_sky', 'custom_teal', 'custom_green', 'custom_yellow', 'custom_peach', 'custom_maroon', 'custom_red', 'custom_mauve', 'custom_pink', 'custom_flamingo', 'custom_rosewater', 'auto_check_updates', 'exe_creation_path', 'data_folder_path']
2026-08-06 21:18:30,838 - INFO - Setting 'custom_blue' updated and saved
2026-08-06 21:18:30,839 - DEBUG - SET setting 'custom_lavender': #b4befe (previous: #b4befe)
2026-08-06 21:18:30,839 - DEBUG - Attempting to save 41 settings to: C:\Users\user\OneDrive\Desktop\DiscordQuestManager\version 1.1.0\dist\DiscordQuestManager-data\settings.json
2026-08-06 21:18:30,839 - INFO - Successfully saved settings to file
2026-08-06 21:18:30,839 - DEBUG - Saved settings keys: ['theme', 'custom_duration', 'remember_duration', 'minimize_to_tray', 'auto_clean_on_exit', 'discord_auto_open', 'multi_quest_limit', 'dummy_cat_selection', 'dummy_alarm_enabled', 'dummy_alarm_type', 'dummy_alarm_sound_path', 'dummy_alarm_volume', 'custom_base', 'custom_mantle', 'custom_surface', 'custom_surface0', 'custom_surface1', 'custom_surface2', 'custom_text', 'custom_subtext0', 'custom_subtext1', 'custom_overlay0', 'custom_overlay1', 'custom_overlay2', 'custom_blue', 'custom_lavender', 'custom_sapphire', 'custom_sky', 'custom_teal', 'custom_green', 'custom_yellow', 'custom_peach', 'custom_maroon', 'custom_red', 'custom_mauve', 'custom_pink', 'custom_flamingo', 'custom_rosewater', 'auto_check_updates', 'exe_creation_path', 'data_folder_path']
2026-08-06 21:18:30,839 - INFO - Setting 'custom_lavender' updated and saved
2026-08-06 21:18:30,839 - DEBUG - SET setting 'custom_sapphire': #74c7ec (previous: #74c7ec)
2026-08-06 21:18:30,839 - DEBUG - Attempting to save 41 settings to: C:\Users\user\OneDrive\Desktop\DiscordQuestManager\version 1.1.0\dist\DiscordQuestManager-data\settings.json
2026-08-06 21:18:30,839 - INFO - Successfully saved settings to file
2026-08-06 21:18:30,839 - DEBUG - Saved settings keys: ['theme', 'custom_duration', 'remember_duration', 'minimize_to_tray', 'auto_clean_on_exit', 'discord_auto_open', 'multi_quest_limit', 'dummy_cat_selection', 'dummy_alarm_enabled', 'dummy_alarm_type', 'dummy_alarm_sound_path', 'dummy_alarm_volume', 'custom_base', 'custom_mantle', 'custom_surface', 'custom_surface0', 'custom_surface1', 'custom_surface2', 'custom_text', 'custom_subtext0', 'custom_subtext1', 'custom_overlay0', 'custom_overlay1', 'custom_overlay2', 'custom_blue', 'custom_lavender', 'custom_sapphire', 'custom_sky', 'custom_teal', 'custom_green', 'custom_yellow', 'custom_peach', 'custom_maroon', 'custom_red', 'custom_mauve', 'custom_pink', 'custom_flamingo', 'custom_rosewater', 'auto_check_updates', 'exe_creation_path', 'data_folder_path']
2026-08-06 21:18:30,839 - INFO - Setting 'custom_sapphire' updated and saved
2026-08-06 21:18:30,840 - DEBUG - SET setting 'custom_sky': #89dceb (previous: #89dceb)
2026-08-06 21:18:30,840 - DEBUG - Attempting to save 41 settings to: C:\Users\user\OneDrive\Desktop\DiscordQuestManager\version 1.1.0\dist\DiscordQuestManager-data\settings.json
2026-08-06 21:18:30,840 - INFO - Successfully saved settings to file
2026-08-06 21:18:30,840 - DEBUG - Saved settings keys: ['theme', 'custom_duration', 'remember_duration', 'minimize_to_tray', 'auto_clean_on_exit', 'discord_auto_open', 'multi_quest_limit', 'dummy_cat_selection', 'dummy_alarm_enabled', 'dummy_alarm_type', 'dummy_alarm_sound_path', 'dummy_alarm_volume', 'custom_base', 'custom_mantle', 'custom_surface', 'custom_surface0', 'custom_surface1', 'custom_surface2', 'custom_text', 'custom_subtext0', 'custom_subtext1', 'custom_overlay0', 'custom_overlay1', 'custom_overlay2', 'custom_blue', 'custom_lavender', 'custom_sapphire', 'custom_sky', 'custom_teal', 'custom_green', 'custom_yellow', 'custom_peach', 'custom_maroon', 'custom_red', 'custom_mauve', 'custom_pink', 'custom_flamingo', 'custom_rosewater', 'auto_check_updates', 'exe_creation_path', 'data_folder_path']
2026-08-06 21:18:30,840 - INFO - Setting 'custom_sky' updated and saved
2026-08-06 21:18:30,840 - DEBUG - SET setting 'custom_teal': #94e2d5 (previous: #94e2d5)
2026-08-06 21:18:30,840 - DEBUG - Attempting to save 41 settings to: C:\Users\user\OneDrive\Desktop\DiscordQuestManager\version 1.1.0\dist\DiscordQuestManager-data\settings.json
2026-08-06 21:18:30,841 - INFO - Successfully saved settings to file
2026-08-06 21:18:30,841 - DEBUG - Saved settings keys: ['theme', 'custom_duration', 'remember_duration', 'minimize_to_tray', 'auto_clean_on_exit', 'discord_auto_open', 'multi_quest_limit', 'dummy_cat_selection', 'dummy_alarm_enabled', 'dummy_alarm_type', 'dummy_alarm_sound_path', 'dummy_alarm_volume', 'custom_base', 'custom_mantle', 'custom_surface', 'custom_surface0', 'custom_surface1', 'custom_surface2', 'custom_text', 'custom_subtext0', 'custom_subtext1', 'custom_overlay0', 'custom_overlay1', 'custom_overlay2', 'custom_blue', 'custom_lavender', 'custom_sapphire', 'custom_sky', 'custom_teal', 'custom_green', 'custom_yellow', 'custom_peach', 'custom_maroon', 'custom_red', 'custom_mauve', 'custom_pink', 'custom_flamingo', 'custom_rosewater', 'auto_check_updates', 'exe_creation_path', 'data_folder_path']
2026-08-06 21:18:30,841 - INFO - Setting 'custom_teal' updated and saved
2026-08-06 21:18:30,841 - DEBUG - SET setting 'custom_green': #a6e3a1 (previous: #a6e3a1)
2026-08-06 21:18:30,841 - DEBUG - Attempting to save 41 settings to: C:\Users\user\OneDrive\Desktop\DiscordQuestManager\version 1.1.0\dist\DiscordQuestManager-data\settings.json
2026-08-06 21:18:30,841 - INFO - Successfully saved settings to file
2026-08-06 21:18:30,841 - DEBUG - Saved settings keys: ['theme', 'custom_duration', 'remember_duration', 'minimize_to_tray', 'auto_clean_on_exit', 'discord_auto_open', 'multi_quest_limit', 'dummy_cat_selection', 'dummy_alarm_enabled', 'dummy_alarm_type', 'dummy_alarm_sound_path', 'dummy_alarm_volume', 'custom_base', 'custom_mantle', 'custom_surface', 'custom_surface0', 'custom_surface1', 'custom_surface2', 'custom_text', 'custom_subtext0', 'custom_subtext1', 'custom_overlay0', 'custom_overlay1', 'custom_overlay2', 'custom_blue', 'custom_lavender', 'custom_sapphire', 'custom_sky', 'custom_teal', 'custom_green', 'custom_yellow', 'custom_peach', 'custom_maroon', 'custom_red', 'custom_mauve', 'custom_pink', 'custom_flamingo', 'custom_rosewater', 'auto_check_updates', 'exe_creation_path', 'data_folder_path']
2026-08-06 21:18:30,841 - INFO - Setting 'custom_green' updated and saved
2026-08-06 21:18:30,841 - DEBUG - SET setting 'custom_yellow': #f9e2af (previous: #f9e2af)
2026-08-06 21:18:30,841 - DEBUG - Attempting to save 41 settings to: C:\Users\user\OneDrive\Desktop\DiscordQuestManager\version 1.1.0\dist\DiscordQuestManager-data\settings.json
2026-08-06 21:18:30,842 - INFO - Successfully saved settings to file
2026-08-06 21:18:30,842 - DEBUG - Saved settings keys: ['theme', 'custom_duration', 'remember_duration', 'minimize_to_tray', 'auto_clean_on_exit', 'discord_auto_open', 'multi_quest_limit', 'dummy_cat_selection', 'dummy_alarm_enabled', 'dummy_alarm_type', 'dummy_alarm_sound_path', 'dummy_alarm_volume', 'custom_base', 'custom_mantle', 'custom_surface', 'custom_surface0', 'custom_surface1', 'custom_surface2', 'custom_text', 'custom_subtext0', 'custom_subtext1', 'custom_overlay0', 'custom_overlay1', 'custom_overlay2', 'custom_blue', 'custom_lavender', 'custom_sapphire', 'custom_sky', 'custom_teal', 'custom_green', 'custom_yellow', 'custom_peach', 'custom_maroon', 'custom_red', 'custom_mauve', 'custom_pink', 'custom_flamingo', 'custom_rosewater', 'auto_check_updates', 'exe_creation_path', 'data_folder_path']
2026-08-06 21:18:30,842 - INFO - Setting 'custom_yellow' updated and saved
2026-08-06 21:18:30,842 - DEBUG - SET setting 'custom_peach': #fab387 (previous: #fab387)
2026-08-06 21:18:30,842 - DEBUG - Attempting to save 41 settings to: C:\Users\user\OneDrive\Desktop\DiscordQuestManager\version 1.1.0\dist\DiscordQuestManager-data\settings.json
2026-08-06 21:18:30,842 - INFO - Successfully saved settings to file
2026-08-06 21:18:30,842 - DEBUG - Saved settings keys: ['theme', 'custom_duration', 'remember_duration', 'minimize_to_tray', 'auto_clean_on_exit', 'discord_auto_open', 'multi_quest_limit', 'dummy_cat_selection', 'dummy_alarm_enabled', 'dummy_alarm_type', 'dummy_alarm_sound_path', 'dummy_alarm_volume', 'custom_base', 'custom_mantle', 'custom_surface', 'custom_surface0', 'custom_surface1', 'custom_surface2', 'custom_text', 'custom_subtext0', 'custom_subtext1', 'custom_overlay0', 'custom_overlay1', 'custom_overlay2', 'custom_blue', 'custom_lavender', 'custom_sapphire', 'custom_sky', 'custom_teal', 'custom_green', 'custom_yellow', 'custom_peach', 'custom_maroon', 'custom_red', 'custom_mauve', 'custom_pink', 'custom_flamingo', 'custom_rosewater', 'auto_check_updates', 'exe_creation_path', 'data_folder_path']
2026-08-06 21:18:30,842 - INFO - Setting 'custom_peach' updated and saved
2026-08-06 21:18:30,843 - DEBUG - SET setting 'custom_maroon': #eba0ac (previous: #eba0ac)
2026-08-06 21:18:30,843 - DEBUG - Attempting to save 41 settings to: C:\Users\user\OneDrive\Desktop\DiscordQuestManager\version 1.1.0\dist\DiscordQuestManager-data\settings.json
2026-08-06 21:18:30,843 - INFO - Successfully saved settings to file
2026-08-06 21:18:30,843 - DEBUG - Saved settings keys: ['theme', 'custom_duration', 'remember_duration', 'minimize_to_tray', 'auto_clean_on_exit', 'discord_auto_open', 'multi_quest_limit', 'dummy_cat_selection', 'dummy_alarm_enabled', 'dummy_alarm_type', 'dummy_alarm_sound_path', 'dummy_alarm_volume', 'custom_base', 'custom_mantle', 'custom_surface', 'custom_surface0', 'custom_surface1', 'custom_surface2', 'custom_text', 'custom_subtext0', 'custom_subtext1', 'custom_overlay0', 'custom_overlay1', 'custom_overlay2', 'custom_blue', 'custom_lavender', 'custom_sapphire', 'custom_sky', 'custom_teal', 'custom_green', 'custom_yellow', 'custom_peach', 'custom_maroon', 'custom_red', 'custom_mauve', 'custom_pink', 'custom_flamingo', 'custom_rosewater', 'auto_check_updates', 'exe_creation_path', 'data_folder_path']
2026-08-06 21:18:30,843 - INFO - Setting 'custom_maroon' updated and saved
2026-08-06 21:18:30,843 - DEBUG - SET setting 'custom_red': #f38ba8 (previous: #f38ba8)
2026-08-06 21:18:30,843 - DEBUG - Attempting to save 41 settings to: C:\Users\user\OneDrive\Desktop\DiscordQuestManager\version 1.1.0\dist\DiscordQuestManager-data\settings.json
2026-08-06 21:18:30,844 - INFO - Successfully saved settings to file
2026-08-06 21:18:30,844 - DEBUG - Saved settings keys: ['theme', 'custom_duration', 'remember_duration', 'minimize_to_tray', 'auto_clean_on_exit', 'discord_auto_open', 'multi_quest_limit', 'dummy_cat_selection', 'dummy_alarm_enabled', 'dummy_alarm_type', 'dummy_alarm_sound_path', 'dummy_alarm_volume', 'custom_base', 'custom_mantle', 'custom_surface', 'custom_surface0', 'custom_surface1', 'custom_surface2', 'custom_text', 'custom_subtext0', 'custom_subtext1', 'custom_overlay0', 'custom_overlay1', 'custom_overlay2', 'custom_blue', 'custom_lavender', 'custom_sapphire', 'custom_sky', 'custom_teal', 'custom_green', 'custom_yellow', 'custom_peach', 'custom_maroon', 'custom_red', 'custom_mauve', 'custom_pink', 'custom_flamingo', 'custom_rosewater', 'auto_check_updates', 'exe_creation_path', 'data_folder_path']
2026-08-06 21:18:30,844 - INFO - Setting 'custom_red' updated and saved
2026-08-06 21:18:30,844 - DEBUG - SET setting 'custom_mauve': #cba6f7 (previous: #cba6f7)
2026-08-06 21:18:30,844 - DEBUG - Attempting to save 41 settings to: C:\Users\user\OneDrive\Desktop\DiscordQuestManager\version 1.1.0\dist\DiscordQuestManager-data\settings.json
2026-08-06 21:18:30,844 - INFO - Successfully saved settings to file
2026-08-06 21:18:30,844 - DEBUG - Saved settings keys: ['theme', 'custom_duration', 'remember_duration', 'minimize_to_tray', 'auto_clean_on_exit', 'discord_auto_open', 'multi_quest_limit', 'dummy_cat_selection', 'dummy_alarm_enabled', 'dummy_alarm_type', 'dummy_alarm_sound_path', 'dummy_alarm_volume', 'custom_base', 'custom_mantle', 'custom_surface', 'custom_surface0', 'custom_surface1', 'custom_surface2', 'custom_text', 'custom_subtext0', 'custom_subtext1', 'custom_overlay0', 'custom_overlay1', 'custom_overlay2', 'custom_blue', 'custom_lavender', 'custom_sapphire', 'custom_sky', 'custom_teal', 'custom_green', 'custom_yellow', 'custom_peach', 'custom_maroon', 'custom_red', 'custom_mauve', 'custom_pink', 'custom_flamingo', 'custom_rosewater', 'auto_check_updates', 'exe_creation_path', 'data_folder_path']
2026-08-06 21:18:30,844 - INFO - Setting 'custom_mauve' updated and saved
2026-08-06 21:18:30,844 - DEBUG - SET setting 'custom_pink': #f5c2e7 (previous: #f5c2e7)
2026-08-06 21:18:30,844 - DEBUG - Attempting to save 41 settings to: C:\Users\user\OneDrive\Desktop\DiscordQuestManager\version 1.1.0\dist\DiscordQuestManager-data\settings.json
2026-08-06 21:18:30,845 - INFO - Successfully saved settings to file
2026-08-06 21:18:30,845 - DEBUG - Saved settings keys: ['theme', 'custom_duration', 'remember_duration', 'minimize_to_tray', 'auto_clean_on_exit', 'discord_auto_open', 'multi_quest_limit', 'dummy_cat_selection', 'dummy_alarm_enabled', 'dummy_alarm_type', 'dummy_alarm_sound_path', 'dummy_alarm_volume', 'custom_base', 'custom_mantle', 'custom_surface', 'custom_surface0', 'custom_surface1', 'custom_surface2', 'custom_text', 'custom_subtext0', 'custom_subtext1', 'custom_overlay0', 'custom_overlay1', 'custom_overlay2', 'custom_blue', 'custom_lavender', 'custom_sapphire', 'custom_sky', 'custom_teal', 'custom_green', 'custom_yellow', 'custom_peach', 'custom_maroon', 'custom_red', 'custom_mauve', 'custom_pink', 'custom_flamingo', 'custom_rosewater', 'auto_check_updates', 'exe_creation_path', 'data_folder_path']
2026-08-06 21:18:30,845 - INFO - Setting 'custom_pink' updated and saved
2026-08-06 21:18:30,845 - DEBUG - SET setting 'custom_flamingo': #f2cdcd (previous: #f2cdcd)
2026-08-06 21:18:30,845 - DEBUG - Attempting to save 41 settings to: C:\Users\user\OneDrive\Desktop\DiscordQuestManager\version 1.1.0\dist\DiscordQuestManager-data\settings.json
2026-08-06 21:18:30,846 - INFO - Successfully saved settings to file
2026-08-06 21:18:30,846 - DEBUG - Saved settings keys: ['theme', 'custom_duration', 'remember_duration', 'minimize_to_tray', 'auto_clean_on_exit', 'discord_auto_open', 'multi_quest_limit', 'dummy_cat_selection', 'dummy_alarm_enabled', 'dummy_alarm_type', 'dummy_alarm_sound_path', 'dummy_alarm_volume', 'custom_base', 'custom_mantle', 'custom_surface', 'custom_surface0', 'custom_surface1', 'custom_surface2', 'custom_text', 'custom_subtext0', 'custom_subtext1', 'custom_overlay0', 'custom_overlay1', 'custom_overlay2', 'custom_blue', 'custom_lavender', 'custom_sapphire', 'custom_sky', 'custom_teal', 'custom_green', 'custom_yellow', 'custom_peach', 'custom_maroon', 'custom_red', 'custom_mauve', 'custom_pink', 'custom_flamingo', 'custom_rosewater', 'auto_check_updates', 'exe_creation_path', 'data_folder_path']
2026-08-06 21:18:30,846 - INFO - Setting 'custom_flamingo' updated and saved
2026-08-06 21:18:30,846 - DEBUG - SET setting 'custom_rosewater': #f5e0dc (previous: #f5e0dc)
2026-08-06 21:18:30,846 - DEBUG - Attempting to save 41 settings to: C:\Users\user\OneDrive\Desktop\DiscordQuestManager\version 1.1.0\dist\DiscordQuestManager-data\settings.json
2026-08-06 21:18:30,846 - INFO - Successfully saved settings to file
2026-08-06 21:18:30,846 - DEBUG - Saved settings keys: ['theme', 'custom_duration', 'remember_duration', 'minimize_to_tray', 'auto_clean_on_exit', 'discord_auto_open', 'multi_quest_limit', 'dummy_cat_selection', 'dummy_alarm_enabled', 'dummy_alarm_type', 'dummy_alarm_sound_path', 'dummy_alarm_volume', 'custom_base', 'custom_mantle', 'custom_surface', 'custom_surface0', 'custom_surface1', 'custom_surface2', 'custom_text', 'custom_subtext0', 'custom_subtext1', 'custom_overlay0', 'custom_overlay1', 'custom_overlay2', 'custom_blue', 'custom_lavender', 'custom_sapphire', 'custom_sky', 'custom_teal', 'custom_green', 'custom_yellow', 'custom_peach', 'custom_maroon', 'custom_red', 'custom_mauve', 'custom_pink', 'custom_flamingo', 'custom_rosewater', 'auto_check_updates', 'exe_creation_path', 'data_folder_path']
2026-08-06 21:18:30,846 - INFO - Setting 'custom_rosewater' updated and saved
2026-08-06 21:18:30,846 - DEBUG - GET setting 'custom_duration': 1 (default: 15)
2026-08-06 21:18:30,846 - DEBUG - GET setting 'multi_quest_limit': 0 (default: 0)
2026-08-06 21:18:30,846 - DEBUG - GET setting 'remember_duration': True (default: True)
2026-08-06 21:18:30,846 - DEBUG - GET setting 'minimize_to_tray': False (default: False)
2026-08-06 21:18:30,846 - DEBUG - GET setting 'auto_clean_on_exit': False (default: True)
2026-08-06 21:18:30,846 - DEBUG - GET setting 'discord_auto_open': True (default: True)
2026-08-06 21:18:30,846 - DEBUG - GET setting 'auto_check_updates': False (default: True)
2026-08-06 21:18:30,846 - DEBUG - GET setting 'dummy_cat_selection': Cat-3 (default: Cat-1)
2026-08-06 21:18:30,846 - DEBUG - GET setting 'exe_creation_path':  (default: )
2026-08-06 21:18:30,846 - DEBUG - GET setting 'data_folder_path':  (default: )
2026-08-06 21:18:30,846 - INFO - Settings saved successfully
2026-08-06 21:18:37,560 - INFO - Save button clicked - starting save process
2026-08-06 21:18:37,615 - DEBUG - Collected 10 custom colors
2026-08-06 21:18:37,616 - DEBUG - Merged with mocha defaults, now have 26 total colors
2026-08-06 21:18:37,616 - DEBUG - Added 26 custom colors to new_settings
2026-08-06 21:18:37,616 - DEBUG - Created new_settings dict with 41 keys
2026-08-06 21:18:37,616 - DEBUG - Theme changed: False, Is custom theme: True
2026-08-06 21:18:37,616 - INFO - Calling theme change callback
2026-08-06 21:18:37,616 - INFO - set_theme called with theme: custom, custom_colors: True
2026-08-06 21:18:37,616 - INFO - Setting custom theme with 26 colors
2026-08-06 21:18:37,616 - INFO - Saved custom theme to C:\Users\user\AppData\Local\Temp\_MEI57682\core\themes\custom.json
2026-08-06 21:18:37,616 - INFO - Theme set to: custom with 26 colors
2026-08-06 21:18:37,616 - INFO - Calling theme change callback
2026-08-06 21:18:37,628 - INFO - Calling on_save callback
2026-08-06 21:18:37,628 - DEBUG - SET setting 'theme': custom (previous: custom)
2026-08-06 21:18:37,628 - DEBUG - Attempting to save 41 settings to: C:\Users\user\OneDrive\Desktop\DiscordQuestManager\version 1.1.0\dist\DiscordQuestManager-data\settings.json
2026-08-06 21:18:37,629 - INFO - Successfully saved settings to file
2026-08-06 21:18:37,629 - DEBUG - Saved settings keys: ['theme', 'custom_duration', 'remember_duration', 'minimize_to_tray', 'auto_clean_on_exit', 'discord_auto_open', 'multi_quest_limit', 'dummy_cat_selection', 'dummy_alarm_enabled', 'dummy_alarm_type', 'dummy_alarm_sound_path', 'dummy_alarm_volume', 'custom_base', 'custom_mantle', 'custom_surface', 'custom_surface0', 'custom_surface1', 'custom_surface2', 'custom_text', 'custom_subtext0', 'custom_subtext1', 'custom_overlay0', 'custom_overlay1', 'custom_overlay2', 'custom_blue', 'custom_lavender', 'custom_sapphire', 'custom_sky', 'custom_teal', 'custom_green', 'custom_yellow', 'custom_peach', 'custom_maroon', 'custom_red', 'custom_mauve', 'custom_pink', 'custom_flamingo', 'custom_rosewater', 'auto_check_updates', 'exe_creation_path', 'data_folder_path']
2026-08-06 21:18:37,629 - INFO - Setting 'theme' updated and saved
2026-08-06 21:18:37,629 - DEBUG - SET setting 'custom_duration': 1 (previous: 1)
2026-08-06 21:18:37,629 - DEBUG - Attempting to save 41 settings to: C:\Users\user\OneDrive\Desktop\DiscordQuestManager\version 1.1.0\dist\DiscordQuestManager-data\settings.json
2026-08-06 21:18:37,630 - INFO - Successfully saved settings to file
2026-08-06 21:18:37,630 - DEBUG - Saved settings keys: ['theme', 'custom_duration', 'remember_duration', 'minimize_to_tray', 'auto_clean_on_exit', 'discord_auto_open', 'multi_quest_limit', 'dummy_cat_selection', 'dummy_alarm_enabled', 'dummy_alarm_type', 'dummy_alarm_sound_path', 'dummy_alarm_volume', 'custom_base', 'custom_mantle', 'custom_surface', 'custom_surface0', 'custom_surface1', 'custom_surface2', 'custom_text', 'custom_subtext0', 'custom_subtext1', 'custom_overlay0', 'custom_overlay1', 'custom_overlay2', 'custom_blue', 'custom_lavender', 'custom_sapphire', 'custom_sky', 'custom_teal', 'custom_green', 'custom_yellow', 'custom_peach', 'custom_maroon', 'custom_red', 'custom_mauve', 'custom_pink', 'custom_flamingo', 'custom_rosewater', 'auto_check_updates', 'exe_creation_path', 'data_folder_path']
2026-08-06 21:18:37,630 - INFO - Setting 'custom_duration' updated and saved
2026-08-06 21:18:37,630 - DEBUG - SET setting 'remember_duration': True (previous: True)
2026-08-06 21:18:37,630 - DEBUG - Attempting to save 41 settings to: C:\Users\user\OneDrive\Desktop\DiscordQuestManager\version 1.1.0\dist\DiscordQuestManager-data\settings.json
2026-08-06 21:18:37,630 - INFO - Successfully saved settings to file
2026-08-06 21:18:37,630 - DEBUG - Saved settings keys: ['theme', 'custom_duration', 'remember_duration', 'minimize_to_tray', 'auto_clean_on_exit', 'discord_auto_open', 'multi_quest_limit', 'dummy_cat_selection', 'dummy_alarm_enabled', 'dummy_alarm_type', 'dummy_alarm_sound_path', 'dummy_alarm_volume', 'custom_base', 'custom_mantle', 'custom_surface', 'custom_surface0', 'custom_surface1', 'custom_surface2', 'custom_text', 'custom_subtext0', 'custom_subtext1', 'custom_overlay0', 'custom_overlay1', 'custom_overlay2', 'custom_blue', 'custom_lavender', 'custom_sapphire', 'custom_sky', 'custom_teal', 'custom_green', 'custom_yellow', 'custom_peach', 'custom_maroon', 'custom_red', 'custom_mauve', 'custom_pink', 'custom_flamingo', 'custom_rosewater', 'auto_check_updates', 'exe_creation_path', 'data_folder_path']
2026-08-06 21:18:37,630 - INFO - Setting 'remember_duration' updated and saved
2026-08-06 21:18:37,630 - DEBUG - SET setting 'minimize_to_tray': False (previous: False)
2026-08-06 21:18:37,630 - DEBUG - Attempting to save 41 settings to: C:\Users\user\OneDrive\Desktop\DiscordQuestManager\version 1.1.0\dist\DiscordQuestManager-data\settings.json
2026-08-06 21:18:37,631 - INFO - Successfully saved settings to file
2026-08-06 21:18:37,631 - DEBUG - Saved settings keys: ['theme', 'custom_duration', 'remember_duration', 'minimize_to_tray', 'auto_clean_on_exit', 'discord_auto_open', 'multi_quest_limit', 'dummy_cat_selection', 'dummy_alarm_enabled', 'dummy_alarm_type', 'dummy_alarm_sound_path', 'dummy_alarm_volume', 'custom_base', 'custom_mantle', 'custom_surface', 'custom_surface0', 'custom_surface1', 'custom_surface2', 'custom_text', 'custom_subtext0', 'custom_subtext1', 'custom_overlay0', 'custom_overlay1', 'custom_overlay2', 'custom_blue', 'custom_lavender', 'custom_sapphire', 'custom_sky', 'custom_teal', 'custom_green', 'custom_yellow', 'custom_peach', 'custom_maroon', 'custom_red', 'custom_mauve', 'custom_pink', 'custom_flamingo', 'custom_rosewater', 'auto_check_updates', 'exe_creation_path', 'data_folder_path']
2026-08-06 21:18:37,631 - INFO - Setting 'minimize_to_tray' updated and saved
2026-08-06 21:18:37,631 - DEBUG - SET setting 'auto_clean_on_exit': False (previous: False)
2026-08-06 21:18:37,631 - DEBUG - Attempting to save 41 settings to: C:\Users\user\OneDrive\Desktop\DiscordQuestManager\version 1.1.0\dist\DiscordQuestManager-data\settings.json
2026-08-06 21:18:37,631 - INFO - Successfully saved settings to file
2026-08-06 21:18:37,631 - DEBUG - Saved settings keys: ['theme', 'custom_duration', 'remember_duration', 'minimize_to_tray', 'auto_clean_on_exit', 'discord_auto_open', 'multi_quest_limit', 'dummy_cat_selection', 'dummy_alarm_enabled', 'dummy_alarm_type', 'dummy_alarm_sound_path', 'dummy_alarm_volume', 'custom_base', 'custom_mantle', 'custom_surface', 'custom_surface0', 'custom_surface1', 'custom_surface2', 'custom_text', 'custom_subtext0', 'custom_subtext1', 'custom_overlay0', 'custom_overlay1', 'custom_overlay2', 'custom_blue', 'custom_lavender', 'custom_sapphire', 'custom_sky', 'custom_teal', 'custom_green', 'custom_yellow', 'custom_peach', 'custom_maroon', 'custom_red', 'custom_mauve', 'custom_pink', 'custom_flamingo', 'custom_rosewater', 'auto_check_updates', 'exe_creation_path', 'data_folder_path']
2026-08-06 21:18:37,631 - INFO - Setting 'auto_clean_on_exit' updated and saved
2026-08-06 21:18:37,631 - DEBUG - SET setting 'discord_auto_open': True (previous: True)
2026-08-06 21:18:37,631 - DEBUG - Attempting to save 41 settings to: C:\Users\user\OneDrive\Desktop\DiscordQuestManager\version 1.1.0\dist\DiscordQuestManager-data\settings.json
2026-08-06 21:18:37,632 - INFO - Successfully saved settings to file
2026-08-06 21:18:37,632 - DEBUG - Saved settings keys: ['theme', 'custom_duration', 'remember_duration', 'minimize_to_tray', 'auto_clean_on_exit', 'discord_auto_open', 'multi_quest_limit', 'dummy_cat_selection', 'dummy_alarm_enabled', 'dummy_alarm_type', 'dummy_alarm_sound_path', 'dummy_alarm_volume', 'custom_base', 'custom_mantle', 'custom_surface', 'custom_surface0', 'custom_surface1', 'custom_surface2', 'custom_text', 'custom_subtext0', 'custom_subtext1', 'custom_overlay0', 'custom_overlay1', 'custom_overlay2', 'custom_blue', 'custom_lavender', 'custom_sapphire', 'custom_sky', 'custom_teal', 'custom_green', 'custom_yellow', 'custom_peach', 'custom_maroon', 'custom_red', 'custom_mauve', 'custom_pink', 'custom_flamingo', 'custom_rosewater', 'auto_check_updates', 'exe_creation_path', 'data_folder_path']
2026-08-06 21:18:37,632 - INFO - Setting 'discord_auto_open' updated and saved
2026-08-06 21:18:37,632 - DEBUG - SET setting 'multi_quest_limit': 0 (previous: 0)
2026-08-06 21:18:37,632 - DEBUG - Attempting to save 41 settings to: C:\Users\user\OneDrive\Desktop\DiscordQuestManager\version 1.1.0\dist\DiscordQuestManager-data\settings.json
2026-08-06 21:18:37,632 - INFO - Successfully saved settings to file
2026-08-06 21:18:37,632 - DEBUG - Saved settings keys: ['theme', 'custom_duration', 'remember_duration', 'minimize_to_tray', 'auto_clean_on_exit', 'discord_auto_open', 'multi_quest_limit', 'dummy_cat_selection', 'dummy_alarm_enabled', 'dummy_alarm_type', 'dummy_alarm_sound_path', 'dummy_alarm_volume', 'custom_base', 'custom_mantle', 'custom_surface', 'custom_surface0', 'custom_surface1', 'custom_surface2', 'custom_text', 'custom_subtext0', 'custom_subtext1', 'custom_overlay0', 'custom_overlay1', 'custom_overlay2', 'custom_blue', 'custom_lavender', 'custom_sapphire', 'custom_sky', 'custom_teal', 'custom_green', 'custom_yellow', 'custom_peach', 'custom_maroon', 'custom_red', 'custom_mauve', 'custom_pink', 'custom_flamingo', 'custom_rosewater', 'auto_check_updates', 'exe_creation_path', 'data_folder_path']
2026-08-06 21:18:37,632 - INFO - Setting 'multi_quest_limit' updated and saved
2026-08-06 21:18:37,632 - DEBUG - SET setting 'auto_check_updates': False (previous: False)
2026-08-06 21:18:37,632 - DEBUG - Attempting to save 41 settings to: C:\Users\user\OneDrive\Desktop\DiscordQuestManager\version 1.1.0\dist\DiscordQuestManager-data\settings.json
2026-08-06 21:18:37,633 - INFO - Successfully saved settings to file
2026-08-06 21:18:37,633 - DEBUG - Saved settings keys: ['theme', 'custom_duration', 'remember_duration', 'minimize_to_tray', 'auto_clean_on_exit', 'discord_auto_open', 'multi_quest_limit', 'dummy_cat_selection', 'dummy_alarm_enabled', 'dummy_alarm_type', 'dummy_alarm_sound_path', 'dummy_alarm_volume', 'custom_base', 'custom_mantle', 'custom_surface', 'custom_surface0', 'custom_surface1', 'custom_surface2', 'custom_text', 'custom_subtext0', 'custom_subtext1', 'custom_overlay0', 'custom_overlay1', 'custom_overlay2', 'custom_blue', 'custom_lavender', 'custom_sapphire', 'custom_sky', 'custom_teal', 'custom_green', 'custom_yellow', 'custom_peach', 'custom_maroon', 'custom_red', 'custom_mauve', 'custom_pink', 'custom_flamingo', 'custom_rosewater', 'auto_check_updates', 'exe_creation_path', 'data_folder_path']
2026-08-06 21:18:37,633 - INFO - Setting 'auto_check_updates' updated and saved
2026-08-06 21:18:37,633 - DEBUG - SET setting 'dummy_cat_selection': Cat-1 (previous: Cat-3)
2026-08-06 21:18:37,633 - DEBUG - Attempting to save 41 settings to: C:\Users\user\OneDrive\Desktop\DiscordQuestManager\version 1.1.0\dist\DiscordQuestManager-data\settings.json
2026-08-06 21:18:37,633 - INFO - Successfully saved settings to file
2026-08-06 21:18:37,633 - DEBUG - Saved settings keys: ['theme', 'custom_duration', 'remember_duration', 'minimize_to_tray', 'auto_clean_on_exit', 'discord_auto_open', 'multi_quest_limit', 'dummy_cat_selection', 'dummy_alarm_enabled', 'dummy_alarm_type', 'dummy_alarm_sound_path', 'dummy_alarm_volume', 'custom_base', 'custom_mantle', 'custom_surface', 'custom_surface0', 'custom_surface1', 'custom_surface2', 'custom_text', 'custom_subtext0', 'custom_subtext1', 'custom_overlay0', 'custom_overlay1', 'custom_overlay2', 'custom_blue', 'custom_lavender', 'custom_sapphire', 'custom_sky', 'custom_teal', 'custom_green', 'custom_yellow', 'custom_peach', 'custom_maroon', 'custom_red', 'custom_mauve', 'custom_pink', 'custom_flamingo', 'custom_rosewater', 'auto_check_updates', 'exe_creation_path', 'data_folder_path']
2026-08-06 21:18:37,633 - INFO - Setting 'dummy_cat_selection' updated and saved
2026-08-06 21:18:37,633 - DEBUG - SET setting 'dummy_alarm_enabled': True (previous: True)
2026-08-06 21:18:37,633 - DEBUG - Attempting to save 41 settings to: C:\Users\user\OneDrive\Desktop\DiscordQuestManager\version 1.1.0\dist\DiscordQuestManager-data\settings.json
2026-08-06 21:18:37,634 - INFO - Successfully saved settings to file
2026-08-06 21:18:37,634 - DEBUG - Saved settings keys: ['theme', 'custom_duration', 'remember_duration', 'minimize_to_tray', 'auto_clean_on_exit', 'discord_auto_open', 'multi_quest_limit', 'dummy_cat_selection', 'dummy_alarm_enabled', 'dummy_alarm_type', 'dummy_alarm_sound_path', 'dummy_alarm_volume', 'custom_base', 'custom_mantle', 'custom_surface', 'custom_surface0', 'custom_surface1', 'custom_surface2', 'custom_text', 'custom_subtext0', 'custom_subtext1', 'custom_overlay0', 'custom_overlay1', 'custom_overlay2', 'custom_blue', 'custom_lavender', 'custom_sapphire', 'custom_sky', 'custom_teal', 'custom_green', 'custom_yellow', 'custom_peach', 'custom_maroon', 'custom_red', 'custom_mauve', 'custom_pink', 'custom_flamingo', 'custom_rosewater', 'auto_check_updates', 'exe_creation_path', 'data_folder_path']
2026-08-06 21:18:37,634 - INFO - Setting 'dummy_alarm_enabled' updated and saved
2026-08-06 21:18:37,634 - DEBUG - SET setting 'dummy_alarm_type': custom (previous: custom)
2026-08-06 21:18:37,634 - DEBUG - Attempting to save 41 settings to: C:\Users\user\OneDrive\Desktop\DiscordQuestManager\version 1.1.0\dist\DiscordQuestManager-data\settings.json
2026-08-06 21:18:37,640 - INFO - Successfully saved settings to file
2026-08-06 21:18:37,640 - DEBUG - Saved settings keys: ['theme', 'custom_duration', 'remember_duration', 'minimize_to_tray', 'auto_clean_on_exit', 'discord_auto_open', 'multi_quest_limit', 'dummy_cat_selection', 'dummy_alarm_enabled', 'dummy_alarm_type', 'dummy_alarm_sound_path', 'dummy_alarm_volume', 'custom_base', 'custom_mantle', 'custom_surface', 'custom_surface0', 'custom_surface1', 'custom_surface2', 'custom_text', 'custom_subtext0', 'custom_subtext1', 'custom_overlay0', 'custom_overlay1', 'custom_overlay2', 'custom_blue', 'custom_lavender', 'custom_sapphire', 'custom_sky', 'custom_teal', 'custom_green', 'custom_yellow', 'custom_peach', 'custom_maroon', 'custom_red', 'custom_mauve', 'custom_pink', 'custom_flamingo', 'custom_rosewater', 'auto_check_updates', 'exe_creation_path', 'data_folder_path']
2026-08-06 21:18:37,640 - INFO - Setting 'dummy_alarm_type' updated and saved
2026-08-06 21:18:37,640 - DEBUG - SET setting 'dummy_alarm_sound_path': C:/Users/user/Downloads/image/fahhhhhhhhhhhhhh.mp3 (previous: C:/Users/user/Downloads/image/fahhhhhhhhhhhhhh.mp3)
2026-08-06 21:18:37,640 - DEBUG - Attempting to save 41 settings to: C:\Users\user\OneDrive\Desktop\DiscordQuestManager\version 1.1.0\dist\DiscordQuestManager-data\settings.json
2026-08-06 21:18:37,640 - INFO - Successfully saved settings to file
2026-08-06 21:18:37,641 - DEBUG - Saved settings keys: ['theme', 'custom_duration', 'remember_duration', 'minimize_to_tray', 'auto_clean_on_exit', 'discord_auto_open', 'multi_quest_limit', 'dummy_cat_selection', 'dummy_alarm_enabled', 'dummy_alarm_type', 'dummy_alarm_sound_path', 'dummy_alarm_volume', 'custom_base', 'custom_mantle', 'custom_surface', 'custom_surface0', 'custom_surface1', 'custom_surface2', 'custom_text', 'custom_subtext0', 'custom_subtext1', 'custom_overlay0', 'custom_overlay1', 'custom_overlay2', 'custom_blue', 'custom_lavender', 'custom_sapphire', 'custom_sky', 'custom_teal', 'custom_green', 'custom_yellow', 'custom_peach', 'custom_maroon', 'custom_red', 'custom_mauve', 'custom_pink', 'custom_flamingo', 'custom_rosewater', 'auto_check_updates', 'exe_creation_path', 'data_folder_path']
2026-08-06 21:18:37,641 - INFO - Setting 'dummy_alarm_sound_path' updated and saved
2026-08-06 21:18:37,641 - DEBUG - SET setting 'dummy_alarm_volume': 100 (previous: 100)
2026-08-06 21:18:37,641 - DEBUG - Attempting to save 41 settings to: C:\Users\user\OneDrive\Desktop\DiscordQuestManager\version 1.1.0\dist\DiscordQuestManager-data\settings.json
2026-08-06 21:18:37,641 - INFO - Successfully saved settings to file
2026-08-06 21:18:37,641 - DEBUG - Saved settings keys: ['theme', 'custom_duration', 'remember_duration', 'minimize_to_tray', 'auto_clean_on_exit', 'discord_auto_open', 'multi_quest_limit', 'dummy_cat_selection', 'dummy_alarm_enabled', 'dummy_alarm_type', 'dummy_alarm_sound_path', 'dummy_alarm_volume', 'custom_base', 'custom_mantle', 'custom_surface', 'custom_surface0', 'custom_surface1', 'custom_surface2', 'custom_text', 'custom_subtext0', 'custom_subtext1', 'custom_overlay0', 'custom_overlay1', 'custom_overlay2', 'custom_blue', 'custom_lavender', 'custom_sapphire', 'custom_sky', 'custom_teal', 'custom_green', 'custom_yellow', 'custom_peach', 'custom_maroon', 'custom_red', 'custom_mauve', 'custom_pink', 'custom_flamingo', 'custom_rosewater', 'auto_check_updates', 'exe_creation_path', 'data_folder_path']
2026-08-06 21:18:37,641 - INFO - Setting 'dummy_alarm_volume' updated and saved
2026-08-06 21:18:37,641 - DEBUG - SET setting 'exe_creation_path':  (previous: )
2026-08-06 21:18:37,641 - DEBUG - Attempting to save 41 settings to: C:\Users\user\OneDrive\Desktop\DiscordQuestManager\version 1.1.0\dist\DiscordQuestManager-data\settings.json
2026-08-06 21:18:37,642 - INFO - Successfully saved settings to file
2026-08-06 21:18:37,642 - DEBUG - Saved settings keys: ['theme', 'custom_duration', 'remember_duration', 'minimize_to_tray', 'auto_clean_on_exit', 'discord_auto_open', 'multi_quest_limit', 'dummy_cat_selection', 'dummy_alarm_enabled', 'dummy_alarm_type', 'dummy_alarm_sound_path', 'dummy_alarm_volume', 'custom_base', 'custom_mantle', 'custom_surface', 'custom_surface0', 'custom_surface1', 'custom_surface2', 'custom_text', 'custom_subtext0', 'custom_subtext1', 'custom_overlay0', 'custom_overlay1', 'custom_overlay2', 'custom_blue', 'custom_lavender', 'custom_sapphire', 'custom_sky', 'custom_teal', 'custom_green', 'custom_yellow', 'custom_peach', 'custom_maroon', 'custom_red', 'custom_mauve', 'custom_pink', 'custom_flamingo', 'custom_rosewater', 'auto_check_updates', 'exe_creation_path', 'data_folder_path']
2026-08-06 21:18:37,642 - INFO - Setting 'exe_creation_path' updated and saved
2026-08-06 21:18:37,642 - DEBUG - SET setting 'data_folder_path':  (previous: )
2026-08-06 21:18:37,642 - DEBUG - Attempting to save 41 settings to: C:\Users\user\OneDrive\Desktop\DiscordQuestManager\version 1.1.0\dist\DiscordQuestManager-data\settings.json
2026-08-06 21:18:37,642 - INFO - Successfully saved settings to file
2026-08-06 21:18:37,642 - DEBUG - Saved settings keys: ['theme', 'custom_duration', 'remember_duration', 'minimize_to_tray', 'auto_clean_on_exit', 'discord_auto_open', 'multi_quest_limit', 'dummy_cat_selection', 'dummy_alarm_enabled', 'dummy_alarm_type', 'dummy_alarm_sound_path', 'dummy_alarm_volume', 'custom_base', 'custom_mantle', 'custom_surface', 'custom_surface0', 'custom_surface1', 'custom_surface2', 'custom_text', 'custom_subtext0', 'custom_subtext1', 'custom_overlay0', 'custom_overlay1', 'custom_overlay2', 'custom_blue', 'custom_lavender', 'custom_sapphire', 'custom_sky', 'custom_teal', 'custom_green', 'custom_yellow', 'custom_peach', 'custom_maroon', 'custom_red', 'custom_mauve', 'custom_pink', 'custom_flamingo', 'custom_rosewater', 'auto_check_updates', 'exe_creation_path', 'data_folder_path']
2026-08-06 21:18:37,642 - INFO - Setting 'data_folder_path' updated and saved
2026-08-06 21:18:37,642 - DEBUG - SET setting 'custom_base': #1e1e2e (previous: #1e1e2e)
2026-08-06 21:18:37,642 - DEBUG - Attempting to save 41 settings to: C:\Users\user\OneDrive\Desktop\DiscordQuestManager\version 1.1.0\dist\DiscordQuestManager-data\settings.json
2026-08-06 21:18:37,643 - INFO - Successfully saved settings to file
2026-08-06 21:18:37,643 - DEBUG - Saved settings keys: ['theme', 'custom_duration', 'remember_duration', 'minimize_to_tray', 'auto_clean_on_exit', 'discord_auto_open', 'multi_quest_limit', 'dummy_cat_selection', 'dummy_alarm_enabled', 'dummy_alarm_type', 'dummy_alarm_sound_path', 'dummy_alarm_volume', 'custom_base', 'custom_mantle', 'custom_surface', 'custom_surface0', 'custom_surface1', 'custom_surface2', 'custom_text', 'custom_subtext0', 'custom_subtext1', 'custom_overlay0', 'custom_overlay1', 'custom_overlay2', 'custom_blue', 'custom_lavender', 'custom_sapphire', 'custom_sky', 'custom_teal', 'custom_green', 'custom_yellow', 'custom_peach', 'custom_maroon', 'custom_red', 'custom_mauve', 'custom_pink', 'custom_flamingo', 'custom_rosewater', 'auto_check_updates', 'exe_creation_path', 'data_folder_path']
2026-08-06 21:18:37,643 - INFO - Setting 'custom_base' updated and saved
2026-08-06 21:18:37,643 - DEBUG - SET setting 'custom_mantle': #181825 (previous: #181825)
2026-08-06 21:18:37,643 - DEBUG - Attempting to save 41 settings to: C:\Users\user\OneDrive\Desktop\DiscordQuestManager\version 1.1.0\dist\DiscordQuestManager-data\settings.json
2026-08-06 21:18:37,643 - INFO - Successfully saved settings to file
2026-08-06 21:18:37,643 - DEBUG - Saved settings keys: ['theme', 'custom_duration', 'remember_duration', 'minimize_to_tray', 'auto_clean_on_exit', 'discord_auto_open', 'multi_quest_limit', 'dummy_cat_selection', 'dummy_alarm_enabled', 'dummy_alarm_type', 'dummy_alarm_sound_path', 'dummy_alarm_volume', 'custom_base', 'custom_mantle', 'custom_surface', 'custom_surface0', 'custom_surface1', 'custom_surface2', 'custom_text', 'custom_subtext0', 'custom_subtext1', 'custom_overlay0', 'custom_overlay1', 'custom_overlay2', 'custom_blue', 'custom_lavender', 'custom_sapphire', 'custom_sky', 'custom_teal', 'custom_green', 'custom_yellow', 'custom_peach', 'custom_maroon', 'custom_red', 'custom_mauve', 'custom_pink', 'custom_flamingo', 'custom_rosewater', 'auto_check_updates', 'exe_creation_path', 'data_folder_path']
2026-08-06 21:18:37,643 - INFO - Setting 'custom_mantle' updated and saved
2026-08-06 21:18:37,643 - DEBUG - SET setting 'custom_surface': #313244 (previous: #313244)
2026-08-06 21:18:37,643 - DEBUG - Attempting to save 41 settings to: C:\Users\user\OneDrive\Desktop\DiscordQuestManager\version 1.1.0\dist\DiscordQuestManager-data\settings.json
2026-08-06 21:18:37,644 - INFO - Successfully saved settings to file
2026-08-06 21:18:37,644 - DEBUG - Saved settings keys: ['theme', 'custom_duration', 'remember_duration', 'minimize_to_tray', 'auto_clean_on_exit', 'discord_auto_open', 'multi_quest_limit', 'dummy_cat_selection', 'dummy_alarm_enabled', 'dummy_alarm_type', 'dummy_alarm_sound_path', 'dummy_alarm_volume', 'custom_base', 'custom_mantle', 'custom_surface', 'custom_surface0', 'custom_surface1', 'custom_surface2', 'custom_text', 'custom_subtext0', 'custom_subtext1', 'custom_overlay0', 'custom_overlay1', 'custom_overlay2', 'custom_blue', 'custom_lavender', 'custom_sapphire', 'custom_sky', 'custom_teal', 'custom_green', 'custom_yellow', 'custom_peach', 'custom_maroon', 'custom_red', 'custom_mauve', 'custom_pink', 'custom_flamingo', 'custom_rosewater', 'auto_check_updates', 'exe_creation_path', 'data_folder_path']
2026-08-06 21:18:37,644 - INFO - Setting 'custom_surface' updated and saved
2026-08-06 21:18:37,644 - DEBUG - SET setting 'custom_surface0': #45475a (previous: #45475a)
2026-08-06 21:18:37,644 - DEBUG - Attempting to save 41 settings to: C:\Users\user\OneDrive\Desktop\DiscordQuestManager\version 1.1.0\dist\DiscordQuestManager-data\settings.json
2026-08-06 21:18:37,645 - INFO - Successfully saved settings to file
2026-08-06 21:18:37,645 - DEBUG - Saved settings keys: ['theme', 'custom_duration', 'remember_duration', 'minimize_to_tray', 'auto_clean_on_exit', 'discord_auto_open', 'multi_quest_limit', 'dummy_cat_selection', 'dummy_alarm_enabled', 'dummy_alarm_type', 'dummy_alarm_sound_path', 'dummy_alarm_volume', 'custom_base', 'custom_mantle', 'custom_surface', 'custom_surface0', 'custom_surface1', 'custom_surface2', 'custom_text', 'custom_subtext0', 'custom_subtext1', 'custom_overlay0', 'custom_overlay1', 'custom_overlay2', 'custom_blue', 'custom_lavender', 'custom_sapphire', 'custom_sky', 'custom_teal', 'custom_green', 'custom_yellow', 'custom_peach', 'custom_maroon', 'custom_red', 'custom_mauve', 'custom_pink', 'custom_flamingo', 'custom_rosewater', 'auto_check_updates', 'exe_creation_path', 'data_folder_path']
2026-08-06 21:18:37,645 - INFO - Setting 'custom_surface0' updated and saved
2026-08-06 21:18:37,645 - DEBUG - SET setting 'custom_surface1': #585b70 (previous: #585b70)
2026-08-06 21:18:37,645 - DEBUG - Attempting to save 41 settings to: C:\Users\user\OneDrive\Desktop\DiscordQuestManager\version 1.1.0\dist\DiscordQuestManager-data\settings.json
2026-08-06 21:18:37,645 - INFO - Successfully saved settings to file
2026-08-06 21:18:37,645 - DEBUG - Saved settings keys: ['theme', 'custom_duration', 'remember_duration', 'minimize_to_tray', 'auto_clean_on_exit', 'discord_auto_open', 'multi_quest_limit', 'dummy_cat_selection', 'dummy_alarm_enabled', 'dummy_alarm_type', 'dummy_alarm_sound_path', 'dummy_alarm_volume', 'custom_base', 'custom_mantle', 'custom_surface', 'custom_surface0', 'custom_surface1', 'custom_surface2', 'custom_text', 'custom_subtext0', 'custom_subtext1', 'custom_overlay0', 'custom_overlay1', 'custom_overlay2', 'custom_blue', 'custom_lavender', 'custom_sapphire', 'custom_sky', 'custom_teal', 'custom_green', 'custom_yellow', 'custom_peach', 'custom_maroon', 'custom_red', 'custom_mauve', 'custom_pink', 'custom_flamingo', 'custom_rosewater', 'auto_check_updates', 'exe_creation_path', 'data_folder_path']
2026-08-06 21:18:37,645 - INFO - Setting 'custom_surface1' updated and saved
2026-08-06 21:18:37,645 - DEBUG - SET setting 'custom_surface2': #45475a (previous: #45475a)
2026-08-06 21:18:37,645 - DEBUG - Attempting to save 41 settings to: C:\Users\user\OneDrive\Desktop\DiscordQuestManager\version 1.1.0\dist\DiscordQuestManager-data\settings.json
2026-08-06 21:18:37,646 - INFO - Successfully saved settings to file
2026-08-06 21:18:37,646 - DEBUG - Saved settings keys: ['theme', 'custom_duration', 'remember_duration', 'minimize_to_tray', 'auto_clean_on_exit', 'discord_auto_open', 'multi_quest_limit', 'dummy_cat_selection', 'dummy_alarm_enabled', 'dummy_alarm_type', 'dummy_alarm_sound_path', 'dummy_alarm_volume', 'custom_base', 'custom_mantle', 'custom_surface', 'custom_surface0', 'custom_surface1', 'custom_surface2', 'custom_text', 'custom_subtext0', 'custom_subtext1', 'custom_overlay0', 'custom_overlay1', 'custom_overlay2', 'custom_blue', 'custom_lavender', 'custom_sapphire', 'custom_sky', 'custom_teal', 'custom_green', 'custom_yellow', 'custom_peach', 'custom_maroon', 'custom_red', 'custom_mauve', 'custom_pink', 'custom_flamingo', 'custom_rosewater', 'auto_check_updates', 'exe_creation_path', 'data_folder_path']
2026-08-06 21:18:37,646 - INFO - Setting 'custom_surface2' updated and saved
2026-08-06 21:18:37,646 - DEBUG - SET setting 'custom_text': #cdd6f4 (previous: #cdd6f4)
2026-08-06 21:18:37,646 - DEBUG - Attempting to save 41 settings to: C:\Users\user\OneDrive\Desktop\DiscordQuestManager\version 1.1.0\dist\DiscordQuestManager-data\settings.json
2026-08-06 21:18:37,646 - INFO - Successfully saved settings to file
2026-08-06 21:18:37,646 - DEBUG - Saved settings keys: ['theme', 'custom_duration', 'remember_duration', 'minimize_to_tray', 'auto_clean_on_exit', 'discord_auto_open', 'multi_quest_limit', 'dummy_cat_selection', 'dummy_alarm_enabled', 'dummy_alarm_type', 'dummy_alarm_sound_path', 'dummy_alarm_volume', 'custom_base', 'custom_mantle', 'custom_surface', 'custom_surface0', 'custom_surface1', 'custom_surface2', 'custom_text', 'custom_subtext0', 'custom_subtext1', 'custom_overlay0', 'custom_overlay1', 'custom_overlay2', 'custom_blue', 'custom_lavender', 'custom_sapphire', 'custom_sky', 'custom_teal', 'custom_green', 'custom_yellow', 'custom_peach', 'custom_maroon', 'custom_red', 'custom_mauve', 'custom_pink', 'custom_flamingo', 'custom_rosewater', 'auto_check_updates', 'exe_creation_path', 'data_folder_path']
2026-08-06 21:18:37,646 - INFO - Setting 'custom_text' updated and saved
2026-08-06 21:18:37,646 - DEBUG - SET setting 'custom_subtext0': #a6adc8 (previous: #a6adc8)
2026-08-06 21:18:37,646 - DEBUG - Attempting to save 41 settings to: C:\Users\user\OneDrive\Desktop\DiscordQuestManager\version 1.1.0\dist\DiscordQuestManager-data\settings.json
2026-08-06 21:18:37,647 - INFO - Successfully saved settings to file
2026-08-06 21:18:37,647 - DEBUG - Saved settings keys: ['theme', 'custom_duration', 'remember_duration', 'minimize_to_tray', 'auto_clean_on_exit', 'discord_auto_open', 'multi_quest_limit', 'dummy_cat_selection', 'dummy_alarm_enabled', 'dummy_alarm_type', 'dummy_alarm_sound_path', 'dummy_alarm_volume', 'custom_base', 'custom_mantle', 'custom_surface', 'custom_surface0', 'custom_surface1', 'custom_surface2', 'custom_text', 'custom_subtext0', 'custom_subtext1', 'custom_overlay0', 'custom_overlay1', 'custom_overlay2', 'custom_blue', 'custom_lavender', 'custom_sapphire', 'custom_sky', 'custom_teal', 'custom_green', 'custom_yellow', 'custom_peach', 'custom_maroon', 'custom_red', 'custom_mauve', 'custom_pink', 'custom_flamingo', 'custom_rosewater', 'auto_check_updates', 'exe_creation_path', 'data_folder_path']
2026-08-06 21:18:37,647 - INFO - Setting 'custom_subtext0' updated and saved
2026-08-06 21:18:37,647 - DEBUG - SET setting 'custom_subtext1': #bac2de (previous: #bac2de)
2026-08-06 21:18:37,647 - DEBUG - Attempting to save 41 settings to: C:\Users\user\OneDrive\Desktop\DiscordQuestManager\version 1.1.0\dist\DiscordQuestManager-data\settings.json
2026-08-06 21:18:37,647 - INFO - Successfully saved settings to file
2026-08-06 21:18:37,647 - DEBUG - Saved settings keys: ['theme', 'custom_duration', 'remember_duration', 'minimize_to_tray', 'auto_clean_on_exit', 'discord_auto_open', 'multi_quest_limit', 'dummy_cat_selection', 'dummy_alarm_enabled', 'dummy_alarm_type', 'dummy_alarm_sound_path', 'dummy_alarm_volume', 'custom_base', 'custom_mantle', 'custom_surface', 'custom_surface0', 'custom_surface1', 'custom_surface2', 'custom_text', 'custom_subtext0', 'custom_subtext1', 'custom_overlay0', 'custom_overlay1', 'custom_overlay2', 'custom_blue', 'custom_lavender', 'custom_sapphire', 'custom_sky', 'custom_teal', 'custom_green', 'custom_yellow', 'custom_peach', 'custom_maroon', 'custom_red', 'custom_mauve', 'custom_pink', 'custom_flamingo', 'custom_rosewater', 'auto_check_updates', 'exe_creation_path', 'data_folder_path']
2026-08-06 21:18:37,648 - INFO - Setting 'custom_subtext1' updated and saved
2026-08-06 21:18:37,648 - DEBUG - SET setting 'custom_overlay0': #6c7086 (previous: #6c7086)
2026-08-06 21:18:37,648 - DEBUG - Attempting to save 41 settings to: C:\Users\user\OneDrive\Desktop\DiscordQuestManager\version 1.1.0\dist\DiscordQuestManager-data\settings.json
2026-08-06 21:18:37,648 - INFO - Successfully saved settings to file
2026-08-06 21:18:37,648 - DEBUG - Saved settings keys: ['theme', 'custom_duration', 'remember_duration', 'minimize_to_tray', 'auto_clean_on_exit', 'discord_auto_open', 'multi_quest_limit', 'dummy_cat_selection', 'dummy_alarm_enabled', 'dummy_alarm_type', 'dummy_alarm_sound_path', 'dummy_alarm_volume', 'custom_base', 'custom_mantle', 'custom_surface', 'custom_surface0', 'custom_surface1', 'custom_surface2', 'custom_text', 'custom_subtext0', 'custom_subtext1', 'custom_overlay0', 'custom_overlay1', 'custom_overlay2', 'custom_blue', 'custom_lavender', 'custom_sapphire', 'custom_sky', 'custom_teal', 'custom_green', 'custom_yellow', 'custom_peach', 'custom_maroon', 'custom_red', 'custom_mauve', 'custom_pink', 'custom_flamingo', 'custom_rosewater', 'auto_check_updates', 'exe_creation_path', 'data_folder_path']
2026-08-06 21:18:37,648 - INFO - Setting 'custom_overlay0' updated and saved
2026-08-06 21:18:37,648 - DEBUG - SET setting 'custom_overlay1': #7f849c (previous: #7f849c)
2026-08-06 21:18:37,648 - DEBUG - Attempting to save 41 settings to: C:\Users\user\OneDrive\Desktop\DiscordQuestManager\version 1.1.0\dist\DiscordQuestManager-data\settings.json
2026-08-06 21:18:37,649 - INFO - Successfully saved settings to file
2026-08-06 21:18:37,649 - DEBUG - Saved settings keys: ['theme', 'custom_duration', 'remember_duration', 'minimize_to_tray', 'auto_clean_on_exit', 'discord_auto_open', 'multi_quest_limit', 'dummy_cat_selection', 'dummy_alarm_enabled', 'dummy_alarm_type', 'dummy_alarm_sound_path', 'dummy_alarm_volume', 'custom_base', 'custom_mantle', 'custom_surface', 'custom_surface0', 'custom_surface1', 'custom_surface2', 'custom_text', 'custom_subtext0', 'custom_subtext1', 'custom_overlay0', 'custom_overlay1', 'custom_overlay2', 'custom_blue', 'custom_lavender', 'custom_sapphire', 'custom_sky', 'custom_teal', 'custom_green', 'custom_yellow', 'custom_peach', 'custom_maroon', 'custom_red', 'custom_mauve', 'custom_pink', 'custom_flamingo', 'custom_rosewater', 'auto_check_updates', 'exe_creation_path', 'data_folder_path']
2026-08-06 21:18:37,649 - INFO - Setting 'custom_overlay1' updated and saved
2026-08-06 21:18:37,649 - DEBUG - SET setting 'custom_overlay2': #9399b2 (previous: #9399b2)
2026-08-06 21:18:37,649 - DEBUG - Attempting to save 41 settings to: C:\Users\user\OneDrive\Desktop\DiscordQuestManager\version 1.1.0\dist\DiscordQuestManager-data\settings.json
2026-08-06 21:18:37,649 - INFO - Successfully saved settings to file
2026-08-06 21:18:37,649 - DEBUG - Saved settings keys: ['theme', 'custom_duration', 'remember_duration', 'minimize_to_tray', 'auto_clean_on_exit', 'discord_auto_open', 'multi_quest_limit', 'dummy_cat_selection', 'dummy_alarm_enabled', 'dummy_alarm_type', 'dummy_alarm_sound_path', 'dummy_alarm_volume', 'custom_base', 'custom_mantle', 'custom_surface', 'custom_surface0', 'custom_surface1', 'custom_surface2', 'custom_text', 'custom_subtext0', 'custom_subtext1', 'custom_overlay0', 'custom_overlay1', 'custom_overlay2', 'custom_blue', 'custom_lavender', 'custom_sapphire', 'custom_sky', 'custom_teal', 'custom_green', 'custom_yellow', 'custom_peach', 'custom_maroon', 'custom_red', 'custom_mauve', 'custom_pink', 'custom_flamingo', 'custom_rosewater', 'auto_check_updates', 'exe_creation_path', 'data_folder_path']
2026-08-06 21:18:37,650 - INFO - Setting 'custom_overlay2' updated and saved
2026-08-06 21:18:37,650 - DEBUG - SET setting 'custom_blue': #89b4fa (previous: #89b4fa)
2026-08-06 21:18:37,650 - DEBUG - Attempting to save 41 settings to: C:\Users\user\OneDrive\Desktop\DiscordQuestManager\version 1.1.0\dist\DiscordQuestManager-data\settings.json
2026-08-06 21:18:37,650 - INFO - Successfully saved settings to file
2026-08-06 21:18:37,650 - DEBUG - Saved settings keys: ['theme', 'custom_duration', 'remember_duration', 'minimize_to_tray', 'auto_clean_on_exit', 'discord_auto_open', 'multi_quest_limit', 'dummy_cat_selection', 'dummy_alarm_enabled', 'dummy_alarm_type', 'dummy_alarm_sound_path', 'dummy_alarm_volume', 'custom_base', 'custom_mantle', 'custom_surface', 'custom_surface0', 'custom_surface1', 'custom_surface2', 'custom_text', 'custom_subtext0', 'custom_subtext1', 'custom_overlay0', 'custom_overlay1', 'custom_overlay2', 'custom_blue', 'custom_lavender', 'custom_sapphire', 'custom_sky', 'custom_teal', 'custom_green', 'custom_yellow', 'custom_peach', 'custom_maroon', 'custom_red', 'custom_mauve', 'custom_pink', 'custom_flamingo', 'custom_rosewater', 'auto_check_updates', 'exe_creation_path', 'data_folder_path']
2026-08-06 21:18:37,650 - INFO - Setting 'custom_blue' updated and saved
2026-08-06 21:18:37,650 - DEBUG - SET setting 'custom_lavender': #b4befe (previous: #b4befe)
2026-08-06 21:18:37,650 - DEBUG - Attempting to save 41 settings to: C:\Users\user\OneDrive\Desktop\DiscordQuestManager\version 1.1.0\dist\DiscordQuestManager-data\settings.json
2026-08-06 21:18:37,651 - INFO - Successfully saved settings to file
2026-08-06 21:18:37,651 - DEBUG - Saved settings keys: ['theme', 'custom_duration', 'remember_duration', 'minimize_to_tray', 'auto_clean_on_exit', 'discord_auto_open', 'multi_quest_limit', 'dummy_cat_selection', 'dummy_alarm_enabled', 'dummy_alarm_type', 'dummy_alarm_sound_path', 'dummy_alarm_volume', 'custom_base', 'custom_mantle', 'custom_surface', 'custom_surface0', 'custom_surface1', 'custom_surface2', 'custom_text', 'custom_subtext0', 'custom_subtext1', 'custom_overlay0', 'custom_overlay1', 'custom_overlay2', 'custom_blue', 'custom_lavender', 'custom_sapphire', 'custom_sky', 'custom_teal', 'custom_green', 'custom_yellow', 'custom_peach', 'custom_maroon', 'custom_red', 'custom_mauve', 'custom_pink', 'custom_flamingo', 'custom_rosewater', 'auto_check_updates', 'exe_creation_path', 'data_folder_path']
2026-08-06 21:18:37,651 - INFO - Setting 'custom_lavender' updated and saved
2026-08-06 21:18:37,651 - DEBUG - SET setting 'custom_sapphire': #74c7ec (previous: #74c7ec)
2026-08-06 21:18:37,651 - DEBUG - Attempting to save 41 settings to: C:\Users\user\OneDrive\Desktop\DiscordQuestManager\version 1.1.0\dist\DiscordQuestManager-data\settings.json
2026-08-06 21:18:37,651 - INFO - Successfully saved settings to file
2026-08-06 21:18:37,652 - DEBUG - Saved settings keys: ['theme', 'custom_duration', 'remember_duration', 'minimize_to_tray', 'auto_clean_on_exit', 'discord_auto_open', 'multi_quest_limit', 'dummy_cat_selection', 'dummy_alarm_enabled', 'dummy_alarm_type', 'dummy_alarm_sound_path', 'dummy_alarm_volume', 'custom_base', 'custom_mantle', 'custom_surface', 'custom_surface0', 'custom_surface1', 'custom_surface2', 'custom_text', 'custom_subtext0', 'custom_subtext1', 'custom_overlay0', 'custom_overlay1', 'custom_overlay2', 'custom_blue', 'custom_lavender', 'custom_sapphire', 'custom_sky', 'custom_teal', 'custom_green', 'custom_yellow', 'custom_peach', 'custom_maroon', 'custom_red', 'custom_mauve', 'custom_pink', 'custom_flamingo', 'custom_rosewater', 'auto_check_updates', 'exe_creation_path', 'data_folder_path']
2026-08-06 21:18:37,652 - INFO - Setting 'custom_sapphire' updated and saved
2026-08-06 21:18:37,652 - DEBUG - SET setting 'custom_sky': #89dceb (previous: #89dceb)
2026-08-06 21:18:37,652 - DEBUG - Attempting to save 41 settings to: C:\Users\user\OneDrive\Desktop\DiscordQuestManager\version 1.1.0\dist\DiscordQuestManager-data\settings.json
2026-08-06 21:18:37,652 - INFO - Successfully saved settings to file
2026-08-06 21:18:37,652 - DEBUG - Saved settings keys: ['theme', 'custom_duration', 'remember_duration', 'minimize_to_tray', 'auto_clean_on_exit', 'discord_auto_open', 'multi_quest_limit', 'dummy_cat_selection', 'dummy_alarm_enabled', 'dummy_alarm_type', 'dummy_alarm_sound_path', 'dummy_alarm_volume', 'custom_base', 'custom_mantle', 'custom_surface', 'custom_surface0', 'custom_surface1', 'custom_surface2', 'custom_text', 'custom_subtext0', 'custom_subtext1', 'custom_overlay0', 'custom_overlay1', 'custom_overlay2', 'custom_blue', 'custom_lavender', 'custom_sapphire', 'custom_sky', 'custom_teal', 'custom_green', 'custom_yellow', 'custom_peach', 'custom_maroon', 'custom_red', 'custom_mauve', 'custom_pink', 'custom_flamingo', 'custom_rosewater', 'auto_check_updates', 'exe_creation_path', 'data_folder_path']
2026-08-06 21:18:37,652 - INFO - Setting 'custom_sky' updated and saved
2026-08-06 21:18:37,652 - DEBUG - SET setting 'custom_teal': #94e2d5 (previous: #94e2d5)
2026-08-06 21:18:37,652 - DEBUG - Attempting to save 41 settings to: C:\Users\user\OneDrive\Desktop\DiscordQuestManager\version 1.1.0\dist\DiscordQuestManager-data\settings.json
2026-08-06 21:18:37,653 - INFO - Successfully saved settings to file
2026-08-06 21:18:37,653 - DEBUG - Saved settings keys: ['theme', 'custom_duration', 'remember_duration', 'minimize_to_tray', 'auto_clean_on_exit', 'discord_auto_open', 'multi_quest_limit', 'dummy_cat_selection', 'dummy_alarm_enabled', 'dummy_alarm_type', 'dummy_alarm_sound_path', 'dummy_alarm_volume', 'custom_base', 'custom_mantle', 'custom_surface', 'custom_surface0', 'custom_surface1', 'custom_surface2', 'custom_text', 'custom_subtext0', 'custom_subtext1', 'custom_overlay0', 'custom_overlay1', 'custom_overlay2', 'custom_blue', 'custom_lavender', 'custom_sapphire', 'custom_sky', 'custom_teal', 'custom_green', 'custom_yellow', 'custom_peach', 'custom_maroon', 'custom_red', 'custom_mauve', 'custom_pink', 'custom_flamingo', 'custom_rosewater', 'auto_check_updates', 'exe_creation_path', 'data_folder_path']
2026-08-06 21:18:37,653 - INFO - Setting 'custom_teal' updated and saved
2026-08-06 21:18:37,653 - DEBUG - SET setting 'custom_green': #a6e3a1 (previous: #a6e3a1)
2026-08-06 21:18:37,653 - DEBUG - Attempting to save 41 settings to: C:\Users\user\OneDrive\Desktop\DiscordQuestManager\version 1.1.0\dist\DiscordQuestManager-data\settings.json
2026-08-06 21:18:37,653 - INFO - Successfully saved settings to file
2026-08-06 21:18:37,653 - DEBUG - Saved settings keys: ['theme', 'custom_duration', 'remember_duration', 'minimize_to_tray', 'auto_clean_on_exit', 'discord_auto_open', 'multi_quest_limit', 'dummy_cat_selection', 'dummy_alarm_enabled', 'dummy_alarm_type', 'dummy_alarm_sound_path', 'dummy_alarm_volume', 'custom_base', 'custom_mantle', 'custom_surface', 'custom_surface0', 'custom_surface1', 'custom_surface2', 'custom_text', 'custom_subtext0', 'custom_subtext1', 'custom_overlay0', 'custom_overlay1', 'custom_overlay2', 'custom_blue', 'custom_lavender', 'custom_sapphire', 'custom_sky', 'custom_teal', 'custom_green', 'custom_yellow', 'custom_peach', 'custom_maroon', 'custom_red', 'custom_mauve', 'custom_pink', 'custom_flamingo', 'custom_rosewater', 'auto_check_updates', 'exe_creation_path', 'data_folder_path']
2026-08-06 21:18:37,653 - INFO - Setting 'custom_green' updated and saved
2026-08-06 21:18:37,653 - DEBUG - SET setting 'custom_yellow': #f9e2af (previous: #f9e2af)
2026-08-06 21:18:37,653 - DEBUG - Attempting to save 41 settings to: C:\Users\user\OneDrive\Desktop\DiscordQuestManager\version 1.1.0\dist\DiscordQuestManager-data\settings.json
2026-08-06 21:18:37,654 - INFO - Successfully saved settings to file
2026-08-06 21:18:37,654 - DEBUG - Saved settings keys: ['theme', 'custom_duration', 'remember_duration', 'minimize_to_tray', 'auto_clean_on_exit', 'discord_auto_open', 'multi_quest_limit', 'dummy_cat_selection', 'dummy_alarm_enabled', 'dummy_alarm_type', 'dummy_alarm_sound_path', 'dummy_alarm_volume', 'custom_base', 'custom_mantle', 'custom_surface', 'custom_surface0', 'custom_surface1', 'custom_surface2', 'custom_text', 'custom_subtext0', 'custom_subtext1', 'custom_overlay0', 'custom_overlay1', 'custom_overlay2', 'custom_blue', 'custom_lavender', 'custom_sapphire', 'custom_sky', 'custom_teal', 'custom_green', 'custom_yellow', 'custom_peach', 'custom_maroon', 'custom_red', 'custom_mauve', 'custom_pink', 'custom_flamingo', 'custom_rosewater', 'auto_check_updates', 'exe_creation_path', 'data_folder_path']
2026-08-06 21:18:37,654 - INFO - Setting 'custom_yellow' updated and saved
2026-08-06 21:18:37,654 - DEBUG - SET setting 'custom_peach': #fab387 (previous: #fab387)
2026-08-06 21:18:37,654 - DEBUG - Attempting to save 41 settings to: C:\Users\user\OneDrive\Desktop\DiscordQuestManager\version 1.1.0\dist\DiscordQuestManager-data\settings.json
2026-08-06 21:18:37,654 - INFO - Successfully saved settings to file
2026-08-06 21:18:37,654 - DEBUG - Saved settings keys: ['theme', 'custom_duration', 'remember_duration', 'minimize_to_tray', 'auto_clean_on_exit', 'discord_auto_open', 'multi_quest_limit', 'dummy_cat_selection', 'dummy_alarm_enabled', 'dummy_alarm_type', 'dummy_alarm_sound_path', 'dummy_alarm_volume', 'custom_base', 'custom_mantle', 'custom_surface', 'custom_surface0', 'custom_surface1', 'custom_surface2', 'custom_text', 'custom_subtext0', 'custom_subtext1', 'custom_overlay0', 'custom_overlay1', 'custom_overlay2', 'custom_blue', 'custom_lavender', 'custom_sapphire', 'custom_sky', 'custom_teal', 'custom_green', 'custom_yellow', 'custom_peach', 'custom_maroon', 'custom_red', 'custom_mauve', 'custom_pink', 'custom_flamingo', 'custom_rosewater', 'auto_check_updates', 'exe_creation_path', 'data_folder_path']
2026-08-06 21:18:37,654 - INFO - Setting 'custom_peach' updated and saved
2026-08-06 21:18:37,654 - DEBUG - SET setting 'custom_maroon': #eba0ac (previous: #eba0ac)
2026-08-06 21:18:37,654 - DEBUG - Attempting to save 41 settings to: C:\Users\user\OneDrive\Desktop\DiscordQuestManager\version 1.1.0\dist\DiscordQuestManager-data\settings.json
2026-08-06 21:18:37,655 - INFO - Successfully saved settings to file
2026-08-06 21:18:37,655 - DEBUG - Saved settings keys: ['theme', 'custom_duration', 'remember_duration', 'minimize_to_tray', 'auto_clean_on_exit', 'discord_auto_open', 'multi_quest_limit', 'dummy_cat_selection', 'dummy_alarm_enabled', 'dummy_alarm_type', 'dummy_alarm_sound_path', 'dummy_alarm_volume', 'custom_base', 'custom_mantle', 'custom_surface', 'custom_surface0', 'custom_surface1', 'custom_surface2', 'custom_text', 'custom_subtext0', 'custom_subtext1', 'custom_overlay0', 'custom_overlay1', 'custom_overlay2', 'custom_blue', 'custom_lavender', 'custom_sapphire', 'custom_sky', 'custom_teal', 'custom_green', 'custom_yellow', 'custom_peach', 'custom_maroon', 'custom_red', 'custom_mauve', 'custom_pink', 'custom_flamingo', 'custom_rosewater', 'auto_check_updates', 'exe_creation_path', 'data_folder_path']
2026-08-06 21:18:37,655 - INFO - Setting 'custom_maroon' updated and saved
2026-08-06 21:18:37,655 - DEBUG - SET setting 'custom_red': #f38ba8 (previous: #f38ba8)
2026-08-06 21:18:37,655 - DEBUG - Attempting to save 41 settings to: C:\Users\user\OneDrive\Desktop\DiscordQuestManager\version 1.1.0\dist\DiscordQuestManager-data\settings.json
2026-08-06 21:18:37,655 - INFO - Successfully saved settings to file
2026-08-06 21:18:37,655 - DEBUG - Saved settings keys: ['theme', 'custom_duration', 'remember_duration', 'minimize_to_tray', 'auto_clean_on_exit', 'discord_auto_open', 'multi_quest_limit', 'dummy_cat_selection', 'dummy_alarm_enabled', 'dummy_alarm_type', 'dummy_alarm_sound_path', 'dummy_alarm_volume', 'custom_base', 'custom_mantle', 'custom_surface', 'custom_surface0', 'custom_surface1', 'custom_surface2', 'custom_text', 'custom_subtext0', 'custom_subtext1', 'custom_overlay0', 'custom_overlay1', 'custom_overlay2', 'custom_blue', 'custom_lavender', 'custom_sapphire', 'custom_sky', 'custom_teal', 'custom_green', 'custom_yellow', 'custom_peach', 'custom_maroon', 'custom_red', 'custom_mauve', 'custom_pink', 'custom_flamingo', 'custom_rosewater', 'auto_check_updates', 'exe_creation_path', 'data_folder_path']
2026-08-06 21:18:37,656 - INFO - Setting 'custom_red' updated and saved
2026-08-06 21:18:37,656 - DEBUG - SET setting 'custom_mauve': #cba6f7 (previous: #cba6f7)
2026-08-06 21:18:37,656 - DEBUG - Attempting to save 41 settings to: C:\Users\user\OneDrive\Desktop\DiscordQuestManager\version 1.1.0\dist\DiscordQuestManager-data\settings.json
2026-08-06 21:18:37,656 - INFO - Successfully saved settings to file
2026-08-06 21:18:37,656 - DEBUG - Saved settings keys: ['theme', 'custom_duration', 'remember_duration', 'minimize_to_tray', 'auto_clean_on_exit', 'discord_auto_open', 'multi_quest_limit', 'dummy_cat_selection', 'dummy_alarm_enabled', 'dummy_alarm_type', 'dummy_alarm_sound_path', 'dummy_alarm_volume', 'custom_base', 'custom_mantle', 'custom_surface', 'custom_surface0', 'custom_surface1', 'custom_surface2', 'custom_text', 'custom_subtext0', 'custom_subtext1', 'custom_overlay0', 'custom_overlay1', 'custom_overlay2', 'custom_blue', 'custom_lavender', 'custom_sapphire', 'custom_sky', 'custom_teal', 'custom_green', 'custom_yellow', 'custom_peach', 'custom_maroon', 'custom_red', 'custom_mauve', 'custom_pink', 'custom_flamingo', 'custom_rosewater', 'auto_check_updates', 'exe_creation_path', 'data_folder_path']
2026-08-06 21:18:37,656 - INFO - Setting 'custom_mauve' updated and saved
2026-08-06 21:18:37,656 - DEBUG - SET setting 'custom_pink': #f5c2e7 (previous: #f5c2e7)
2026-08-06 21:18:37,656 - DEBUG - Attempting to save 41 settings to: C:\Users\user\OneDrive\Desktop\DiscordQuestManager\version 1.1.0\dist\DiscordQuestManager-data\settings.json
2026-08-06 21:18:37,657 - INFO - Successfully saved settings to file
2026-08-06 21:18:37,657 - DEBUG - Saved settings keys: ['theme', 'custom_duration', 'remember_duration', 'minimize_to_tray', 'auto_clean_on_exit', 'discord_auto_open', 'multi_quest_limit', 'dummy_cat_selection', 'dummy_alarm_enabled', 'dummy_alarm_type', 'dummy_alarm_sound_path', 'dummy_alarm_volume', 'custom_base', 'custom_mantle', 'custom_surface', 'custom_surface0', 'custom_surface1', 'custom_surface2', 'custom_text', 'custom_subtext0', 'custom_subtext1', 'custom_overlay0', 'custom_overlay1', 'custom_overlay2', 'custom_blue', 'custom_lavender', 'custom_sapphire', 'custom_sky', 'custom_teal', 'custom_green', 'custom_yellow', 'custom_peach', 'custom_maroon', 'custom_red', 'custom_mauve', 'custom_pink', 'custom_flamingo', 'custom_rosewater', 'auto_check_updates', 'exe_creation_path', 'data_folder_path']
2026-08-06 21:18:37,657 - INFO - Setting 'custom_pink' updated and saved
2026-08-06 21:18:37,657 - DEBUG - SET setting 'custom_flamingo': #f2cdcd (previous: #f2cdcd)
2026-08-06 21:18:37,657 - DEBUG - Attempting to save 41 settings to: C:\Users\user\OneDrive\Desktop\DiscordQuestManager\version 1.1.0\dist\DiscordQuestManager-data\settings.json
2026-08-06 21:18:37,657 - INFO - Successfully saved settings to file
2026-08-06 21:18:37,657 - DEBUG - Saved settings keys: ['theme', 'custom_duration', 'remember_duration', 'minimize_to_tray', 'auto_clean_on_exit', 'discord_auto_open', 'multi_quest_limit', 'dummy_cat_selection', 'dummy_alarm_enabled', 'dummy_alarm_type', 'dummy_alarm_sound_path', 'dummy_alarm_volume', 'custom_base', 'custom_mantle', 'custom_surface', 'custom_surface0', 'custom_surface1', 'custom_surface2', 'custom_text', 'custom_subtext0', 'custom_subtext1', 'custom_overlay0', 'custom_overlay1', 'custom_overlay2', 'custom_blue', 'custom_lavender', 'custom_sapphire', 'custom_sky', 'custom_teal', 'custom_green', 'custom_yellow', 'custom_peach', 'custom_maroon', 'custom_red', 'custom_mauve', 'custom_pink', 'custom_flamingo', 'custom_rosewater', 'auto_check_updates', 'exe_creation_path', 'data_folder_path']
2026-08-06 21:18:37,657 - INFO - Setting 'custom_flamingo' updated and saved
2026-08-06 21:18:37,657 - DEBUG - SET setting 'custom_rosewater': #f5e0dc (previous: #f5e0dc)
2026-08-06 21:18:37,657 - DEBUG - Attempting to save 41 settings to: C:\Users\user\OneDrive\Desktop\DiscordQuestManager\version 1.1.0\dist\DiscordQuestManager-data\settings.json
2026-08-06 21:18:37,658 - INFO - Successfully saved settings to file
2026-08-06 21:18:37,658 - DEBUG - Saved settings keys: ['theme', 'custom_duration', 'remember_duration', 'minimize_to_tray', 'auto_clean_on_exit', 'discord_auto_open', 'multi_quest_limit', 'dummy_cat_selection', 'dummy_alarm_enabled', 'dummy_alarm_type', 'dummy_alarm_sound_path', 'dummy_alarm_volume', 'custom_base', 'custom_mantle', 'custom_surface', 'custom_surface0', 'custom_surface1', 'custom_surface2', 'custom_text', 'custom_subtext0', 'custom_subtext1', 'custom_overlay0', 'custom_overlay1', 'custom_overlay2', 'custom_blue', 'custom_lavender', 'custom_sapphire', 'custom_sky', 'custom_teal', 'custom_green', 'custom_yellow', 'custom_peach', 'custom_maroon', 'custom_red', 'custom_mauve', 'custom_pink', 'custom_flamingo', 'custom_rosewater', 'auto_check_updates', 'exe_creation_path', 'data_folder_path']
2026-08-06 21:18:37,658 - INFO - Setting 'custom_rosewater' updated and saved
2026-08-06 21:18:37,658 - DEBUG - GET setting 'custom_duration': 1 (default: 15)
2026-08-06 21:18:37,658 - DEBUG - GET setting 'multi_quest_limit': 0 (default: 0)
2026-08-06 21:18:37,658 - DEBUG - GET setting 'remember_duration': True (default: True)
2026-08-06 21:18:37,658 - DEBUG - GET setting 'minimize_to_tray': False (default: False)
2026-08-06 21:18:37,658 - DEBUG - GET setting 'auto_clean_on_exit': False (default: True)
2026-08-06 21:18:37,658 - DEBUG - GET setting 'discord_auto_open': True (default: True)
2026-08-06 21:18:37,658 - DEBUG - GET setting 'auto_check_updates': False (default: True)
2026-08-06 21:18:37,658 - DEBUG - GET setting 'dummy_cat_selection': Cat-1 (default: Cat-1)
2026-08-06 21:18:37,658 - DEBUG - GET setting 'exe_creation_path':  (default: )
2026-08-06 21:18:37,658 - DEBUG - GET setting 'data_folder_path':  (default: )
2026-08-06 21:18:37,658 - INFO - Settings saved successfully
2026-08-06 21:18:40,551 - DEBUG - STREAM b'IHDR' 16 13
2026-08-06 21:18:40,551 - DEBUG - STREAM b'sRGB' 41 1
2026-08-06 21:18:40,551 - DEBUG - STREAM b'IDAT' 54 65204
2026-08-06 21:18:40,773 - INFO - Created fake executable: C:\Users\user\OneDrive\Desktop\DiscordQuestManager\version 1.1.0\dist\somewhere in the shadow.exe from C:\Users\user\OneDrive\Desktop\DiscordQuestManager\version 1.1.0\dist\DiscordQuestManager.exe
2026-08-06 21:18:43,230 - INFO - Settings dialog logging initialized
2026-08-06 21:18:43,495 - DEBUG - Importing PngImagePlugin
2026-08-06 21:18:43,502 - DEBUG - STREAM b'IHDR' 16 13
2026-08-06 21:18:43,502 - DEBUG - STREAM b'pHYs' 41 9
2026-08-06 21:18:43,502 - DEBUG - STREAM b'tEXt' 62 25
2026-08-06 21:18:43,502 - DEBUG - STREAM b'IDAT' 99 8192
2026-08-06 21:18:52,660 - DEBUG - STREAM b'IHDR' 16 13
2026-08-06 21:18:52,660 - DEBUG - STREAM b'pHYs' 41 9
2026-08-06 21:18:52,660 - DEBUG - STREAM b'tEXt' 62 25
2026-08-06 21:18:52,661 - DEBUG - STREAM b'IDAT' 99 8192
2026-08-06 21:18:52,735 - DEBUG - STREAM b'IHDR' 16 13
2026-08-06 21:18:52,735 - DEBUG - STREAM b'pHYs' 41 9
2026-08-06 21:18:52,735 - DEBUG - STREAM b'tEXt' 62 25
2026-08-06 21:18:52,735 - DEBUG - STREAM b'IDAT' 99 8192
2026-08-06 21:19:00,162 - DEBUG - STREAM b'IHDR' 16 13
2026-08-06 21:19:00,162 - DEBUG - STREAM b'sRGB' 41 1
2026-08-06 21:19:00,162 - DEBUG - STREAM b'IDAT' 54 65204
2026-08-06 21:19:00,375 - INFO - Created fake executable: C:\Users\user\OneDrive\Desktop\DiscordQuestManager\version 1.1.0\dist\somewhere in the shadow.exe from C:\Users\user\OneDrive\Desktop\DiscordQuestManager\version 1.1.0\dist\DiscordQuestManager.exe
2026-08-06 21:19:01,913 - INFO - Settings dialog logging initialized
2026-08-06 21:19:02,191 - DEBUG - Importing PngImagePlugin
2026-08-06 21:19:02,197 - DEBUG - STREAM b'IHDR' 16 13
2026-08-06 21:19:02,197 - DEBUG - STREAM b'pHYs' 41 9
2026-08-06 21:19:02,197 - DEBUG - STREAM b'tEXt' 62 25
2026-08-06 21:19:02,197 - DEBUG - STREAM b'IDAT' 99 8192
2026-08-06 21:19:07,326 - DEBUG - STREAM b'IHDR' 16 13
2026-08-06 21:19:07,326 - DEBUG - STREAM b'pHYs' 41 9
2026-08-06 21:19:07,326 - DEBUG - STREAM b'tEXt' 62 25
2026-08-06 21:19:07,326 - DEBUG - STREAM b'IDAT' 99 8192
2026-08-06 21:19:07,402 - DEBUG - STREAM b'IHDR' 16 13
2026-08-06 21:19:07,402 - DEBUG - STREAM b'pHYs' 41 9
2026-08-06 21:19:07,402 - DEBUG - STREAM b'tEXt' 62 25
2026-08-06 21:19:07,402 - DEBUG - STREAM b'IDAT' 99 8192
2026-08-06 21:21:37,264 - DEBUG - GET setting 'auto_clean_on_exit': False (default: True)
2026-08-06 21:24:16,443 - INFO - Settings dialog logging initialized
2026-08-06 21:24:16,514 - DEBUG - Running in frozen mode, base_dir: C:\Users\user\OneDrive\Desktop\DiscordQuestManager\version 1.1.0\dist
2026-08-06 21:24:16,515 - DEBUG - Settings file path: C:\Users\user\OneDrive\Desktop\DiscordQuestManager\version 1.1.0\dist\DiscordQuestManager-data\settings.json
2026-08-06 21:24:16,515 - INFO - Settings file path: C:\Users\user\OneDrive\Desktop\DiscordQuestManager\version 1.1.0\dist\DiscordQuestManager-data\settings.json
2026-08-06 21:24:16,515 - DEBUG - Loaded default settings with 38 keys
2026-08-06 21:24:16,515 - DEBUG - Attempting to load settings from: C:\Users\user\OneDrive\Desktop\DiscordQuestManager\version 1.1.0\dist\DiscordQuestManager-data\settings.json
2026-08-06 21:24:16,515 - INFO - Successfully loaded 41 settings from file
2026-08-06 21:24:16,515 - DEBUG - Loaded settings keys: ['theme', 'custom_duration', 'remember_duration', 'minimize_to_tray', 'auto_clean_on_exit', 'discord_auto_open', 'multi_quest_limit', 'dummy_cat_selection', 'dummy_alarm_enabled', 'dummy_alarm_type', 'dummy_alarm_sound_path', 'dummy_alarm_volume', 'custom_base', 'custom_mantle', 'custom_surface', 'custom_surface0', 'custom_surface1', 'custom_surface2', 'custom_text', 'custom_subtext0', 'custom_subtext1', 'custom_overlay0', 'custom_overlay1', 'custom_overlay2', 'custom_blue', 'custom_lavender', 'custom_sapphire', 'custom_sky', 'custom_teal', 'custom_green', 'custom_yellow', 'custom_peach', 'custom_maroon', 'custom_red', 'custom_mauve', 'custom_pink', 'custom_flamingo', 'custom_rosewater', 'auto_check_updates', 'exe_creation_path', 'data_folder_path']
2026-08-06 21:24:16,515 - DEBUG - Updated settings, now have 41 total keys
2026-08-06 21:24:16,515 - INFO - SettingsManager initialized with 41 total settings
2026-08-06 21:24:16,516 - INFO - Loaded 26 colors from mocha.json
2026-08-06 21:24:16,517 - DEBUG - GET setting 'theme': custom (default: mocha)
2026-08-06 21:24:16,517 - DEBUG - GET_ALL: Returning 41 settings
2026-08-06 21:24:16,517 - DEBUG - GET setting 'custom_duration': 1 (default: None)
2026-08-06 21:24:16,517 - DEBUG - GET setting 'custom_base': #1e1e2e (default: None)
2026-08-06 21:24:16,517 - DEBUG - GET setting 'custom_mantle': #181825 (default: None)
2026-08-06 21:24:16,517 - DEBUG - GET setting 'custom_surface': #313244 (default: None)
2026-08-06 21:24:16,517 - DEBUG - GET setting 'custom_surface0': #45475a (default: None)
2026-08-06 21:24:16,517 - DEBUG - GET setting 'custom_surface1': #585b70 (default: None)
2026-08-06 21:24:16,517 - DEBUG - GET setting 'custom_surface2': #45475a (default: None)
2026-08-06 21:24:16,517 - DEBUG - GET setting 'custom_text': #cdd6f4 (default: None)
2026-08-06 21:24:16,517 - DEBUG - GET setting 'custom_subtext0': #a6adc8 (default: None)
2026-08-06 21:24:16,517 - DEBUG - GET setting 'custom_subtext1': #bac2de (default: None)
2026-08-06 21:24:16,517 - DEBUG - GET setting 'custom_overlay0': #6c7086 (default: None)
2026-08-06 21:24:16,517 - DEBUG - GET setting 'custom_overlay1': #7f849c (default: None)
2026-08-06 21:24:16,517 - DEBUG - GET setting 'custom_overlay2': #9399b2 (default: None)
2026-08-06 21:24:16,517 - DEBUG - GET setting 'custom_blue': #89b4fa (default: None)
2026-08-06 21:24:16,517 - DEBUG - GET setting 'custom_lavender': #b4befe (default: None)
2026-08-06 21:24:16,517 - DEBUG - GET setting 'custom_sapphire': #74c7ec (default: None)
2026-08-06 21:24:16,517 - DEBUG - GET setting 'custom_sky': #89dceb (default: None)
2026-08-06 21:24:16,517 - DEBUG - GET setting 'custom_teal': #94e2d5 (default: None)
2026-08-06 21:24:16,517 - DEBUG - GET setting 'custom_green': #a6e3a1 (default: None)
2026-08-06 21:24:16,517 - DEBUG - GET setting 'custom_yellow': #f9e2af (default: None)
2026-08-06 21:24:16,517 - DEBUG - GET setting 'custom_peach': #fab387 (default: None)
2026-08-06 21:24:16,517 - DEBUG - GET setting 'custom_maroon': #eba0ac (default: None)
2026-08-06 21:24:16,517 - DEBUG - GET setting 'custom_red': #f38ba8 (default: None)
2026-08-06 21:24:16,517 - DEBUG - GET setting 'custom_mauve': #cba6f7 (default: None)
2026-08-06 21:24:16,517 - DEBUG - GET setting 'custom_pink': #f5c2e7 (default: None)
2026-08-06 21:24:16,517 - DEBUG - GET setting 'custom_flamingo': #f2cdcd (default: None)
2026-08-06 21:24:16,517 - DEBUG - GET setting 'custom_rosewater': #f5e0dc (default: None)
2026-08-06 21:24:16,517 - INFO - set_theme called with theme: custom, custom_colors: True
2026-08-06 21:24:16,517 - INFO - Setting custom theme with 27 colors
2026-08-06 21:24:16,518 - INFO - Saved custom theme to C:\Users\user\AppData\Local\Temp\_MEI225843\core\themes\custom.json
2026-08-06 21:24:16,518 - INFO - Theme set to: custom with 27 colors
2026-08-06 21:24:16,518 - WARNING - No theme change callback registered
2026-08-06 21:24:16,518 - DEBUG - GET setting 'custom_duration': 1 (default: 15)
2026-08-06 21:24:16,518 - DEBUG - GET setting 'multi_quest_limit': 0 (default: 0)
2026-08-06 21:24:16,518 - DEBUG - GET setting 'remember_duration': True (default: True)
2026-08-06 21:24:16,518 - DEBUG - GET setting 'minimize_to_tray': False (default: False)
2026-08-06 21:24:16,518 - DEBUG - GET setting 'auto_clean_on_exit': False (default: True)
2026-08-06 21:24:16,518 - DEBUG - GET setting 'discord_auto_open': True (default: True)
2026-08-06 21:24:16,518 - DEBUG - GET setting 'auto_check_updates': False (default: True)
2026-08-06 21:24:16,518 - DEBUG - GET setting 'dummy_cat_selection': Cat-1 (default: Cat-1)
2026-08-06 21:24:16,518 - DEBUG - GET setting 'exe_creation_path':  (default: )
2026-08-06 21:24:16,518 - DEBUG - GET setting 'data_folder_path':  (default: )
2026-08-06 21:24:16,524 - DEBUG - Importing PngImagePlugin
2026-08-06 21:24:16,529 - DEBUG - STREAM b'IHDR' 16 13
2026-08-06 21:24:16,530 - DEBUG - STREAM b'pHYs' 41 9
2026-08-06 21:24:16,530 - DEBUG - STREAM b'tEXt' 62 25
2026-08-06 21:24:16,530 - DEBUG - STREAM b'IDAT' 99 8192
2026-08-06 21:24:16,538 - DEBUG - STREAM b'IHDR' 16 13
2026-08-06 21:24:16,538 - DEBUG - STREAM b'pHYs' 41 9
2026-08-06 21:24:16,538 - DEBUG - STREAM b'tEXt' 62 25
2026-08-06 21:24:16,538 - DEBUG - STREAM b'IDAT' 99 8192
2026-08-06 21:24:16,542 - DEBUG - STREAM b'IHDR' 16 13
2026-08-06 21:24:16,542 - DEBUG - STREAM b'pHYs' 41 9
2026-08-06 21:24:16,542 - DEBUG - STREAM b'tEXt' 62 25
2026-08-06 21:24:16,542 - DEBUG - STREAM b'IDAT' 99 8192
2026-08-06 21:24:16,546 - DEBUG - STREAM b'IHDR' 16 13
2026-08-06 21:24:16,546 - DEBUG - STREAM b'pHYs' 41 9
2026-08-06 21:24:16,546 - DEBUG - STREAM b'tEXt' 62 25
2026-08-06 21:24:16,547 - DEBUG - STREAM b'IDAT' 99 8192
2026-08-06 21:24:16,603 - DEBUG - STREAM b'IHDR' 16 13
2026-08-06 21:24:16,603 - DEBUG - STREAM b'pHYs' 41 9
2026-08-06 21:24:16,603 - DEBUG - STREAM b'tEXt' 62 25
2026-08-06 21:24:16,603 - DEBUG - STREAM b'IDAT' 99 8192
2026-08-06 21:24:16,659 - DEBUG - STREAM b'IHDR' 16 13
2026-08-06 21:24:16,659 - DEBUG - STREAM b'sBIT' 41 4
2026-08-06 21:24:16,659 - DEBUG - b'sBIT' 41 4 (unknown)
2026-08-06 21:24:16,659 - DEBUG - STREAM b'pHYs' 57 9
2026-08-06 21:24:16,659 - DEBUG - STREAM b'tEXt' 78 25
2026-08-06 21:24:16,659 - DEBUG - STREAM b'IDAT' 115 8192
2026-08-06 21:24:16,663 - DEBUG - STREAM b'IHDR' 16 13
2026-08-06 21:24:16,664 - DEBUG - STREAM b'sBIT' 41 4
2026-08-06 21:24:16,664 - DEBUG - b'sBIT' 41 4 (unknown)
2026-08-06 21:24:16,664 - DEBUG - STREAM b'pHYs' 57 9
2026-08-06 21:24:16,664 - DEBUG - STREAM b'tEXt' 78 25
2026-08-06 21:24:16,664 - DEBUG - STREAM b'IDAT' 115 7260
2026-08-06 21:24:16,783 - DEBUG - STREAM b'IHDR' 16 13
2026-08-06 21:24:16,783 - DEBUG - STREAM b'pHYs' 41 9
2026-08-06 21:24:16,783 - DEBUG - STREAM b'tEXt' 62 25
2026-08-06 21:24:16,783 - DEBUG - STREAM b'IDAT' 99 8192
2026-08-06 21:24:16,823 - DEBUG - STREAM b'IHDR' 16 13
2026-08-06 21:24:16,823 - DEBUG - STREAM b'sBIT' 41 4
2026-08-06 21:24:16,823 - DEBUG - b'sBIT' 41 4 (unknown)
2026-08-06 21:24:16,823 - DEBUG - STREAM b'pHYs' 57 9
2026-08-06 21:24:16,823 - DEBUG - STREAM b'tEXt' 78 25
2026-08-06 21:24:16,823 - DEBUG - STREAM b'IDAT' 115 8192
2026-08-06 21:24:16,828 - DEBUG - STREAM b'IHDR' 16 13
2026-08-06 21:24:16,828 - DEBUG - STREAM b'sRGB' 41 1
2026-08-06 21:24:16,828 - DEBUG - STREAM b'IDAT' 54 719
2026-08-06 21:24:16,857 - DEBUG - Importing AvifImagePlugin
2026-08-06 21:24:16,859 - DEBUG - Importing BlpImagePlugin
2026-08-06 21:24:16,860 - DEBUG - Importing BmpImagePlugin
2026-08-06 21:24:16,860 - DEBUG - Importing BufrStubImagePlugin
2026-08-06 21:24:16,861 - DEBUG - Importing CurImagePlugin
2026-08-06 21:24:16,861 - DEBUG - Importing DcxImagePlugin
2026-08-06 21:24:16,862 - DEBUG - Importing DdsImagePlugin
2026-08-06 21:24:16,865 - DEBUG - Importing EpsImagePlugin
2026-08-06 21:24:16,865 - DEBUG - Importing FitsImagePlugin
2026-08-06 21:24:16,866 - DEBUG - Importing FliImagePlugin
2026-08-06 21:24:16,867 - DEBUG - Importing FpxImagePlugin
2026-08-06 21:24:16,867 - DEBUG - Image: failed to import FpxImagePlugin: No module named 'olefile'
2026-08-06 21:24:16,867 - DEBUG - Importing FtexImagePlugin
2026-08-06 21:24:16,868 - DEBUG - Importing GbrImagePlugin
2026-08-06 21:24:16,868 - DEBUG - Importing GifImagePlugin
2026-08-06 21:24:16,868 - DEBUG - Importing GribStubImagePlugin
2026-08-06 21:24:16,868 - DEBUG - Importing Hdf5StubImagePlugin
2026-08-06 21:24:16,868 - DEBUG - Importing IcnsImagePlugin
2026-08-06 21:24:16,870 - DEBUG - Importing IcoImagePlugin
2026-08-06 21:24:16,871 - DEBUG - Importing ImImagePlugin
2026-08-06 21:24:16,872 - DEBUG - Importing ImtImagePlugin
2026-08-06 21:24:16,872 - DEBUG - Importing IptcImagePlugin
2026-08-06 21:24:16,872 - DEBUG - Importing JpegImagePlugin
2026-08-06 21:24:16,872 - DEBUG - Importing Jpeg2KImagePlugin
2026-08-06 21:24:16,873 - DEBUG - Importing McIdasImagePlugin
2026-08-06 21:24:16,873 - DEBUG - Importing MicImagePlugin
2026-08-06 21:24:16,873 - DEBUG - Image: failed to import MicImagePlugin: No module named 'olefile'
2026-08-06 21:24:16,873 - DEBUG - Importing MpegImagePlugin
2026-08-06 21:24:16,873 - DEBUG - Importing MpoImagePlugin
2026-08-06 21:24:16,875 - DEBUG - Importing MspImagePlugin
2026-08-06 21:24:16,875 - DEBUG - Importing PalmImagePlugin
2026-08-06 21:24:16,876 - DEBUG - Importing PcdImagePlugin
2026-08-06 21:24:16,876 - DEBUG - Importing PcxImagePlugin
2026-08-06 21:24:16,877 - DEBUG - Importing PdfImagePlugin
2026-08-06 21:24:16,882 - DEBUG - Importing PixarImagePlugin
2026-08-06 21:24:16,882 - DEBUG - Importing PngImagePlugin
2026-08-06 21:24:16,882 - DEBUG - Importing PpmImagePlugin
2026-08-06 21:24:16,882 - DEBUG - Importing PsdImagePlugin
2026-08-06 21:24:16,882 - DEBUG - Importing QoiImagePlugin
2026-08-06 21:24:16,883 - DEBUG - Importing SgiImagePlugin
2026-08-06 21:24:16,883 - DEBUG - Importing SpiderImagePlugin
2026-08-06 21:24:16,883 - DEBUG - Importing SunImagePlugin
2026-08-06 21:24:16,884 - DEBUG - Importing TgaImagePlugin
2026-08-06 21:24:16,884 - DEBUG - Importing TiffImagePlugin
2026-08-06 21:24:16,884 - DEBUG - Importing WebPImagePlugin
2026-08-06 21:24:16,885 - DEBUG - Importing WmfImagePlugin
2026-08-06 21:24:16,885 - DEBUG - Importing XbmImagePlugin
2026-08-06 21:24:16,886 - DEBUG - Importing XpmImagePlugin
2026-08-06 21:24:16,886 - DEBUG - Importing XVThumbImagePlugin
2026-08-06 21:24:20,986 - DEBUG - STREAM b'IHDR' 16 13
2026-08-06 21:24:20,986 - DEBUG - STREAM b'pHYs' 41 9
2026-08-06 21:24:20,986 - DEBUG - STREAM b'tEXt' 62 25
2026-08-06 21:24:20,986 - DEBUG - STREAM b'IDAT' 99 8192
2026-08-06 21:24:21,004 - DEBUG - STREAM b'IHDR' 16 13
2026-08-06 21:24:21,005 - DEBUG - STREAM b'pHYs' 41 9
2026-08-06 21:24:21,005 - DEBUG - STREAM b'tEXt' 62 25
2026-08-06 21:24:21,005 - DEBUG - STREAM b'IDAT' 99 8192
2026-08-06 21:24:21,019 - DEBUG - STREAM b'IHDR' 16 13
2026-08-06 21:24:21,019 - DEBUG - STREAM b'pHYs' 41 9
2026-08-06 21:24:21,019 - DEBUG - STREAM b'tEXt' 62 25
2026-08-06 21:24:21,019 - DEBUG - STREAM b'IDAT' 99 8192
2026-08-06 21:24:25,513 - DEBUG - STREAM b'IHDR' 16 13
2026-08-06 21:24:25,514 - DEBUG - STREAM b'sRGB' 41 1
2026-08-06 21:24:25,514 - DEBUG - STREAM b'IDAT' 54 65204
2026-08-06 21:24:26,052 - INFO - Created fake executable: C:\Users\user\OneDrive\Desktop\DiscordQuestManager\version 1.1.0\dist\somewhere in the shadow.exe from C:\Users\user\OneDrive\Desktop\DiscordQuestManager\version 1.1.0\dist\DiscordQuestManager.exe
2026-08-06 21:24:28,607 - INFO - Settings dialog logging initialized
2026-08-06 21:24:29,239 - DEBUG - Importing PngImagePlugin
2026-08-06 21:24:29,255 - DEBUG - STREAM b'IHDR' 16 13
2026-08-06 21:24:29,255 - DEBUG - STREAM b'pHYs' 41 9
2026-08-06 21:24:29,255 - DEBUG - STREAM b'tEXt' 62 25
2026-08-06 21:24:29,255 - DEBUG - STREAM b'IDAT' 99 8192
2026-08-06 21:24:35,024 - DEBUG - STREAM b'IHDR' 16 13
2026-08-06 21:24:35,025 - DEBUG - STREAM b'pHYs' 41 9
2026-08-06 21:24:35,025 - DEBUG - STREAM b'tEXt' 62 25
2026-08-06 21:24:35,025 - DEBUG - STREAM b'IDAT' 99 8192
2026-08-06 21:24:35,100 - DEBUG - STREAM b'IHDR' 16 13
2026-08-06 21:24:35,100 - DEBUG - STREAM b'pHYs' 41 9
2026-08-06 21:24:35,100 - DEBUG - STREAM b'tEXt' 62 25
2026-08-06 21:24:35,100 - DEBUG - STREAM b'IDAT' 99 8192
2026-08-06 21:30:47,895 - DEBUG - GET_ALL: Returning 41 settings
2026-08-06 21:30:47,915 - DEBUG - STREAM b'IHDR' 16 13
2026-08-06 21:30:47,915 - DEBUG - STREAM b'sBIT' 41 4
2026-08-06 21:30:47,915 - DEBUG - b'sBIT' 41 4 (unknown)
2026-08-06 21:30:47,915 - DEBUG - STREAM b'pHYs' 57 9
2026-08-06 21:30:47,915 - DEBUG - STREAM b'tEXt' 78 25
2026-08-06 21:30:47,915 - DEBUG - STREAM b'IDAT' 115 7521
2026-08-06 21:30:47,928 - DEBUG - STREAM b'IHDR' 16 13
2026-08-06 21:30:47,928 - DEBUG - STREAM b'pHYs' 41 9
2026-08-06 21:30:47,928 - DEBUG - STREAM b'tEXt' 62 25
2026-08-06 21:30:47,928 - DEBUG - STREAM b'IDAT' 99 8192
2026-08-06 21:30:47,936 - DEBUG - STREAM b'IHDR' 16 13
2026-08-06 21:30:47,936 - DEBUG - STREAM b'pHYs' 41 9
2026-08-06 21:30:47,936 - DEBUG - STREAM b'tEXt' 62 25
2026-08-06 21:30:47,936 - DEBUG - STREAM b'IDAT' 99 8192
2026-08-06 21:30:47,964 - DEBUG - STREAM b'IHDR' 16 13
2026-08-06 21:30:47,964 - DEBUG - STREAM b'sBIT' 41 4
2026-08-06 21:30:47,964 - DEBUG - b'sBIT' 41 4 (unknown)
2026-08-06 21:30:47,964 - DEBUG - STREAM b'pHYs' 57 9
2026-08-06 21:30:47,964 - DEBUG - STREAM b'tEXt' 78 25
2026-08-06 21:30:47,965 - DEBUG - STREAM b'IDAT' 115 7521
2026-08-06 21:30:48,013 - DEBUG - STREAM b'IHDR' 16 13
2026-08-06 21:30:48,013 - DEBUG - STREAM b'pHYs' 41 9
2026-08-06 21:30:48,013 - DEBUG - STREAM b'tEXt' 62 25
2026-08-06 21:30:48,013 - DEBUG - STREAM b'IDAT' 99 8192
2026-08-06 21:30:48,018 - DEBUG - STREAM b'IHDR' 16 13
2026-08-06 21:30:48,018 - DEBUG - STREAM b'pHYs' 41 9
2026-08-06 21:30:48,018 - DEBUG - STREAM b'tEXt' 62 25
2026-08-06 21:30:48,018 - DEBUG - STREAM b'IDAT' 99 8192
2026-08-06 21:30:48,024 - DEBUG - STREAM b'IHDR' 16 13
2026-08-06 21:30:48,024 - DEBUG - STREAM b'pHYs' 41 9
2026-08-06 21:30:48,024 - DEBUG - STREAM b'tEXt' 62 25
2026-08-06 21:30:48,024 - DEBUG - STREAM b'IDAT' 99 8192
2026-08-06 21:30:48,031 - DEBUG - Building row for: base
2026-08-06 21:30:48,032 - DEBUG - Successfully built row for: base
2026-08-06 21:30:48,032 - DEBUG - Building row for: mantle
2026-08-06 21:30:48,032 - DEBUG - Successfully built row for: mantle
2026-08-06 21:30:48,032 - DEBUG - Building row for: surface
2026-08-06 21:30:48,033 - DEBUG - Successfully built row for: surface
2026-08-06 21:30:48,033 - DEBUG - Building row for: surface0
2026-08-06 21:30:48,033 - DEBUG - Successfully built row for: surface0
2026-08-06 21:30:48,033 - DEBUG - Building row for: surface1
2026-08-06 21:30:48,033 - DEBUG - Successfully built row for: surface1
2026-08-06 21:30:48,033 - DEBUG - Building row for: surface2
2026-08-06 21:30:48,034 - DEBUG - Successfully built row for: surface2
2026-08-06 21:30:48,034 - DEBUG - Building row for: text
2026-08-06 21:30:48,034 - DEBUG - Successfully built row for: text
2026-08-06 21:30:48,034 - DEBUG - Building row for: subtext0
2026-08-06 21:30:48,034 - DEBUG - Successfully built row for: subtext0
2026-08-06 21:30:48,034 - DEBUG - Building row for: subtext1
2026-08-06 21:30:48,035 - DEBUG - Successfully built row for: subtext1
2026-08-06 21:30:48,035 - DEBUG - Building row for: overlay0
2026-08-06 21:30:48,035 - DEBUG - Successfully built row for: overlay0
2026-08-06 21:30:48,053 - INFO - set_theme called with theme: custom, custom_colors: True
2026-08-06 21:30:48,053 - INFO - Setting custom theme with 26 colors
2026-08-06 21:30:48,054 - INFO - Saved custom theme to C:\Users\user\AppData\Local\Temp\_MEI225843\core\themes\custom.json
2026-08-06 21:30:48,054 - INFO - Theme set to: custom with 26 colors
2026-08-06 21:30:48,054 - INFO - Calling theme change callback
2026-08-06 21:30:48,067 - DEBUG - STREAM b'IHDR' 16 13
2026-08-06 21:30:48,067 - DEBUG - STREAM b'sRGB' 41 1
2026-08-06 21:30:48,067 - DEBUG - STREAM b'IDAT' 54 292
2026-08-06 21:30:48,068 - DEBUG - STREAM b'IHDR' 16 13
2026-08-06 21:30:48,068 - DEBUG - STREAM b'sRGB' 41 1
2026-08-06 21:30:48,068 - DEBUG - STREAM b'IDAT' 54 183
2026-08-06 21:30:48,069 - DEBUG - STREAM b'IHDR' 16 13
2026-08-06 21:30:48,069 - DEBUG - STREAM b'sRGB' 41 1
2026-08-06 21:30:48,069 - DEBUG - STREAM b'IDAT' 54 234
2026-08-06 21:30:48,069 - DEBUG - STREAM b'IHDR' 16 13
2026-08-06 21:30:48,069 - DEBUG - STREAM b'sRGB' 41 1
2026-08-06 21:30:48,069 - DEBUG - STREAM b'IDAT' 54 286
2026-08-06 21:30:48,070 - DEBUG - STREAM b'IHDR' 16 13
2026-08-06 21:30:48,070 - DEBUG - STREAM b'sRGB' 41 1
2026-08-06 21:30:48,070 - DEBUG - STREAM b'IDAT' 54 298
2026-08-06 21:30:48,071 - DEBUG - STREAM b'IHDR' 16 13
2026-08-06 21:30:48,071 - DEBUG - STREAM b'sRGB' 41 1
2026-08-06 21:30:48,071 - DEBUG - STREAM b'IDAT' 54 338
2026-08-06 21:30:48,071 - DEBUG - STREAM b'IHDR' 16 13
2026-08-06 21:30:48,072 - DEBUG - STREAM b'pHYs' 41 9
2026-08-06 21:30:48,072 - DEBUG - STREAM b'tEXt' 62 25
2026-08-06 21:30:48,072 - DEBUG - STREAM b'IDAT' 99 8192
2026-08-06 21:30:48,075 - DEBUG - STREAM b'IHDR' 16 13
2026-08-06 21:30:48,075 - DEBUG - STREAM b'pHYs' 41 9
2026-08-06 21:30:48,075 - DEBUG - STREAM b'tEXt' 62 25
2026-08-06 21:30:48,075 - DEBUG - STREAM b'IDAT' 99 8192
2026-08-06 21:30:48,079 - DEBUG - STREAM b'IHDR' 16 13
2026-08-06 21:30:48,079 - DEBUG - STREAM b'pHYs' 41 9
2026-08-06 21:30:48,079 - DEBUG - STREAM b'tEXt' 62 25
2026-08-06 21:30:48,079 - DEBUG - STREAM b'IDAT' 99 8192
2026-08-06 21:30:48,083 - DEBUG - STREAM b'IHDR' 16 13
2026-08-06 21:30:48,083 - DEBUG - STREAM b'pHYs' 41 9
2026-08-06 21:30:48,083 - DEBUG - STREAM b'tEXt' 62 25
2026-08-06 21:30:48,083 - DEBUG - STREAM b'IDAT' 99 8192
2026-08-06 21:30:48,087 - DEBUG - STREAM b'IHDR' 16 13
2026-08-06 21:30:48,087 - DEBUG - STREAM b'sBIT' 41 4
2026-08-06 21:30:48,087 - DEBUG - b'sBIT' 41 4 (unknown)
2026-08-06 21:30:48,087 - DEBUG - STREAM b'pHYs' 57 9
2026-08-06 21:30:48,087 - DEBUG - STREAM b'tEXt' 78 25
2026-08-06 21:30:48,087 - DEBUG - STREAM b'IDAT' 115 8192
2026-08-06 21:31:39,141 - DEBUG - GET_ALL: Returning 41 settings
2026-08-06 21:31:39,149 - DEBUG - STREAM b'IHDR' 16 13
2026-08-06 21:31:39,150 - DEBUG - STREAM b'pHYs' 41 9
2026-08-06 21:31:39,150 - DEBUG - STREAM b'tEXt' 62 25
2026-08-06 21:31:39,150 - DEBUG - STREAM b'IDAT' 99 8192
2026-08-06 21:31:39,179 - DEBUG - STREAM b'IHDR' 16 13
2026-08-06 21:31:39,179 - DEBUG - STREAM b'sBIT' 41 4
2026-08-06 21:31:39,179 - DEBUG - b'sBIT' 41 4 (unknown)
2026-08-06 21:31:39,179 - DEBUG - STREAM b'pHYs' 57 9
2026-08-06 21:31:39,179 - DEBUG - STREAM b'tEXt' 78 25
2026-08-06 21:31:39,179 - DEBUG - STREAM b'IDAT' 115 7521
2026-08-06 21:31:39,213 - DEBUG - Building row for: base
2026-08-06 21:31:39,214 - DEBUG - Successfully built row for: base
2026-08-06 21:31:39,214 - DEBUG - Building row for: mantle
2026-08-06 21:31:39,214 - DEBUG - Successfully built row for: mantle
2026-08-06 21:31:39,214 - DEBUG - Building row for: surface
2026-08-06 21:31:39,214 - DEBUG - Successfully built row for: surface
2026-08-06 21:31:39,214 - DEBUG - Building row for: surface0
2026-08-06 21:31:39,215 - DEBUG - Successfully built row for: surface0
2026-08-06 21:31:39,215 - DEBUG - Building row for: surface1
2026-08-06 21:31:39,215 - DEBUG - Successfully built row for: surface1
2026-08-06 21:31:39,215 - DEBUG - Building row for: surface2
2026-08-06 21:31:39,215 - DEBUG - Successfully built row for: surface2
2026-08-06 21:31:39,215 - DEBUG - Building row for: text
2026-08-06 21:31:39,215 - DEBUG - Successfully built row for: text
2026-08-06 21:31:39,215 - DEBUG - Building row for: subtext0
2026-08-06 21:31:39,216 - DEBUG - Successfully built row for: subtext0
2026-08-06 21:31:39,216 - DEBUG - Building row for: subtext1
2026-08-06 21:31:39,216 - DEBUG - Successfully built row for: subtext1
2026-08-06 21:31:39,216 - DEBUG - Building row for: overlay0
2026-08-06 21:31:39,216 - DEBUG - Successfully built row for: overlay0
2026-08-06 21:31:39,232 - INFO - set_theme called with theme: custom, custom_colors: True
2026-08-06 21:31:39,233 - INFO - Setting custom theme with 26 colors
2026-08-06 21:31:39,233 - INFO - Saved custom theme to C:\Users\user\AppData\Local\Temp\_MEI225843\core\themes\custom.json
2026-08-06 21:31:39,233 - INFO - Theme set to: custom with 26 colors
2026-08-06 21:31:39,233 - INFO - Calling theme change callback
2026-08-06 21:31:39,241 - DEBUG - STREAM b'IHDR' 16 13
2026-08-06 21:31:39,241 - DEBUG - STREAM b'sRGB' 41 1
2026-08-06 21:31:39,241 - DEBUG - STREAM b'IDAT' 54 292
2026-08-06 21:31:39,242 - DEBUG - STREAM b'IHDR' 16 13
2026-08-06 21:31:39,242 - DEBUG - STREAM b'sRGB' 41 1
2026-08-06 21:31:39,242 - DEBUG - STREAM b'IDAT' 54 183
2026-08-06 21:31:39,242 - DEBUG - STREAM b'IHDR' 16 13
2026-08-06 21:31:39,242 - DEBUG - STREAM b'sRGB' 41 1
2026-08-06 21:31:39,242 - DEBUG - STREAM b'IDAT' 54 234
2026-08-06 21:31:39,243 - DEBUG - STREAM b'IHDR' 16 13
2026-08-06 21:31:39,243 - DEBUG - STREAM b'sRGB' 41 1
2026-08-06 21:31:39,243 - DEBUG - STREAM b'IDAT' 54 286
2026-08-06 21:31:39,244 - DEBUG - STREAM b'IHDR' 16 13
2026-08-06 21:31:39,244 - DEBUG - STREAM b'sRGB' 41 1
2026-08-06 21:31:39,244 - DEBUG - STREAM b'IDAT' 54 298
2026-08-06 21:31:39,244 - DEBUG - STREAM b'IHDR' 16 13
2026-08-06 21:31:39,244 - DEBUG - STREAM b'sRGB' 41 1
2026-08-06 21:31:39,244 - DEBUG - STREAM b'IDAT' 54 338
2026-08-06 21:32:07,167 - DEBUG - GET_ALL: Returning 41 settings
2026-08-06 21:32:07,185 - DEBUG - STREAM b'IHDR' 16 13
2026-08-06 21:32:07,185 - DEBUG - STREAM b'pHYs' 41 9
2026-08-06 21:32:07,185 - DEBUG - STREAM b'tEXt' 62 25
2026-08-06 21:32:07,186 - DEBUG - STREAM b'IDAT' 99 8192
2026-08-06 21:32:07,232 - DEBUG - STREAM b'IHDR' 16 13
2026-08-06 21:32:07,233 - DEBUG - STREAM b'sBIT' 41 4
2026-08-06 21:32:07,233 - DEBUG - b'sBIT' 41 4 (unknown)
2026-08-06 21:32:07,233 - DEBUG - STREAM b'pHYs' 57 9
2026-08-06 21:32:07,233 - DEBUG - STREAM b'tEXt' 78 25
2026-08-06 21:32:07,233 - DEBUG - STREAM b'IDAT' 115 7521
2026-08-06 21:32:07,267 - DEBUG - Building row for: base
2026-08-06 21:32:07,267 - DEBUG - Successfully built row for: base
2026-08-06 21:32:07,267 - DEBUG - Building row for: mantle
2026-08-06 21:32:07,268 - DEBUG - Successfully built row for: mantle
2026-08-06 21:32:07,268 - DEBUG - Building row for: surface
2026-08-06 21:32:07,268 - DEBUG - Successfully built row for: surface
2026-08-06 21:32:07,268 - DEBUG - Building row for: surface0
2026-08-06 21:32:07,268 - DEBUG - Successfully built row for: surface0
2026-08-06 21:32:07,268 - DEBUG - Building row for: surface1
2026-08-06 21:32:07,269 - DEBUG - Successfully built row for: surface1
2026-08-06 21:32:07,269 - DEBUG - Building row for: surface2
2026-08-06 21:32:07,269 - DEBUG - Successfully built row for: surface2
2026-08-06 21:32:07,269 - DEBUG - Building row for: text
2026-08-06 21:32:07,269 - DEBUG - Successfully built row for: text
2026-08-06 21:32:07,269 - DEBUG - Building row for: subtext0
2026-08-06 21:32:07,270 - DEBUG - Successfully built row for: subtext0
2026-08-06 21:32:07,270 - DEBUG - Building row for: subtext1
2026-08-06 21:32:07,270 - DEBUG - Successfully built row for: subtext1
2026-08-06 21:32:07,270 - DEBUG - Building row for: overlay0
2026-08-06 21:32:07,270 - DEBUG - Successfully built row for: overlay0
2026-08-06 21:32:07,290 - INFO - set_theme called with theme: custom, custom_colors: True
2026-08-06 21:32:07,291 - INFO - Setting custom theme with 26 colors
2026-08-06 21:32:07,291 - INFO - Saved custom theme to C:\Users\user\AppData\Local\Temp\_MEI225843\core\themes\custom.json
2026-08-06 21:32:07,291 - INFO - Theme set to: custom with 26 colors
2026-08-06 21:32:07,291 - INFO - Calling theme change callback
2026-08-06 21:32:07,299 - DEBUG - STREAM b'IHDR' 16 13
2026-08-06 21:32:07,299 - DEBUG - STREAM b'sRGB' 41 1
2026-08-06 21:32:07,299 - DEBUG - STREAM b'IDAT' 54 292
2026-08-06 21:32:07,300 - DEBUG - STREAM b'IHDR' 16 13
2026-08-06 21:32:07,300 - DEBUG - STREAM b'sRGB' 41 1
2026-08-06 21:32:07,300 - DEBUG - STREAM b'IDAT' 54 183
2026-08-06 21:32:07,301 - DEBUG - STREAM b'IHDR' 16 13
2026-08-06 21:32:07,301 - DEBUG - STREAM b'sRGB' 41 1
2026-08-06 21:32:07,301 - DEBUG - STREAM b'IDAT' 54 234
2026-08-06 21:32:07,301 - DEBUG - STREAM b'IHDR' 16 13
2026-08-06 21:32:07,301 - DEBUG - STREAM b'sRGB' 41 1
2026-08-06 21:32:07,301 - DEBUG - STREAM b'IDAT' 54 286
2026-08-06 21:32:07,302 - DEBUG - STREAM b'IHDR' 16 13
2026-08-06 21:32:07,302 - DEBUG - STREAM b'sRGB' 41 1
2026-08-06 21:32:07,302 - DEBUG - STREAM b'IDAT' 54 298
2026-08-06 21:32:07,303 - DEBUG - STREAM b'IHDR' 16 13
2026-08-06 21:32:07,303 - DEBUG - STREAM b'sRGB' 41 1
2026-08-06 21:32:07,303 - DEBUG - STREAM b'IDAT' 54 338
2026-08-06 21:35:14,557 - DEBUG - STREAM b'IHDR' 16 13
2026-08-06 21:35:14,557 - DEBUG - STREAM b'sRGB' 41 1
2026-08-06 21:35:14,557 - DEBUG - STREAM b'IDAT' 54 65204
2026-08-06 21:35:14,805 - INFO - Created fake executable: C:\Users\user\OneDrive\Desktop\DiscordQuestManager\version 1.1.0\dist\somewhere in the shadow.exe from C:\Users\user\OneDrive\Desktop\DiscordQuestManager\version 1.1.0\dist\DiscordQuestManager.exe
2026-08-06 21:35:16,065 - INFO - Created fake executable: C:\Users\user\OneDrive\Desktop\DiscordQuestManager\version 1.1.0\dist\where dragon spirits.exe from C:\Users\user\OneDrive\Desktop\DiscordQuestManager\version 1.1.0\dist\DiscordQuestManager.exe
2026-08-06 21:35:17,112 - INFO - Created fake executable: C:\Users\user\OneDrive\Desktop\DiscordQuestManager\version 1.1.0\dist\nwxclient-win64-shipping.exe from C:\Users\user\OneDrive\Desktop\DiscordQuestManager\version 1.1.0\dist\DiscordQuestManager.exe
2026-08-06 21:35:18,204 - INFO - Settings dialog logging initialized
2026-08-06 21:35:18,653 - INFO - Settings dialog logging initialized
2026-08-06 21:35:19,119 - DEBUG - Importing PngImagePlugin
2026-08-06 21:35:19,125 - DEBUG - STREAM b'IHDR' 16 13
2026-08-06 21:35:19,125 - DEBUG - STREAM b'pHYs' 41 9
2026-08-06 21:35:19,125 - DEBUG - STREAM b'tEXt' 62 25
2026-08-06 21:35:19,125 - DEBUG - STREAM b'IDAT' 99 8192
2026-08-06 21:35:19,178 - DEBUG - Importing PngImagePlugin
2026-08-06 21:35:19,185 - DEBUG - STREAM b'IHDR' 16 13
2026-08-06 21:35:19,185 - DEBUG - STREAM b'pHYs' 41 9
2026-08-06 21:35:19,185 - DEBUG - STREAM b'tEXt' 62 25
2026-08-06 21:35:19,185 - DEBUG - STREAM b'IDAT' 99 8192
2026-08-06 21:35:19,288 - INFO - Settings dialog logging initialized
2026-08-06 21:35:19,644 - DEBUG - Importing PngImagePlugin
2026-08-06 21:35:19,652 - DEBUG - STREAM b'IHDR' 16 13
2026-08-06 21:35:19,652 - DEBUG - STREAM b'pHYs' 41 9
2026-08-06 21:35:19,652 - DEBUG - STREAM b'tEXt' 62 25
2026-08-06 21:35:19,652 - DEBUG - STREAM b'IDAT' 99 8192
2026-08-06 21:35:31,442 - DEBUG - STREAM b'IHDR' 16 13
2026-08-06 21:35:31,442 - DEBUG - STREAM b'pHYs' 41 9
2026-08-06 21:35:31,442 - DEBUG - STREAM b'tEXt' 62 25
2026-08-06 21:35:31,442 - DEBUG - STREAM b'IDAT' 99 8192
2026-08-06 21:35:31,517 - DEBUG - STREAM b'IHDR' 16 13
2026-08-06 21:35:31,517 - DEBUG - STREAM b'pHYs' 41 9
2026-08-06 21:35:31,517 - DEBUG - STREAM b'tEXt' 62 25
2026-08-06 21:35:31,517 - DEBUG - STREAM b'IDAT' 99 8192
2026-08-06 21:35:48,815 - DEBUG - GET_ALL: Returning 41 settings
2026-08-06 21:35:48,836 - DEBUG - STREAM b'IHDR' 16 13
2026-08-06 21:35:48,837 - DEBUG - STREAM b'pHYs' 41 9
2026-08-06 21:35:48,837 - DEBUG - STREAM b'tEXt' 62 25
2026-08-06 21:35:48,837 - DEBUG - STREAM b'IDAT' 99 8192
2026-08-06 21:35:48,888 - DEBUG - STREAM b'IHDR' 16 13
2026-08-06 21:35:48,888 - DEBUG - STREAM b'sBIT' 41 4
2026-08-06 21:35:48,888 - DEBUG - b'sBIT' 41 4 (unknown)
2026-08-06 21:35:48,888 - DEBUG - STREAM b'pHYs' 57 9
2026-08-06 21:35:48,888 - DEBUG - STREAM b'tEXt' 78 25
2026-08-06 21:35:48,888 - DEBUG - STREAM b'IDAT' 115 7521
2026-08-06 21:35:48,923 - DEBUG - Building row for: base
2026-08-06 21:35:48,923 - DEBUG - Successfully built row for: base
2026-08-06 21:35:48,923 - DEBUG - Building row for: mantle
2026-08-06 21:35:48,924 - DEBUG - Successfully built row for: mantle
2026-08-06 21:35:48,924 - DEBUG - Building row for: surface
2026-08-06 21:35:48,924 - DEBUG - Successfully built row for: surface
2026-08-06 21:35:48,924 - DEBUG - Building row for: surface0
2026-08-06 21:35:48,925 - DEBUG - Successfully built row for: surface0
2026-08-06 21:35:48,925 - DEBUG - Building row for: surface1
2026-08-06 21:35:48,925 - DEBUG - Successfully built row for: surface1
2026-08-06 21:35:48,925 - DEBUG - Building row for: surface2
2026-08-06 21:35:48,925 - DEBUG - Successfully built row for: surface2
2026-08-06 21:35:48,925 - DEBUG - Building row for: text
2026-08-06 21:35:48,926 - DEBUG - Successfully built row for: text
2026-08-06 21:35:48,926 - DEBUG - Building row for: subtext0
2026-08-06 21:35:48,926 - DEBUG - Successfully built row for: subtext0
2026-08-06 21:35:48,926 - DEBUG - Building row for: subtext1
2026-08-06 21:35:48,926 - DEBUG - Successfully built row for: subtext1
2026-08-06 21:35:48,926 - DEBUG - Building row for: overlay0
2026-08-06 21:35:48,927 - DEBUG - Successfully built row for: overlay0
2026-08-06 21:35:48,949 - INFO - set_theme called with theme: custom, custom_colors: True
2026-08-06 21:35:48,950 - INFO - Setting custom theme with 26 colors
2026-08-06 21:35:48,950 - INFO - Saved custom theme to C:\Users\user\AppData\Local\Temp\_MEI225843\core\themes\custom.json
2026-08-06 21:35:48,950 - INFO - Theme set to: custom with 26 colors
2026-08-06 21:35:48,950 - INFO - Calling theme change callback
2026-08-06 21:35:48,960 - DEBUG - STREAM b'IHDR' 16 13
2026-08-06 21:35:48,960 - DEBUG - STREAM b'sRGB' 41 1
2026-08-06 21:35:48,960 - DEBUG - STREAM b'IDAT' 54 292
2026-08-06 21:35:48,961 - DEBUG - STREAM b'IHDR' 16 13
2026-08-06 21:35:48,961 - DEBUG - STREAM b'sRGB' 41 1
2026-08-06 21:35:48,961 - DEBUG - STREAM b'IDAT' 54 183
2026-08-06 21:35:48,961 - DEBUG - STREAM b'IHDR' 16 13
2026-08-06 21:35:48,962 - DEBUG - STREAM b'sRGB' 41 1
2026-08-06 21:35:48,962 - DEBUG - STREAM b'IDAT' 54 234
2026-08-06 21:35:48,962 - DEBUG - STREAM b'IHDR' 16 13
2026-08-06 21:35:48,962 - DEBUG - STREAM b'sRGB' 41 1
2026-08-06 21:35:48,962 - DEBUG - STREAM b'IDAT' 54 286
2026-08-06 21:35:48,963 - DEBUG - STREAM b'IHDR' 16 13
2026-08-06 21:35:48,963 - DEBUG - STREAM b'sRGB' 41 1
2026-08-06 21:35:48,963 - DEBUG - STREAM b'IDAT' 54 298
2026-08-06 21:35:48,964 - DEBUG - STREAM b'IHDR' 16 13
2026-08-06 21:35:48,964 - DEBUG - STREAM b'sRGB' 41 1
2026-08-06 21:35:48,964 - DEBUG - STREAM b'IDAT' 54 338
2026-08-06 21:36:03,148 - INFO - Save button clicked - starting save process
2026-08-06 21:36:03,177 - DEBUG - Collected 10 custom colors
2026-08-06 21:36:03,178 - DEBUG - Merged with mocha defaults, now have 26 total colors
2026-08-06 21:36:03,178 - DEBUG - Added 26 custom colors to new_settings
2026-08-06 21:36:03,178 - DEBUG - Created new_settings dict with 41 keys
2026-08-06 21:36:03,178 - DEBUG - Theme changed: False, Is custom theme: True
2026-08-06 21:36:03,178 - INFO - Calling theme change callback
2026-08-06 21:36:03,178 - INFO - set_theme called with theme: custom, custom_colors: True
2026-08-06 21:36:03,178 - INFO - Setting custom theme with 26 colors
2026-08-06 21:36:03,179 - INFO - Saved custom theme to C:\Users\user\AppData\Local\Temp\_MEI225843\core\themes\custom.json
2026-08-06 21:36:03,179 - INFO - Theme set to: custom with 26 colors
2026-08-06 21:36:03,179 - INFO - Calling theme change callback
2026-08-06 21:36:03,192 - INFO - Calling on_save callback
2026-08-06 21:36:03,192 - DEBUG - SET setting 'theme': custom (previous: custom)
2026-08-06 21:36:03,192 - DEBUG - Attempting to save 41 settings to: C:\Users\user\OneDrive\Desktop\DiscordQuestManager\version 1.1.0\dist\DiscordQuestManager-data\settings.json
2026-08-06 21:36:03,193 - INFO - Successfully saved settings to file
2026-08-06 21:36:03,193 - DEBUG - Saved settings keys: ['theme', 'custom_duration', 'remember_duration', 'minimize_to_tray', 'auto_clean_on_exit', 'discord_auto_open', 'multi_quest_limit', 'dummy_cat_selection', 'dummy_alarm_enabled', 'dummy_alarm_type', 'dummy_alarm_sound_path', 'dummy_alarm_volume', 'custom_base', 'custom_mantle', 'custom_surface', 'custom_surface0', 'custom_surface1', 'custom_surface2', 'custom_text', 'custom_subtext0', 'custom_subtext1', 'custom_overlay0', 'custom_overlay1', 'custom_overlay2', 'custom_blue', 'custom_lavender', 'custom_sapphire', 'custom_sky', 'custom_teal', 'custom_green', 'custom_yellow', 'custom_peach', 'custom_maroon', 'custom_red', 'custom_mauve', 'custom_pink', 'custom_flamingo', 'custom_rosewater', 'auto_check_updates', 'exe_creation_path', 'data_folder_path']
2026-08-06 21:36:03,193 - INFO - Setting 'theme' updated and saved
2026-08-06 21:36:03,193 - DEBUG - SET setting 'custom_duration': 1 (previous: 1)
2026-08-06 21:36:03,193 - DEBUG - Attempting to save 41 settings to: C:\Users\user\OneDrive\Desktop\DiscordQuestManager\version 1.1.0\dist\DiscordQuestManager-data\settings.json
2026-08-06 21:36:03,194 - INFO - Successfully saved settings to file
2026-08-06 21:36:03,194 - DEBUG - Saved settings keys: ['theme', 'custom_duration', 'remember_duration', 'minimize_to_tray', 'auto_clean_on_exit', 'discord_auto_open', 'multi_quest_limit', 'dummy_cat_selection', 'dummy_alarm_enabled', 'dummy_alarm_type', 'dummy_alarm_sound_path', 'dummy_alarm_volume', 'custom_base', 'custom_mantle', 'custom_surface', 'custom_surface0', 'custom_surface1', 'custom_surface2', 'custom_text', 'custom_subtext0', 'custom_subtext1', 'custom_overlay0', 'custom_overlay1', 'custom_overlay2', 'custom_blue', 'custom_lavender', 'custom_sapphire', 'custom_sky', 'custom_teal', 'custom_green', 'custom_yellow', 'custom_peach', 'custom_maroon', 'custom_red', 'custom_mauve', 'custom_pink', 'custom_flamingo', 'custom_rosewater', 'auto_check_updates', 'exe_creation_path', 'data_folder_path']
2026-08-06 21:36:03,194 - INFO - Setting 'custom_duration' updated and saved
2026-08-06 21:36:03,194 - DEBUG - SET setting 'remember_duration': True (previous: True)
2026-08-06 21:36:03,194 - DEBUG - Attempting to save 41 settings to: C:\Users\user\OneDrive\Desktop\DiscordQuestManager\version 1.1.0\dist\DiscordQuestManager-data\settings.json
2026-08-06 21:36:03,194 - INFO - Successfully saved settings to file
2026-08-06 21:36:03,195 - DEBUG - Saved settings keys: ['theme', 'custom_duration', 'remember_duration', 'minimize_to_tray', 'auto_clean_on_exit', 'discord_auto_open', 'multi_quest_limit', 'dummy_cat_selection', 'dummy_alarm_enabled', 'dummy_alarm_type', 'dummy_alarm_sound_path', 'dummy_alarm_volume', 'custom_base', 'custom_mantle', 'custom_surface', 'custom_surface0', 'custom_surface1', 'custom_surface2', 'custom_text', 'custom_subtext0', 'custom_subtext1', 'custom_overlay0', 'custom_overlay1', 'custom_overlay2', 'custom_blue', 'custom_lavender', 'custom_sapphire', 'custom_sky', 'custom_teal', 'custom_green', 'custom_yellow', 'custom_peach', 'custom_maroon', 'custom_red', 'custom_mauve', 'custom_pink', 'custom_flamingo', 'custom_rosewater', 'auto_check_updates', 'exe_creation_path', 'data_folder_path']
2026-08-06 21:36:03,195 - INFO - Setting 'remember_duration' updated and saved
2026-08-06 21:36:03,195 - DEBUG - SET setting 'minimize_to_tray': False (previous: False)
2026-08-06 21:36:03,195 - DEBUG - Attempting to save 41 settings to: C:\Users\user\OneDrive\Desktop\DiscordQuestManager\version 1.1.0\dist\DiscordQuestManager-data\settings.json
2026-08-06 21:36:03,195 - INFO - Successfully saved settings to file
2026-08-06 21:36:03,195 - DEBUG - Saved settings keys: ['theme', 'custom_duration', 'remember_duration', 'minimize_to_tray', 'auto_clean_on_exit', 'discord_auto_open', 'multi_quest_limit', 'dummy_cat_selection', 'dummy_alarm_enabled', 'dummy_alarm_type', 'dummy_alarm_sound_path', 'dummy_alarm_volume', 'custom_base', 'custom_mantle', 'custom_surface', 'custom_surface0', 'custom_surface1', 'custom_surface2', 'custom_text', 'custom_subtext0', 'custom_subtext1', 'custom_overlay0', 'custom_overlay1', 'custom_overlay2', 'custom_blue', 'custom_lavender', 'custom_sapphire', 'custom_sky', 'custom_teal', 'custom_green', 'custom_yellow', 'custom_peach', 'custom_maroon', 'custom_red', 'custom_mauve', 'custom_pink', 'custom_flamingo', 'custom_rosewater', 'auto_check_updates', 'exe_creation_path', 'data_folder_path']
2026-08-06 21:36:03,195 - INFO - Setting 'minimize_to_tray' updated and saved
2026-08-06 21:36:03,195 - DEBUG - SET setting 'auto_clean_on_exit': False (previous: False)
2026-08-06 21:36:03,195 - DEBUG - Attempting to save 41 settings to: C:\Users\user\OneDrive\Desktop\DiscordQuestManager\version 1.1.0\dist\DiscordQuestManager-data\settings.json
2026-08-06 21:36:03,196 - INFO - Successfully saved settings to file
2026-08-06 21:36:03,196 - DEBUG - Saved settings keys: ['theme', 'custom_duration', 'remember_duration', 'minimize_to_tray', 'auto_clean_on_exit', 'discord_auto_open', 'multi_quest_limit', 'dummy_cat_selection', 'dummy_alarm_enabled', 'dummy_alarm_type', 'dummy_alarm_sound_path', 'dummy_alarm_volume', 'custom_base', 'custom_mantle', 'custom_surface', 'custom_surface0', 'custom_surface1', 'custom_surface2', 'custom_text', 'custom_subtext0', 'custom_subtext1', 'custom_overlay0', 'custom_overlay1', 'custom_overlay2', 'custom_blue', 'custom_lavender', 'custom_sapphire', 'custom_sky', 'custom_teal', 'custom_green', 'custom_yellow', 'custom_peach', 'custom_maroon', 'custom_red', 'custom_mauve', 'custom_pink', 'custom_flamingo', 'custom_rosewater', 'auto_check_updates', 'exe_creation_path', 'data_folder_path']
2026-08-06 21:36:03,196 - INFO - Setting 'auto_clean_on_exit' updated and saved
2026-08-06 21:36:03,196 - DEBUG - SET setting 'discord_auto_open': True (previous: True)
2026-08-06 21:36:03,196 - DEBUG - Attempting to save 41 settings to: C:\Users\user\OneDrive\Desktop\DiscordQuestManager\version 1.1.0\dist\DiscordQuestManager-data\settings.json
2026-08-06 21:36:03,197 - INFO - Successfully saved settings to file
2026-08-06 21:36:03,197 - DEBUG - Saved settings keys: ['theme', 'custom_duration', 'remember_duration', 'minimize_to_tray', 'auto_clean_on_exit', 'discord_auto_open', 'multi_quest_limit', 'dummy_cat_selection', 'dummy_alarm_enabled', 'dummy_alarm_type', 'dummy_alarm_sound_path', 'dummy_alarm_volume', 'custom_base', 'custom_mantle', 'custom_surface', 'custom_surface0', 'custom_surface1', 'custom_surface2', 'custom_text', 'custom_subtext0', 'custom_subtext1', 'custom_overlay0', 'custom_overlay1', 'custom_overlay2', 'custom_blue', 'custom_lavender', 'custom_sapphire', 'custom_sky', 'custom_teal', 'custom_green', 'custom_yellow', 'custom_peach', 'custom_maroon', 'custom_red', 'custom_mauve', 'custom_pink', 'custom_flamingo', 'custom_rosewater', 'auto_check_updates', 'exe_creation_path', 'data_folder_path']
2026-08-06 21:36:03,197 - INFO - Setting 'discord_auto_open' updated and saved
2026-08-06 21:36:03,197 - DEBUG - SET setting 'multi_quest_limit': 0 (previous: 0)
2026-08-06 21:36:03,197 - DEBUG - Attempting to save 41 settings to: C:\Users\user\OneDrive\Desktop\DiscordQuestManager\version 1.1.0\dist\DiscordQuestManager-data\settings.json
2026-08-06 21:36:03,197 - INFO - Successfully saved settings to file
2026-08-06 21:36:03,197 - DEBUG - Saved settings keys: ['theme', 'custom_duration', 'remember_duration', 'minimize_to_tray', 'auto_clean_on_exit', 'discord_auto_open', 'multi_quest_limit', 'dummy_cat_selection', 'dummy_alarm_enabled', 'dummy_alarm_type', 'dummy_alarm_sound_path', 'dummy_alarm_volume', 'custom_base', 'custom_mantle', 'custom_surface', 'custom_surface0', 'custom_surface1', 'custom_surface2', 'custom_text', 'custom_subtext0', 'custom_subtext1', 'custom_overlay0', 'custom_overlay1', 'custom_overlay2', 'custom_blue', 'custom_lavender', 'custom_sapphire', 'custom_sky', 'custom_teal', 'custom_green', 'custom_yellow', 'custom_peach', 'custom_maroon', 'custom_red', 'custom_mauve', 'custom_pink', 'custom_flamingo', 'custom_rosewater', 'auto_check_updates', 'exe_creation_path', 'data_folder_path']
2026-08-06 21:36:03,197 - INFO - Setting 'multi_quest_limit' updated and saved
2026-08-06 21:36:03,197 - DEBUG - SET setting 'auto_check_updates': False (previous: False)
2026-08-06 21:36:03,197 - DEBUG - Attempting to save 41 settings to: C:\Users\user\OneDrive\Desktop\DiscordQuestManager\version 1.1.0\dist\DiscordQuestManager-data\settings.json
2026-08-06 21:36:03,198 - INFO - Successfully saved settings to file
2026-08-06 21:36:03,198 - DEBUG - Saved settings keys: ['theme', 'custom_duration', 'remember_duration', 'minimize_to_tray', 'auto_clean_on_exit', 'discord_auto_open', 'multi_quest_limit', 'dummy_cat_selection', 'dummy_alarm_enabled', 'dummy_alarm_type', 'dummy_alarm_sound_path', 'dummy_alarm_volume', 'custom_base', 'custom_mantle', 'custom_surface', 'custom_surface0', 'custom_surface1', 'custom_surface2', 'custom_text', 'custom_subtext0', 'custom_subtext1', 'custom_overlay0', 'custom_overlay1', 'custom_overlay2', 'custom_blue', 'custom_lavender', 'custom_sapphire', 'custom_sky', 'custom_teal', 'custom_green', 'custom_yellow', 'custom_peach', 'custom_maroon', 'custom_red', 'custom_mauve', 'custom_pink', 'custom_flamingo', 'custom_rosewater', 'auto_check_updates', 'exe_creation_path', 'data_folder_path']
2026-08-06 21:36:03,198 - INFO - Setting 'auto_check_updates' updated and saved
2026-08-06 21:36:03,198 - DEBUG - SET setting 'dummy_cat_selection': Cat-1 (previous: Cat-1)
2026-08-06 21:36:03,198 - DEBUG - Attempting to save 41 settings to: C:\Users\user\OneDrive\Desktop\DiscordQuestManager\version 1.1.0\dist\DiscordQuestManager-data\settings.json
2026-08-06 21:36:03,199 - INFO - Successfully saved settings to file
2026-08-06 21:36:03,199 - DEBUG - Saved settings keys: ['theme', 'custom_duration', 'remember_duration', 'minimize_to_tray', 'auto_clean_on_exit', 'discord_auto_open', 'multi_quest_limit', 'dummy_cat_selection', 'dummy_alarm_enabled', 'dummy_alarm_type', 'dummy_alarm_sound_path', 'dummy_alarm_volume', 'custom_base', 'custom_mantle', 'custom_surface', 'custom_surface0', 'custom_surface1', 'custom_surface2', 'custom_text', 'custom_subtext0', 'custom_subtext1', 'custom_overlay0', 'custom_overlay1', 'custom_overlay2', 'custom_blue', 'custom_lavender', 'custom_sapphire', 'custom_sky', 'custom_teal', 'custom_green', 'custom_yellow', 'custom_peach', 'custom_maroon', 'custom_red', 'custom_mauve', 'custom_pink', 'custom_flamingo', 'custom_rosewater', 'auto_check_updates', 'exe_creation_path', 'data_folder_path']
2026-08-06 21:36:03,199 - INFO - Setting 'dummy_cat_selection' updated and saved
2026-08-06 21:36:03,199 - DEBUG - SET setting 'dummy_alarm_enabled': True (previous: True)
2026-08-06 21:36:03,199 - DEBUG - Attempting to save 41 settings to: C:\Users\user\OneDrive\Desktop\DiscordQuestManager\version 1.1.0\dist\DiscordQuestManager-data\settings.json
2026-08-06 21:36:03,199 - INFO - Successfully saved settings to file
2026-08-06 21:36:03,199 - DEBUG - Saved settings keys: ['theme', 'custom_duration', 'remember_duration', 'minimize_to_tray', 'auto_clean_on_exit', 'discord_auto_open', 'multi_quest_limit', 'dummy_cat_selection', 'dummy_alarm_enabled', 'dummy_alarm_type', 'dummy_alarm_sound_path', 'dummy_alarm_volume', 'custom_base', 'custom_mantle', 'custom_surface', 'custom_surface0', 'custom_surface1', 'custom_surface2', 'custom_text', 'custom_subtext0', 'custom_subtext1', 'custom_overlay0', 'custom_overlay1', 'custom_overlay2', 'custom_blue', 'custom_lavender', 'custom_sapphire', 'custom_sky', 'custom_teal', 'custom_green', 'custom_yellow', 'custom_peach', 'custom_maroon', 'custom_red', 'custom_mauve', 'custom_pink', 'custom_flamingo', 'custom_rosewater', 'auto_check_updates', 'exe_creation_path', 'data_folder_path']
2026-08-06 21:36:03,199 - INFO - Setting 'dummy_alarm_enabled' updated and saved
2026-08-06 21:36:03,199 - DEBUG - SET setting 'dummy_alarm_type': custom (previous: custom)
2026-08-06 21:36:03,199 - DEBUG - Attempting to save 41 settings to: C:\Users\user\OneDrive\Desktop\DiscordQuestManager\version 1.1.0\dist\DiscordQuestManager-data\settings.json
2026-08-06 21:36:03,200 - INFO - Successfully saved settings to file
2026-08-06 21:36:03,200 - DEBUG - Saved settings keys: ['theme', 'custom_duration', 'remember_duration', 'minimize_to_tray', 'auto_clean_on_exit', 'discord_auto_open', 'multi_quest_limit', 'dummy_cat_selection', 'dummy_alarm_enabled', 'dummy_alarm_type', 'dummy_alarm_sound_path', 'dummy_alarm_volume', 'custom_base', 'custom_mantle', 'custom_surface', 'custom_surface0', 'custom_surface1', 'custom_surface2', 'custom_text', 'custom_subtext0', 'custom_subtext1', 'custom_overlay0', 'custom_overlay1', 'custom_overlay2', 'custom_blue', 'custom_lavender', 'custom_sapphire', 'custom_sky', 'custom_teal', 'custom_green', 'custom_yellow', 'custom_peach', 'custom_maroon', 'custom_red', 'custom_mauve', 'custom_pink', 'custom_flamingo', 'custom_rosewater', 'auto_check_updates', 'exe_creation_path', 'data_folder_path']
2026-08-06 21:36:03,200 - INFO - Setting 'dummy_alarm_type' updated and saved
2026-08-06 21:36:03,200 - DEBUG - SET setting 'dummy_alarm_sound_path': C:/Users/user/Downloads/image/fahhhhhhhhhhhhhh.mp3 (previous: C:/Users/user/Downloads/image/fahhhhhhhhhhhhhh.mp3)
2026-08-06 21:36:03,200 - DEBUG - Attempting to save 41 settings to: C:\Users\user\OneDrive\Desktop\DiscordQuestManager\version 1.1.0\dist\DiscordQuestManager-data\settings.json
2026-08-06 21:36:03,200 - INFO - Successfully saved settings to file
2026-08-06 21:36:03,200 - DEBUG - Saved settings keys: ['theme', 'custom_duration', 'remember_duration', 'minimize_to_tray', 'auto_clean_on_exit', 'discord_auto_open', 'multi_quest_limit', 'dummy_cat_selection', 'dummy_alarm_enabled', 'dummy_alarm_type', 'dummy_alarm_sound_path', 'dummy_alarm_volume', 'custom_base', 'custom_mantle', 'custom_surface', 'custom_surface0', 'custom_surface1', 'custom_surface2', 'custom_text', 'custom_subtext0', 'custom_subtext1', 'custom_overlay0', 'custom_overlay1', 'custom_overlay2', 'custom_blue', 'custom_lavender', 'custom_sapphire', 'custom_sky', 'custom_teal', 'custom_green', 'custom_yellow', 'custom_peach', 'custom_maroon', 'custom_red', 'custom_mauve', 'custom_pink', 'custom_flamingo', 'custom_rosewater', 'auto_check_updates', 'exe_creation_path', 'data_folder_path']
2026-08-06 21:36:03,200 - INFO - Setting 'dummy_alarm_sound_path' updated and saved
2026-08-06 21:36:03,200 - DEBUG - SET setting 'dummy_alarm_volume': 100 (previous: 100)
2026-08-06 21:36:03,200 - DEBUG - Attempting to save 41 settings to: C:\Users\user\OneDrive\Desktop\DiscordQuestManager\version 1.1.0\dist\DiscordQuestManager-data\settings.json
2026-08-06 21:36:03,201 - INFO - Successfully saved settings to file
2026-08-06 21:36:03,201 - DEBUG - Saved settings keys: ['theme', 'custom_duration', 'remember_duration', 'minimize_to_tray', 'auto_clean_on_exit', 'discord_auto_open', 'multi_quest_limit', 'dummy_cat_selection', 'dummy_alarm_enabled', 'dummy_alarm_type', 'dummy_alarm_sound_path', 'dummy_alarm_volume', 'custom_base', 'custom_mantle', 'custom_surface', 'custom_surface0', 'custom_surface1', 'custom_surface2', 'custom_text', 'custom_subtext0', 'custom_subtext1', 'custom_overlay0', 'custom_overlay1', 'custom_overlay2', 'custom_blue', 'custom_lavender', 'custom_sapphire', 'custom_sky', 'custom_teal', 'custom_green', 'custom_yellow', 'custom_peach', 'custom_maroon', 'custom_red', 'custom_mauve', 'custom_pink', 'custom_flamingo', 'custom_rosewater', 'auto_check_updates', 'exe_creation_path', 'data_folder_path']
2026-08-06 21:36:03,201 - INFO - Setting 'dummy_alarm_volume' updated and saved
2026-08-06 21:36:03,201 - DEBUG - SET setting 'exe_creation_path': C:/Users/user/OneDrive/Desktop/DiscordQuestManager/version 1.1.0/dist (previous: )
2026-08-06 21:36:03,201 - DEBUG - Attempting to save 41 settings to: C:\Users\user\OneDrive\Desktop\DiscordQuestManager\version 1.1.0\dist\DiscordQuestManager-data\settings.json
2026-08-06 21:36:03,202 - INFO - Successfully saved settings to file
2026-08-06 21:36:03,202 - DEBUG - Saved settings keys: ['theme', 'custom_duration', 'remember_duration', 'minimize_to_tray', 'auto_clean_on_exit', 'discord_auto_open', 'multi_quest_limit', 'dummy_cat_selection', 'dummy_alarm_enabled', 'dummy_alarm_type', 'dummy_alarm_sound_path', 'dummy_alarm_volume', 'custom_base', 'custom_mantle', 'custom_surface', 'custom_surface0', 'custom_surface1', 'custom_surface2', 'custom_text', 'custom_subtext0', 'custom_subtext1', 'custom_overlay0', 'custom_overlay1', 'custom_overlay2', 'custom_blue', 'custom_lavender', 'custom_sapphire', 'custom_sky', 'custom_teal', 'custom_green', 'custom_yellow', 'custom_peach', 'custom_maroon', 'custom_red', 'custom_mauve', 'custom_pink', 'custom_flamingo', 'custom_rosewater', 'auto_check_updates', 'exe_creation_path', 'data_folder_path']
2026-08-06 21:36:03,202 - INFO - Setting 'exe_creation_path' updated and saved
2026-08-06 21:36:03,202 - DEBUG - SET setting 'data_folder_path':  (previous: )
2026-08-06 21:36:03,202 - DEBUG - Attempting to save 41 settings to: C:\Users\user\OneDrive\Desktop\DiscordQuestManager\version 1.1.0\dist\DiscordQuestManager-data\settings.json
2026-08-06 21:36:03,208 - INFO - Successfully saved settings to file
2026-08-06 21:36:03,208 - DEBUG - Saved settings keys: ['theme', 'custom_duration', 'remember_duration', 'minimize_to_tray', 'auto_clean_on_exit', 'discord_auto_open', 'multi_quest_limit', 'dummy_cat_selection', 'dummy_alarm_enabled', 'dummy_alarm_type', 'dummy_alarm_sound_path', 'dummy_alarm_volume', 'custom_base', 'custom_mantle', 'custom_surface', 'custom_surface0', 'custom_surface1', 'custom_surface2', 'custom_text', 'custom_subtext0', 'custom_subtext1', 'custom_overlay0', 'custom_overlay1', 'custom_overlay2', 'custom_blue', 'custom_lavender', 'custom_sapphire', 'custom_sky', 'custom_teal', 'custom_green', 'custom_yellow', 'custom_peach', 'custom_maroon', 'custom_red', 'custom_mauve', 'custom_pink', 'custom_flamingo', 'custom_rosewater', 'auto_check_updates', 'exe_creation_path', 'data_folder_path']
2026-08-06 21:36:03,208 - INFO - Setting 'data_folder_path' updated and saved
2026-08-06 21:36:03,208 - DEBUG - SET setting 'custom_base': #1e1e2e (previous: #1e1e2e)
2026-08-06 21:36:03,208 - DEBUG - Attempting to save 41 settings to: C:\Users\user\OneDrive\Desktop\DiscordQuestManager\version 1.1.0\dist\DiscordQuestManager-data\settings.json
2026-08-06 21:36:03,209 - INFO - Successfully saved settings to file
2026-08-06 21:36:03,209 - DEBUG - Saved settings keys: ['theme', 'custom_duration', 'remember_duration', 'minimize_to_tray', 'auto_clean_on_exit', 'discord_auto_open', 'multi_quest_limit', 'dummy_cat_selection', 'dummy_alarm_enabled', 'dummy_alarm_type', 'dummy_alarm_sound_path', 'dummy_alarm_volume', 'custom_base', 'custom_mantle', 'custom_surface', 'custom_surface0', 'custom_surface1', 'custom_surface2', 'custom_text', 'custom_subtext0', 'custom_subtext1', 'custom_overlay0', 'custom_overlay1', 'custom_overlay2', 'custom_blue', 'custom_lavender', 'custom_sapphire', 'custom_sky', 'custom_teal', 'custom_green', 'custom_yellow', 'custom_peach', 'custom_maroon', 'custom_red', 'custom_mauve', 'custom_pink', 'custom_flamingo', 'custom_rosewater', 'auto_check_updates', 'exe_creation_path', 'data_folder_path']
2026-08-06 21:36:03,209 - INFO - Setting 'custom_base' updated and saved
2026-08-06 21:36:03,209 - DEBUG - SET setting 'custom_mantle': #181825 (previous: #181825)
2026-08-06 21:36:03,209 - DEBUG - Attempting to save 41 settings to: C:\Users\user\OneDrive\Desktop\DiscordQuestManager\version 1.1.0\dist\DiscordQuestManager-data\settings.json
2026-08-06 21:36:03,210 - INFO - Successfully saved settings to file
2026-08-06 21:36:03,210 - DEBUG - Saved settings keys: ['theme', 'custom_duration', 'remember_duration', 'minimize_to_tray', 'auto_clean_on_exit', 'discord_auto_open', 'multi_quest_limit', 'dummy_cat_selection', 'dummy_alarm_enabled', 'dummy_alarm_type', 'dummy_alarm_sound_path', 'dummy_alarm_volume', 'custom_base', 'custom_mantle', 'custom_surface', 'custom_surface0', 'custom_surface1', 'custom_surface2', 'custom_text', 'custom_subtext0', 'custom_subtext1', 'custom_overlay0', 'custom_overlay1', 'custom_overlay2', 'custom_blue', 'custom_lavender', 'custom_sapphire', 'custom_sky', 'custom_teal', 'custom_green', 'custom_yellow', 'custom_peach', 'custom_maroon', 'custom_red', 'custom_mauve', 'custom_pink', 'custom_flamingo', 'custom_rosewater', 'auto_check_updates', 'exe_creation_path', 'data_folder_path']
2026-08-06 21:36:03,210 - INFO - Setting 'custom_mantle' updated and saved
2026-08-06 21:36:03,210 - DEBUG - SET setting 'custom_surface': #313244 (previous: #313244)
2026-08-06 21:36:03,210 - DEBUG - Attempting to save 41 settings to: C:\Users\user\OneDrive\Desktop\DiscordQuestManager\version 1.1.0\dist\DiscordQuestManager-data\settings.json
2026-08-06 21:36:03,210 - INFO - Successfully saved settings to file
2026-08-06 21:36:03,210 - DEBUG - Saved settings keys: ['theme', 'custom_duration', 'remember_duration', 'minimize_to_tray', 'auto_clean_on_exit', 'discord_auto_open', 'multi_quest_limit', 'dummy_cat_selection', 'dummy_alarm_enabled', 'dummy_alarm_type', 'dummy_alarm_sound_path', 'dummy_alarm_volume', 'custom_base', 'custom_mantle', 'custom_surface', 'custom_surface0', 'custom_surface1', 'custom_surface2', 'custom_text', 'custom_subtext0', 'custom_subtext1', 'custom_overlay0', 'custom_overlay1', 'custom_overlay2', 'custom_blue', 'custom_lavender', 'custom_sapphire', 'custom_sky', 'custom_teal', 'custom_green', 'custom_yellow', 'custom_peach', 'custom_maroon', 'custom_red', 'custom_mauve', 'custom_pink', 'custom_flamingo', 'custom_rosewater', 'auto_check_updates', 'exe_creation_path', 'data_folder_path']
2026-08-06 21:36:03,210 - INFO - Setting 'custom_surface' updated and saved
2026-08-06 21:36:03,210 - DEBUG - SET setting 'custom_surface0': #45475a (previous: #45475a)
2026-08-06 21:36:03,210 - DEBUG - Attempting to save 41 settings to: C:\Users\user\OneDrive\Desktop\DiscordQuestManager\version 1.1.0\dist\DiscordQuestManager-data\settings.json
2026-08-06 21:36:03,211 - INFO - Successfully saved settings to file
2026-08-06 21:36:03,211 - DEBUG - Saved settings keys: ['theme', 'custom_duration', 'remember_duration', 'minimize_to_tray', 'auto_clean_on_exit', 'discord_auto_open', 'multi_quest_limit', 'dummy_cat_selection', 'dummy_alarm_enabled', 'dummy_alarm_type', 'dummy_alarm_sound_path', 'dummy_alarm_volume', 'custom_base', 'custom_mantle', 'custom_surface', 'custom_surface0', 'custom_surface1', 'custom_surface2', 'custom_text', 'custom_subtext0', 'custom_subtext1', 'custom_overlay0', 'custom_overlay1', 'custom_overlay2', 'custom_blue', 'custom_lavender', 'custom_sapphire', 'custom_sky', 'custom_teal', 'custom_green', 'custom_yellow', 'custom_peach', 'custom_maroon', 'custom_red', 'custom_mauve', 'custom_pink', 'custom_flamingo', 'custom_rosewater', 'auto_check_updates', 'exe_creation_path', 'data_folder_path']
2026-08-06 21:36:03,211 - INFO - Setting 'custom_surface0' updated and saved
2026-08-06 21:36:03,211 - DEBUG - SET setting 'custom_surface1': #585b70 (previous: #585b70)
2026-08-06 21:36:03,211 - DEBUG - Attempting to save 41 settings to: C:\Users\user\OneDrive\Desktop\DiscordQuestManager\version 1.1.0\dist\DiscordQuestManager-data\settings.json
2026-08-06 21:36:03,211 - INFO - Successfully saved settings to file
2026-08-06 21:36:03,211 - DEBUG - Saved settings keys: ['theme', 'custom_duration', 'remember_duration', 'minimize_to_tray', 'auto_clean_on_exit', 'discord_auto_open', 'multi_quest_limit', 'dummy_cat_selection', 'dummy_alarm_enabled', 'dummy_alarm_type', 'dummy_alarm_sound_path', 'dummy_alarm_volume', 'custom_base', 'custom_mantle', 'custom_surface', 'custom_surface0', 'custom_surface1', 'custom_surface2', 'custom_text', 'custom_subtext0', 'custom_subtext1', 'custom_overlay0', 'custom_overlay1', 'custom_overlay2', 'custom_blue', 'custom_lavender', 'custom_sapphire', 'custom_sky', 'custom_teal', 'custom_green', 'custom_yellow', 'custom_peach', 'custom_maroon', 'custom_red', 'custom_mauve', 'custom_pink', 'custom_flamingo', 'custom_rosewater', 'auto_check_updates', 'exe_creation_path', 'data_folder_path']
2026-08-06 21:36:03,211 - INFO - Setting 'custom_surface1' updated and saved
2026-08-06 21:36:03,212 - DEBUG - SET setting 'custom_surface2': #45475a (previous: #45475a)
2026-08-06 21:36:03,212 - DEBUG - Attempting to save 41 settings to: C:\Users\user\OneDrive\Desktop\DiscordQuestManager\version 1.1.0\dist\DiscordQuestManager-data\settings.json
2026-08-06 21:36:03,212 - INFO - Successfully saved settings to file
2026-08-06 21:36:03,212 - DEBUG - Saved settings keys: ['theme', 'custom_duration', 'remember_duration', 'minimize_to_tray', 'auto_clean_on_exit', 'discord_auto_open', 'multi_quest_limit', 'dummy_cat_selection', 'dummy_alarm_enabled', 'dummy_alarm_type', 'dummy_alarm_sound_path', 'dummy_alarm_volume', 'custom_base', 'custom_mantle', 'custom_surface', 'custom_surface0', 'custom_surface1', 'custom_surface2', 'custom_text', 'custom_subtext0', 'custom_subtext1', 'custom_overlay0', 'custom_overlay1', 'custom_overlay2', 'custom_blue', 'custom_lavender', 'custom_sapphire', 'custom_sky', 'custom_teal', 'custom_green', 'custom_yellow', 'custom_peach', 'custom_maroon', 'custom_red', 'custom_mauve', 'custom_pink', 'custom_flamingo', 'custom_rosewater', 'auto_check_updates', 'exe_creation_path', 'data_folder_path']
2026-08-06 21:36:03,212 - INFO - Setting 'custom_surface2' updated and saved
2026-08-06 21:36:03,212 - DEBUG - SET setting 'custom_text': #cdd6f4 (previous: #cdd6f4)
2026-08-06 21:36:03,212 - DEBUG - Attempting to save 41 settings to: C:\Users\user\OneDrive\Desktop\DiscordQuestManager\version 1.1.0\dist\DiscordQuestManager-data\settings.json
2026-08-06 21:36:03,213 - INFO - Successfully saved settings to file
2026-08-06 21:36:03,213 - DEBUG - Saved settings keys: ['theme', 'custom_duration', 'remember_duration', 'minimize_to_tray', 'auto_clean_on_exit', 'discord_auto_open', 'multi_quest_limit', 'dummy_cat_selection', 'dummy_alarm_enabled', 'dummy_alarm_type', 'dummy_alarm_sound_path', 'dummy_alarm_volume', 'custom_base', 'custom_mantle', 'custom_surface', 'custom_surface0', 'custom_surface1', 'custom_surface2', 'custom_text', 'custom_subtext0', 'custom_subtext1', 'custom_overlay0', 'custom_overlay1', 'custom_overlay2', 'custom_blue', 'custom_lavender', 'custom_sapphire', 'custom_sky', 'custom_teal', 'custom_green', 'custom_yellow', 'custom_peach', 'custom_maroon', 'custom_red', 'custom_mauve', 'custom_pink', 'custom_flamingo', 'custom_rosewater', 'auto_check_updates', 'exe_creation_path', 'data_folder_path']
2026-08-06 21:36:03,213 - INFO - Setting 'custom_text' updated and saved
2026-08-06 21:36:03,213 - DEBUG - SET setting 'custom_subtext0': #a6adc8 (previous: #a6adc8)
2026-08-06 21:36:03,213 - DEBUG - Attempting to save 41 settings to: C:\Users\user\OneDrive\Desktop\DiscordQuestManager\version 1.1.0\dist\DiscordQuestManager-data\settings.json
2026-08-06 21:36:03,213 - INFO - Successfully saved settings to file
2026-08-06 21:36:03,213 - DEBUG - Saved settings keys: ['theme', 'custom_duration', 'remember_duration', 'minimize_to_tray', 'auto_clean_on_exit', 'discord_auto_open', 'multi_quest_limit', 'dummy_cat_selection', 'dummy_alarm_enabled', 'dummy_alarm_type', 'dummy_alarm_sound_path', 'dummy_alarm_volume', 'custom_base', 'custom_mantle', 'custom_surface', 'custom_surface0', 'custom_surface1', 'custom_surface2', 'custom_text', 'custom_subtext0', 'custom_subtext1', 'custom_overlay0', 'custom_overlay1', 'custom_overlay2', 'custom_blue', 'custom_lavender', 'custom_sapphire', 'custom_sky', 'custom_teal', 'custom_green', 'custom_yellow', 'custom_peach', 'custom_maroon', 'custom_red', 'custom_mauve', 'custom_pink', 'custom_flamingo', 'custom_rosewater', 'auto_check_updates', 'exe_creation_path', 'data_folder_path']
2026-08-06 21:36:03,213 - INFO - Setting 'custom_subtext0' updated and saved
2026-08-06 21:36:03,213 - DEBUG - SET setting 'custom_subtext1': #bac2de (previous: #bac2de)
2026-08-06 21:36:03,213 - DEBUG - Attempting to save 41 settings to: C:\Users\user\OneDrive\Desktop\DiscordQuestManager\version 1.1.0\dist\DiscordQuestManager-data\settings.json
2026-08-06 21:36:03,214 - INFO - Successfully saved settings to file
2026-08-06 21:36:03,214 - DEBUG - Saved settings keys: ['theme', 'custom_duration', 'remember_duration', 'minimize_to_tray', 'auto_clean_on_exit', 'discord_auto_open', 'multi_quest_limit', 'dummy_cat_selection', 'dummy_alarm_enabled', 'dummy_alarm_type', 'dummy_alarm_sound_path', 'dummy_alarm_volume', 'custom_base', 'custom_mantle', 'custom_surface', 'custom_surface0', 'custom_surface1', 'custom_surface2', 'custom_text', 'custom_subtext0', 'custom_subtext1', 'custom_overlay0', 'custom_overlay1', 'custom_overlay2', 'custom_blue', 'custom_lavender', 'custom_sapphire', 'custom_sky', 'custom_teal', 'custom_green', 'custom_yellow', 'custom_peach', 'custom_maroon', 'custom_red', 'custom_mauve', 'custom_pink', 'custom_flamingo', 'custom_rosewater', 'auto_check_updates', 'exe_creation_path', 'data_folder_path']
2026-08-06 21:36:03,214 - INFO - Setting 'custom_subtext1' updated and saved
2026-08-06 21:36:03,214 - DEBUG - SET setting 'custom_overlay0': #6c7086 (previous: #6c7086)
2026-08-06 21:36:03,214 - DEBUG - Attempting to save 41 settings to: C:\Users\user\OneDrive\Desktop\DiscordQuestManager\version 1.1.0\dist\DiscordQuestManager-data\settings.json
2026-08-06 21:36:03,214 - INFO - Successfully saved settings to file
2026-08-06 21:36:03,215 - DEBUG - Saved settings keys: ['theme', 'custom_duration', 'remember_duration', 'minimize_to_tray', 'auto_clean_on_exit', 'discord_auto_open', 'multi_quest_limit', 'dummy_cat_selection', 'dummy_alarm_enabled', 'dummy_alarm_type', 'dummy_alarm_sound_path', 'dummy_alarm_volume', 'custom_base', 'custom_mantle', 'custom_surface', 'custom_surface0', 'custom_surface1', 'custom_surface2', 'custom_text', 'custom_subtext0', 'custom_subtext1', 'custom_overlay0', 'custom_overlay1', 'custom_overlay2', 'custom_blue', 'custom_lavender', 'custom_sapphire', 'custom_sky', 'custom_teal', 'custom_green', 'custom_yellow', 'custom_peach', 'custom_maroon', 'custom_red', 'custom_mauve', 'custom_pink', 'custom_flamingo', 'custom_rosewater', 'auto_check_updates', 'exe_creation_path', 'data_folder_path']
2026-08-06 21:36:03,215 - INFO - Setting 'custom_overlay0' updated and saved
2026-08-06 21:36:03,215 - DEBUG - SET setting 'custom_overlay1': #7f849c (previous: #7f849c)
2026-08-06 21:36:03,215 - DEBUG - Attempting to save 41 settings to: C:\Users\user\OneDrive\Desktop\DiscordQuestManager\version 1.1.0\dist\DiscordQuestManager-data\settings.json
2026-08-06 21:36:03,215 - INFO - Successfully saved settings to file
2026-08-06 21:36:03,215 - DEBUG - Saved settings keys: ['theme', 'custom_duration', 'remember_duration', 'minimize_to_tray', 'auto_clean_on_exit', 'discord_auto_open', 'multi_quest_limit', 'dummy_cat_selection', 'dummy_alarm_enabled', 'dummy_alarm_type', 'dummy_alarm_sound_path', 'dummy_alarm_volume', 'custom_base', 'custom_mantle', 'custom_surface', 'custom_surface0', 'custom_surface1', 'custom_surface2', 'custom_text', 'custom_subtext0', 'custom_subtext1', 'custom_overlay0', 'custom_overlay1', 'custom_overlay2', 'custom_blue', 'custom_lavender', 'custom_sapphire', 'custom_sky', 'custom_teal', 'custom_green', 'custom_yellow', 'custom_peach', 'custom_maroon', 'custom_red', 'custom_mauve', 'custom_pink', 'custom_flamingo', 'custom_rosewater', 'auto_check_updates', 'exe_creation_path', 'data_folder_path']
2026-08-06 21:36:03,215 - INFO - Setting 'custom_overlay1' updated and saved
2026-08-06 21:36:03,215 - DEBUG - SET setting 'custom_overlay2': #9399b2 (previous: #9399b2)
2026-08-06 21:36:03,215 - DEBUG - Attempting to save 41 settings to: C:\Users\user\OneDrive\Desktop\DiscordQuestManager\version 1.1.0\dist\DiscordQuestManager-data\settings.json
2026-08-06 21:36:03,216 - INFO - Successfully saved settings to file
2026-08-06 21:36:03,216 - DEBUG - Saved settings keys: ['theme', 'custom_duration', 'remember_duration', 'minimize_to_tray', 'auto_clean_on_exit', 'discord_auto_open', 'multi_quest_limit', 'dummy_cat_selection', 'dummy_alarm_enabled', 'dummy_alarm_type', 'dummy_alarm_sound_path', 'dummy_alarm_volume', 'custom_base', 'custom_mantle', 'custom_surface', 'custom_surface0', 'custom_surface1', 'custom_surface2', 'custom_text', 'custom_subtext0', 'custom_subtext1', 'custom_overlay0', 'custom_overlay1', 'custom_overlay2', 'custom_blue', 'custom_lavender', 'custom_sapphire', 'custom_sky', 'custom_teal', 'custom_green', 'custom_yellow', 'custom_peach', 'custom_maroon', 'custom_red', 'custom_mauve', 'custom_pink', 'custom_flamingo', 'custom_rosewater', 'auto_check_updates', 'exe_creation_path', 'data_folder_path']
2026-08-06 21:36:03,216 - INFO - Setting 'custom_overlay2' updated and saved
2026-08-06 21:36:03,216 - DEBUG - SET setting 'custom_blue': #89b4fa (previous: #89b4fa)
2026-08-06 21:36:03,216 - DEBUG - Attempting to save 41 settings to: C:\Users\user\OneDrive\Desktop\DiscordQuestManager\version 1.1.0\dist\DiscordQuestManager-data\settings.json
2026-08-06 21:36:03,217 - INFO - Successfully saved settings to file
2026-08-06 21:36:03,217 - DEBUG - Saved settings keys: ['theme', 'custom_duration', 'remember_duration', 'minimize_to_tray', 'auto_clean_on_exit', 'discord_auto_open', 'multi_quest_limit', 'dummy_cat_selection', 'dummy_alarm_enabled', 'dummy_alarm_type', 'dummy_alarm_sound_path', 'dummy_alarm_volume', 'custom_base', 'custom_mantle', 'custom_surface', 'custom_surface0', 'custom_surface1', 'custom_surface2', 'custom_text', 'custom_subtext0', 'custom_subtext1', 'custom_overlay0', 'custom_overlay1', 'custom_overlay2', 'custom_blue', 'custom_lavender', 'custom_sapphire', 'custom_sky', 'custom_teal', 'custom_green', 'custom_yellow', 'custom_peach', 'custom_maroon', 'custom_red', 'custom_mauve', 'custom_pink', 'custom_flamingo', 'custom_rosewater', 'auto_check_updates', 'exe_creation_path', 'data_folder_path']
2026-08-06 21:36:03,217 - INFO - Setting 'custom_blue' updated and saved
2026-08-06 21:36:03,217 - DEBUG - SET setting 'custom_lavender': #b4befe (previous: #b4befe)
2026-08-06 21:36:03,217 - DEBUG - Attempting to save 41 settings to: C:\Users\user\OneDrive\Desktop\DiscordQuestManager\version 1.1.0\dist\DiscordQuestManager-data\settings.json
2026-08-06 21:36:03,217 - INFO - Successfully saved settings to file
2026-08-06 21:36:03,217 - DEBUG - Saved settings keys: ['theme', 'custom_duration', 'remember_duration', 'minimize_to_tray', 'auto_clean_on_exit', 'discord_auto_open', 'multi_quest_limit', 'dummy_cat_selection', 'dummy_alarm_enabled', 'dummy_alarm_type', 'dummy_alarm_sound_path', 'dummy_alarm_volume', 'custom_base', 'custom_mantle', 'custom_surface', 'custom_surface0', 'custom_surface1', 'custom_surface2', 'custom_text', 'custom_subtext0', 'custom_subtext1', 'custom_overlay0', 'custom_overlay1', 'custom_overlay2', 'custom_blue', 'custom_lavender', 'custom_sapphire', 'custom_sky', 'custom_teal', 'custom_green', 'custom_yellow', 'custom_peach', 'custom_maroon', 'custom_red', 'custom_mauve', 'custom_pink', 'custom_flamingo', 'custom_rosewater', 'auto_check_updates', 'exe_creation_path', 'data_folder_path']
2026-08-06 21:36:03,217 - INFO - Setting 'custom_lavender' updated and saved
2026-08-06 21:36:03,217 - DEBUG - SET setting 'custom_sapphire': #74c7ec (previous: #74c7ec)
2026-08-06 21:36:03,217 - DEBUG - Attempting to save 41 settings to: C:\Users\user\OneDrive\Desktop\DiscordQuestManager\version 1.1.0\dist\DiscordQuestManager-data\settings.json
2026-08-06 21:36:03,218 - INFO - Successfully saved settings to file
2026-08-06 21:36:03,218 - DEBUG - Saved settings keys: ['theme', 'custom_duration', 'remember_duration', 'minimize_to_tray', 'auto_clean_on_exit', 'discord_auto_open', 'multi_quest_limit', 'dummy_cat_selection', 'dummy_alarm_enabled', 'dummy_alarm_type', 'dummy_alarm_sound_path', 'dummy_alarm_volume', 'custom_base', 'custom_mantle', 'custom_surface', 'custom_surface0', 'custom_surface1', 'custom_surface2', 'custom_text', 'custom_subtext0', 'custom_subtext1', 'custom_overlay0', 'custom_overlay1', 'custom_overlay2', 'custom_blue', 'custom_lavender', 'custom_sapphire', 'custom_sky', 'custom_teal', 'custom_green', 'custom_yellow', 'custom_peach', 'custom_maroon', 'custom_red', 'custom_mauve', 'custom_pink', 'custom_flamingo', 'custom_rosewater', 'auto_check_updates', 'exe_creation_path', 'data_folder_path']
2026-08-06 21:36:03,218 - INFO - Setting 'custom_sapphire' updated and saved
2026-08-06 21:36:03,218 - DEBUG - SET setting 'custom_sky': #89dceb (previous: #89dceb)
2026-08-06 21:36:03,218 - DEBUG - Attempting to save 41 settings to: C:\Users\user\OneDrive\Desktop\DiscordQuestManager\version 1.1.0\dist\DiscordQuestManager-data\settings.json
2026-08-06 21:36:03,219 - INFO - Successfully saved settings to file
2026-08-06 21:36:03,219 - DEBUG - Saved settings keys: ['theme', 'custom_duration', 'remember_duration', 'minimize_to_tray', 'auto_clean_on_exit', 'discord_auto_open', 'multi_quest_limit', 'dummy_cat_selection', 'dummy_alarm_enabled', 'dummy_alarm_type', 'dummy_alarm_sound_path', 'dummy_alarm_volume', 'custom_base', 'custom_mantle', 'custom_surface', 'custom_surface0', 'custom_surface1', 'custom_surface2', 'custom_text', 'custom_subtext0', 'custom_subtext1', 'custom_overlay0', 'custom_overlay1', 'custom_overlay2', 'custom_blue', 'custom_lavender', 'custom_sapphire', 'custom_sky', 'custom_teal', 'custom_green', 'custom_yellow', 'custom_peach', 'custom_maroon', 'custom_red', 'custom_mauve', 'custom_pink', 'custom_flamingo', 'custom_rosewater', 'auto_check_updates', 'exe_creation_path', 'data_folder_path']
2026-08-06 21:36:03,219 - INFO - Setting 'custom_sky' updated and saved
2026-08-06 21:36:03,219 - DEBUG - SET setting 'custom_teal': #94e2d5 (previous: #94e2d5)
2026-08-06 21:36:03,219 - DEBUG - Attempting to save 41 settings to: C:\Users\user\OneDrive\Desktop\DiscordQuestManager\version 1.1.0\dist\DiscordQuestManager-data\settings.json
2026-08-06 21:36:03,219 - INFO - Successfully saved settings to file
2026-08-06 21:36:03,219 - DEBUG - Saved settings keys: ['theme', 'custom_duration', 'remember_duration', 'minimize_to_tray', 'auto_clean_on_exit', 'discord_auto_open', 'multi_quest_limit', 'dummy_cat_selection', 'dummy_alarm_enabled', 'dummy_alarm_type', 'dummy_alarm_sound_path', 'dummy_alarm_volume', 'custom_base', 'custom_mantle', 'custom_surface', 'custom_surface0', 'custom_surface1', 'custom_surface2', 'custom_text', 'custom_subtext0', 'custom_subtext1', 'custom_overlay0', 'custom_overlay1', 'custom_overlay2', 'custom_blue', 'custom_lavender', 'custom_sapphire', 'custom_sky', 'custom_teal', 'custom_green', 'custom_yellow', 'custom_peach', 'custom_maroon', 'custom_red', 'custom_mauve', 'custom_pink', 'custom_flamingo', 'custom_rosewater', 'auto_check_updates', 'exe_creation_path', 'data_folder_path']
2026-08-06 21:36:03,219 - INFO - Setting 'custom_teal' updated and saved
2026-08-06 21:36:03,219 - DEBUG - SET setting 'custom_green': #a6e3a1 (previous: #a6e3a1)
2026-08-06 21:36:03,219 - DEBUG - Attempting to save 41 settings to: C:\Users\user\OneDrive\Desktop\DiscordQuestManager\version 1.1.0\dist\DiscordQuestManager-data\settings.json
2026-08-06 21:36:03,220 - INFO - Successfully saved settings to file
2026-08-06 21:36:03,220 - DEBUG - Saved settings keys: ['theme', 'custom_duration', 'remember_duration', 'minimize_to_tray', 'auto_clean_on_exit', 'discord_auto_open', 'multi_quest_limit', 'dummy_cat_selection', 'dummy_alarm_enabled', 'dummy_alarm_type', 'dummy_alarm_sound_path', 'dummy_alarm_volume', 'custom_base', 'custom_mantle', 'custom_surface', 'custom_surface0', 'custom_surface1', 'custom_surface2', 'custom_text', 'custom_subtext0', 'custom_subtext1', 'custom_overlay0', 'custom_overlay1', 'custom_overlay2', 'custom_blue', 'custom_lavender', 'custom_sapphire', 'custom_sky', 'custom_teal', 'custom_green', 'custom_yellow', 'custom_peach', 'custom_maroon', 'custom_red', 'custom_mauve', 'custom_pink', 'custom_flamingo', 'custom_rosewater', 'auto_check_updates', 'exe_creation_path', 'data_folder_path']
2026-08-06 21:36:03,220 - INFO - Setting 'custom_green' updated and saved
2026-08-06 21:36:03,220 - DEBUG - SET setting 'custom_yellow': #f9e2af (previous: #f9e2af)
2026-08-06 21:36:03,220 - DEBUG - Attempting to save 41 settings to: C:\Users\user\OneDrive\Desktop\DiscordQuestManager\version 1.1.0\dist\DiscordQuestManager-data\settings.json
2026-08-06 21:36:03,221 - INFO - Successfully saved settings to file
2026-08-06 21:36:03,221 - DEBUG - Saved settings keys: ['theme', 'custom_duration', 'remember_duration', 'minimize_to_tray', 'auto_clean_on_exit', 'discord_auto_open', 'multi_quest_limit', 'dummy_cat_selection', 'dummy_alarm_enabled', 'dummy_alarm_type', 'dummy_alarm_sound_path', 'dummy_alarm_volume', 'custom_base', 'custom_mantle', 'custom_surface', 'custom_surface0', 'custom_surface1', 'custom_surface2', 'custom_text', 'custom_subtext0', 'custom_subtext1', 'custom_overlay0', 'custom_overlay1', 'custom_overlay2', 'custom_blue', 'custom_lavender', 'custom_sapphire', 'custom_sky', 'custom_teal', 'custom_green', 'custom_yellow', 'custom_peach', 'custom_maroon', 'custom_red', 'custom_mauve', 'custom_pink', 'custom_flamingo', 'custom_rosewater', 'auto_check_updates', 'exe_creation_path', 'data_folder_path']
2026-08-06 21:36:03,221 - INFO - Setting 'custom_yellow' updated and saved
2026-08-06 21:36:03,221 - DEBUG - SET setting 'custom_peach': #fab387 (previous: #fab387)
2026-08-06 21:36:03,221 - DEBUG - Attempting to save 41 settings to: C:\Users\user\OneDrive\Desktop\DiscordQuestManager\version 1.1.0\dist\DiscordQuestManager-data\settings.json
2026-08-06 21:36:03,221 - INFO - Successfully saved settings to file
2026-08-06 21:36:03,221 - DEBUG - Saved settings keys: ['theme', 'custom_duration', 'remember_duration', 'minimize_to_tray', 'auto_clean_on_exit', 'discord_auto_open', 'multi_quest_limit', 'dummy_cat_selection', 'dummy_alarm_enabled', 'dummy_alarm_type', 'dummy_alarm_sound_path', 'dummy_alarm_volume', 'custom_base', 'custom_mantle', 'custom_surface', 'custom_surface0', 'custom_surface1', 'custom_surface2', 'custom_text', 'custom_subtext0', 'custom_subtext1', 'custom_overlay0', 'custom_overlay1', 'custom_overlay2', 'custom_blue', 'custom_lavender', 'custom_sapphire', 'custom_sky', 'custom_teal', 'custom_green', 'custom_yellow', 'custom_peach', 'custom_maroon', 'custom_red', 'custom_mauve', 'custom_pink', 'custom_flamingo', 'custom_rosewater', 'auto_check_updates', 'exe_creation_path', 'data_folder_path']
2026-08-06 21:36:03,221 - INFO - Setting 'custom_peach' updated and saved
2026-08-06 21:36:03,221 - DEBUG - SET setting 'custom_maroon': #eba0ac (previous: #eba0ac)
2026-08-06 21:36:03,221 - DEBUG - Attempting to save 41 settings to: C:\Users\user\OneDrive\Desktop\DiscordQuestManager\version 1.1.0\dist\DiscordQuestManager-data\settings.json
2026-08-06 21:36:03,222 - INFO - Successfully saved settings to file
2026-08-06 21:36:03,222 - DEBUG - Saved settings keys: ['theme', 'custom_duration', 'remember_duration', 'minimize_to_tray', 'auto_clean_on_exit', 'discord_auto_open', 'multi_quest_limit', 'dummy_cat_selection', 'dummy_alarm_enabled', 'dummy_alarm_type', 'dummy_alarm_sound_path', 'dummy_alarm_volume', 'custom_base', 'custom_mantle', 'custom_surface', 'custom_surface0', 'custom_surface1', 'custom_surface2', 'custom_text', 'custom_subtext0', 'custom_subtext1', 'custom_overlay0', 'custom_overlay1', 'custom_overlay2', 'custom_blue', 'custom_lavender', 'custom_sapphire', 'custom_sky', 'custom_teal', 'custom_green', 'custom_yellow', 'custom_peach', 'custom_maroon', 'custom_red', 'custom_mauve', 'custom_pink', 'custom_flamingo', 'custom_rosewater', 'auto_check_updates', 'exe_creation_path', 'data_folder_path']
2026-08-06 21:36:03,222 - INFO - Setting 'custom_maroon' updated and saved
2026-08-06 21:36:03,222 - DEBUG - SET setting 'custom_red': #f38ba8 (previous: #f38ba8)
2026-08-06 21:36:03,222 - DEBUG - Attempting to save 41 settings to: C:\Users\user\OneDrive\Desktop\DiscordQuestManager\version 1.1.0\dist\DiscordQuestManager-data\settings.json
2026-08-06 21:36:03,223 - INFO - Successfully saved settings to file
2026-08-06 21:36:03,223 - DEBUG - Saved settings keys: ['theme', 'custom_duration', 'remember_duration', 'minimize_to_tray', 'auto_clean_on_exit', 'discord_auto_open', 'multi_quest_limit', 'dummy_cat_selection', 'dummy_alarm_enabled', 'dummy_alarm_type', 'dummy_alarm_sound_path', 'dummy_alarm_volume', 'custom_base', 'custom_mantle', 'custom_surface', 'custom_surface0', 'custom_surface1', 'custom_surface2', 'custom_text', 'custom_subtext0', 'custom_subtext1', 'custom_overlay0', 'custom_overlay1', 'custom_overlay2', 'custom_blue', 'custom_lavender', 'custom_sapphire', 'custom_sky', 'custom_teal', 'custom_green', 'custom_yellow', 'custom_peach', 'custom_maroon', 'custom_red', 'custom_mauve', 'custom_pink', 'custom_flamingo', 'custom_rosewater', 'auto_check_updates', 'exe_creation_path', 'data_folder_path']
2026-08-06 21:36:03,223 - INFO - Setting 'custom_red' updated and saved
2026-08-06 21:36:03,223 - DEBUG - SET setting 'custom_mauve': #cba6f7 (previous: #cba6f7)
2026-08-06 21:36:03,223 - DEBUG - Attempting to save 41 settings to: C:\Users\user\OneDrive\Desktop\DiscordQuestManager\version 1.1.0\dist\DiscordQuestManager-data\settings.json
2026-08-06 21:36:03,223 - INFO - Successfully saved settings to file
2026-08-06 21:36:03,223 - DEBUG - Saved settings keys: ['theme', 'custom_duration', 'remember_duration', 'minimize_to_tray', 'auto_clean_on_exit', 'discord_auto_open', 'multi_quest_limit', 'dummy_cat_selection', 'dummy_alarm_enabled', 'dummy_alarm_type', 'dummy_alarm_sound_path', 'dummy_alarm_volume', 'custom_base', 'custom_mantle', 'custom_surface', 'custom_surface0', 'custom_surface1', 'custom_surface2', 'custom_text', 'custom_subtext0', 'custom_subtext1', 'custom_overlay0', 'custom_overlay1', 'custom_overlay2', 'custom_blue', 'custom_lavender', 'custom_sapphire', 'custom_sky', 'custom_teal', 'custom_green', 'custom_yellow', 'custom_peach', 'custom_maroon', 'custom_red', 'custom_mauve', 'custom_pink', 'custom_flamingo', 'custom_rosewater', 'auto_check_updates', 'exe_creation_path', 'data_folder_path']
2026-08-06 21:36:03,223 - INFO - Setting 'custom_mauve' updated and saved
2026-08-06 21:36:03,223 - DEBUG - SET setting 'custom_pink': #f5c2e7 (previous: #f5c2e7)
2026-08-06 21:36:03,223 - DEBUG - Attempting to save 41 settings to: C:\Users\user\OneDrive\Desktop\DiscordQuestManager\version 1.1.0\dist\DiscordQuestManager-data\settings.json
2026-08-06 21:36:03,224 - INFO - Successfully saved settings to file
2026-08-06 21:36:03,224 - DEBUG - Saved settings keys: ['theme', 'custom_duration', 'remember_duration', 'minimize_to_tray', 'auto_clean_on_exit', 'discord_auto_open', 'multi_quest_limit', 'dummy_cat_selection', 'dummy_alarm_enabled', 'dummy_alarm_type', 'dummy_alarm_sound_path', 'dummy_alarm_volume', 'custom_base', 'custom_mantle', 'custom_surface', 'custom_surface0', 'custom_surface1', 'custom_surface2', 'custom_text', 'custom_subtext0', 'custom_subtext1', 'custom_overlay0', 'custom_overlay1', 'custom_overlay2', 'custom_blue', 'custom_lavender', 'custom_sapphire', 'custom_sky', 'custom_teal', 'custom_green', 'custom_yellow', 'custom_peach', 'custom_maroon', 'custom_red', 'custom_mauve', 'custom_pink', 'custom_flamingo', 'custom_rosewater', 'auto_check_updates', 'exe_creation_path', 'data_folder_path']
2026-08-06 21:36:03,224 - INFO - Setting 'custom_pink' updated and saved
2026-08-06 21:36:03,224 - DEBUG - SET setting 'custom_flamingo': #f2cdcd (previous: #f2cdcd)
2026-08-06 21:36:03,224 - DEBUG - Attempting to save 41 settings to: C:\Users\user\OneDrive\Desktop\DiscordQuestManager\version 1.1.0\dist\DiscordQuestManager-data\settings.json
2026-08-06 21:36:03,225 - INFO - Successfully saved settings to file
2026-08-06 21:36:03,225 - DEBUG - Saved settings keys: ['theme', 'custom_duration', 'remember_duration', 'minimize_to_tray', 'auto_clean_on_exit', 'discord_auto_open', 'multi_quest_limit', 'dummy_cat_selection', 'dummy_alarm_enabled', 'dummy_alarm_type', 'dummy_alarm_sound_path', 'dummy_alarm_volume', 'custom_base', 'custom_mantle', 'custom_surface', 'custom_surface0', 'custom_surface1', 'custom_surface2', 'custom_text', 'custom_subtext0', 'custom_subtext1', 'custom_overlay0', 'custom_overlay1', 'custom_overlay2', 'custom_blue', 'custom_lavender', 'custom_sapphire', 'custom_sky', 'custom_teal', 'custom_green', 'custom_yellow', 'custom_peach', 'custom_maroon', 'custom_red', 'custom_mauve', 'custom_pink', 'custom_flamingo', 'custom_rosewater', 'auto_check_updates', 'exe_creation_path', 'data_folder_path']
2026-08-06 21:36:03,225 - INFO - Setting 'custom_flamingo' updated and saved
2026-08-06 21:36:03,225 - DEBUG - SET setting 'custom_rosewater': #f5e0dc (previous: #f5e0dc)
2026-08-06 21:36:03,225 - DEBUG - Attempting to save 41 settings to: C:\Users\user\OneDrive\Desktop\DiscordQuestManager\version 1.1.0\dist\DiscordQuestManager-data\settings.json
2026-08-06 21:36:03,225 - INFO - Successfully saved settings to file
2026-08-06 21:36:03,225 - DEBUG - Saved settings keys: ['theme', 'custom_duration', 'remember_duration', 'minimize_to_tray', 'auto_clean_on_exit', 'discord_auto_open', 'multi_quest_limit', 'dummy_cat_selection', 'dummy_alarm_enabled', 'dummy_alarm_type', 'dummy_alarm_sound_path', 'dummy_alarm_volume', 'custom_base', 'custom_mantle', 'custom_surface', 'custom_surface0', 'custom_surface1', 'custom_surface2', 'custom_text', 'custom_subtext0', 'custom_subtext1', 'custom_overlay0', 'custom_overlay1', 'custom_overlay2', 'custom_blue', 'custom_lavender', 'custom_sapphire', 'custom_sky', 'custom_teal', 'custom_green', 'custom_yellow', 'custom_peach', 'custom_maroon', 'custom_red', 'custom_mauve', 'custom_pink', 'custom_flamingo', 'custom_rosewater', 'auto_check_updates', 'exe_creation_path', 'data_folder_path']
2026-08-06 21:36:03,226 - INFO - Setting 'custom_rosewater' updated and saved
2026-08-06 21:36:03,226 - DEBUG - GET setting 'custom_duration': 1 (default: 15)
2026-08-06 21:36:03,226 - DEBUG - GET setting 'multi_quest_limit': 0 (default: 0)
2026-08-06 21:36:03,226 - DEBUG - GET setting 'remember_duration': True (default: True)
2026-08-06 21:36:03,226 - DEBUG - GET setting 'minimize_to_tray': False (default: False)
2026-08-06 21:36:03,226 - DEBUG - GET setting 'auto_clean_on_exit': False (default: True)
2026-08-06 21:36:03,226 - DEBUG - GET setting 'discord_auto_open': True (default: True)
2026-08-06 21:36:03,226 - DEBUG - GET setting 'auto_check_updates': False (default: True)
2026-08-06 21:36:03,226 - DEBUG - GET setting 'dummy_cat_selection': Cat-1 (default: Cat-1)
2026-08-06 21:36:03,226 - DEBUG - GET setting 'exe_creation_path': C:/Users/user/OneDrive/Desktop/DiscordQuestManager/version 1.1.0/dist (default: )
2026-08-06 21:36:03,226 - DEBUG - GET setting 'data_folder_path':  (default: )
2026-08-06 21:36:03,226 - INFO - Settings saved successfully
2026-08-06 21:36:05,553 - DEBUG - STREAM b'IHDR' 16 13
2026-08-06 21:36:05,554 - DEBUG - STREAM b'sRGB' 41 1
2026-08-06 21:36:05,554 - DEBUG - STREAM b'IDAT' 54 65204
2026-08-06 21:36:05,760 - INFO - Created fake executable: C:/Users/user/OneDrive/Desktop/DiscordQuestManager/version 1.1.0/dist\somewhere in the shadow.exe from C:\Users\user\OneDrive\Desktop\DiscordQuestManager\version 1.1.0\dist\DiscordQuestManager.exe
2026-08-06 21:36:06,367 - INFO - Created fake executable: C:/Users/user/OneDrive/Desktop/DiscordQuestManager/version 1.1.0/dist\where dragon spirits.exe from C:\Users\user\OneDrive\Desktop\DiscordQuestManager\version 1.1.0\dist\DiscordQuestManager.exe
2026-08-06 21:36:07,290 - INFO - Created fake executable: C:/Users/user/OneDrive/Desktop/DiscordQuestManager/version 1.1.0/dist\nwxclient-win64-shipping.exe from C:\Users\user\OneDrive\Desktop\DiscordQuestManager\version 1.1.0\dist\DiscordQuestManager.exe
2026-08-06 21:36:08,234 - INFO - Settings dialog logging initialized
2026-08-06 21:36:08,991 - INFO - Settings dialog logging initialized
2026-08-06 21:36:09,113 - DEBUG - Importing PngImagePlugin
2026-08-06 21:36:09,124 - DEBUG - STREAM b'IHDR' 16 13
2026-08-06 21:36:09,124 - DEBUG - STREAM b'pHYs' 41 9
2026-08-06 21:36:09,124 - DEBUG - STREAM b'tEXt' 62 25
2026-08-06 21:36:09,124 - DEBUG - STREAM b'IDAT' 99 8192
2026-08-06 21:36:09,472 - DEBUG - Importing PngImagePlugin
2026-08-06 21:36:09,478 - DEBUG - STREAM b'IHDR' 16 13
2026-08-06 21:36:09,478 - DEBUG - STREAM b'pHYs' 41 9
2026-08-06 21:36:09,478 - DEBUG - STREAM b'tEXt' 62 25
2026-08-06 21:36:09,478 - DEBUG - STREAM b'IDAT' 99 8192
2026-08-06 21:36:09,573 - INFO - Settings dialog logging initialized
2026-08-06 21:36:09,848 - DEBUG - Importing PngImagePlugin
2026-08-06 21:36:09,854 - DEBUG - STREAM b'IHDR' 16 13
2026-08-06 21:36:09,854 - DEBUG - STREAM b'pHYs' 41 9
2026-08-06 21:36:09,854 - DEBUG - STREAM b'tEXt' 62 25
2026-08-06 21:36:09,854 - DEBUG - STREAM b'IDAT' 99 8192
2026-08-06 21:36:20,061 - DEBUG - STREAM b'IHDR' 16 13
2026-08-06 21:36:20,062 - DEBUG - STREAM b'pHYs' 41 9
2026-08-06 21:36:20,062 - DEBUG - STREAM b'tEXt' 62 25
2026-08-06 21:36:20,062 - DEBUG - STREAM b'IDAT' 99 8192
2026-08-06 21:36:20,139 - DEBUG - STREAM b'IHDR' 16 13
2026-08-06 21:36:20,139 - DEBUG - STREAM b'pHYs' 41 9
2026-08-06 21:36:20,139 - DEBUG - STREAM b'tEXt' 62 25
2026-08-06 21:36:20,139 - DEBUG - STREAM b'IDAT' 99 8192
2026-08-06 21:36:23,911 - DEBUG - STREAM b'IHDR' 16 13
2026-08-06 21:36:23,911 - DEBUG - STREAM b'pHYs' 41 9
2026-08-06 21:36:23,911 - DEBUG - STREAM b'tEXt' 62 25
2026-08-06 21:36:23,911 - DEBUG - STREAM b'IDAT' 99 8192
2026-08-06 21:36:27,801 - DEBUG - STREAM b'IHDR' 16 13
2026-08-06 21:36:27,801 - DEBUG - STREAM b'sRGB' 41 1
2026-08-06 21:36:27,801 - DEBUG - STREAM b'IDAT' 54 65204
2026-08-06 21:36:28,009 - INFO - Created fake executable: C:/Users/user/OneDrive/Desktop/DiscordQuestManager/version 1.1.0/dist\somewhere in the shadow.exe from C:\Users\user\OneDrive\Desktop\DiscordQuestManager\version 1.1.0\dist\DiscordQuestManager.exe
2026-08-06 21:36:28,587 - INFO - Created fake executable: C:\Users\user\Desktop\Where Dragon Spirits\where dragon spirits.exe from C:\Users\user\OneDrive\Desktop\DiscordQuestManager\version 1.1.0\dist\DiscordQuestManager.exe
2026-08-06 21:36:30,069 - INFO - Created fake executable: C:/Users/user/OneDrive/Desktop/DiscordQuestManager/version 1.1.0/dist\nwxclient-win64-shipping.exe from C:\Users\user\OneDrive\Desktop\DiscordQuestManager\version 1.1.0\dist\DiscordQuestManager.exe
2026-08-06 21:36:30,312 - INFO - Settings dialog logging initialized
2026-08-06 21:36:31,252 - DEBUG - Importing PngImagePlugin
2026-08-06 21:36:31,259 - DEBUG - STREAM b'IHDR' 16 13
2026-08-06 21:36:31,259 - DEBUG - STREAM b'pHYs' 41 9
2026-08-06 21:36:31,259 - DEBUG - STREAM b'tEXt' 62 25
2026-08-06 21:36:31,259 - DEBUG - STREAM b'IDAT' 99 8192
2026-08-06 21:36:31,960 - INFO - Settings dialog logging initialized
2026-08-06 21:36:32,255 - DEBUG - Importing PngImagePlugin
2026-08-06 21:36:32,261 - DEBUG - STREAM b'IHDR' 16 13
2026-08-06 21:36:32,261 - DEBUG - STREAM b'pHYs' 41 9
2026-08-06 21:36:32,261 - DEBUG - STREAM b'tEXt' 62 25
2026-08-06 21:36:32,261 - DEBUG - STREAM b'IDAT' 99 8192
2026-08-06 21:36:43,514 - DEBUG - STREAM b'IHDR' 16 13
2026-08-06 21:36:43,514 - DEBUG - STREAM b'pHYs' 41 9
2026-08-06 21:36:43,514 - DEBUG - STREAM b'tEXt' 62 25
2026-08-06 21:36:43,514 - DEBUG - STREAM b'IDAT' 99 8192
2026-08-06 21:36:43,590 - DEBUG - STREAM b'IHDR' 16 13
2026-08-06 21:36:43,590 - DEBUG - STREAM b'pHYs' 41 9
2026-08-06 21:36:43,590 - DEBUG - STREAM b'tEXt' 62 25
2026-08-06 21:36:43,590 - DEBUG - STREAM b'IDAT' 99 8192
2026-08-06 21:36:50,023 - DEBUG - GET setting 'auto_clean_on_exit': False (default: True)
2026-08-06 21:51:30,692 - INFO - Settings dialog logging initialized
2026-08-06 21:51:30,756 - DEBUG - Running in frozen mode, base_dir: C:\Users\user\OneDrive\Desktop\DiscordQuestManager\version 1.1.0\dist
2026-08-06 21:51:30,757 - DEBUG - Settings file path: C:\Users\user\OneDrive\Desktop\DiscordQuestManager\version 1.1.0\dist\DiscordQuestManager-data\settings.json
2026-08-06 21:51:30,757 - INFO - Settings file path: C:\Users\user\OneDrive\Desktop\DiscordQuestManager\version 1.1.0\dist\DiscordQuestManager-data\settings.json
2026-08-06 21:51:30,757 - DEBUG - Loaded default settings with 38 keys
2026-08-06 21:51:30,757 - DEBUG - Attempting to load settings from: C:\Users\user\OneDrive\Desktop\DiscordQuestManager\version 1.1.0\dist\DiscordQuestManager-data\settings.json
2026-08-06 21:51:30,757 - INFO - Successfully loaded 41 settings from file
2026-08-06 21:51:30,757 - DEBUG - Loaded settings keys: ['theme', 'custom_duration', 'remember_duration', 'minimize_to_tray', 'auto_clean_on_exit', 'discord_auto_open', 'multi_quest_limit', 'dummy_cat_selection', 'dummy_alarm_enabled', 'dummy_alarm_type', 'dummy_alarm_sound_path', 'dummy_alarm_volume', 'custom_base', 'custom_mantle', 'custom_surface', 'custom_surface0', 'custom_surface1', 'custom_surface2', 'custom_text', 'custom_subtext0', 'custom_subtext1', 'custom_overlay0', 'custom_overlay1', 'custom_overlay2', 'custom_blue', 'custom_lavender', 'custom_sapphire', 'custom_sky', 'custom_teal', 'custom_green', 'custom_yellow', 'custom_peach', 'custom_maroon', 'custom_red', 'custom_mauve', 'custom_pink', 'custom_flamingo', 'custom_rosewater', 'auto_check_updates', 'exe_creation_path', 'data_folder_path']
2026-08-06 21:51:30,757 - DEBUG - Updated settings, now have 41 total keys
2026-08-06 21:51:30,757 - INFO - SettingsManager initialized with 41 total settings
2026-08-06 21:51:30,758 - INFO - Loaded 26 colors from mocha.json
2026-08-06 21:51:30,758 - DEBUG - GET setting 'theme': custom (default: mocha)
2026-08-06 21:51:30,758 - DEBUG - GET_ALL: Returning 41 settings
2026-08-06 21:51:30,758 - DEBUG - GET setting 'custom_duration': 1 (default: None)
2026-08-06 21:51:30,759 - DEBUG - GET setting 'custom_base': #1e1e2e (default: None)
2026-08-06 21:51:30,759 - DEBUG - GET setting 'custom_mantle': #181825 (default: None)
2026-08-06 21:51:30,759 - DEBUG - GET setting 'custom_surface': #313244 (default: None)
2026-08-06 21:51:30,759 - DEBUG - GET setting 'custom_surface0': #45475a (default: None)
2026-08-06 21:51:30,759 - DEBUG - GET setting 'custom_surface1': #585b70 (default: None)
2026-08-06 21:51:30,759 - DEBUG - GET setting 'custom_surface2': #45475a (default: None)
2026-08-06 21:51:30,759 - DEBUG - GET setting 'custom_text': #cdd6f4 (default: None)
2026-08-06 21:51:30,759 - DEBUG - GET setting 'custom_subtext0': #a6adc8 (default: None)
2026-08-06 21:51:30,759 - DEBUG - GET setting 'custom_subtext1': #bac2de (default: None)
2026-08-06 21:51:30,759 - DEBUG - GET setting 'custom_overlay0': #6c7086 (default: None)
2026-08-06 21:51:30,759 - DEBUG - GET setting 'custom_overlay1': #7f849c (default: None)
2026-08-06 21:51:30,759 - DEBUG - GET setting 'custom_overlay2': #9399b2 (default: None)
2026-08-06 21:51:30,759 - DEBUG - GET setting 'custom_blue': #89b4fa (default: None)
2026-08-06 21:51:30,759 - DEBUG - GET setting 'custom_lavender': #b4befe (default: None)
2026-08-06 21:51:30,759 - DEBUG - GET setting 'custom_sapphire': #74c7ec (default: None)
2026-08-06 21:51:30,759 - DEBUG - GET setting 'custom_sky': #89dceb (default: None)
2026-08-06 21:51:30,759 - DEBUG - GET setting 'custom_teal': #94e2d5 (default: None)
2026-08-06 21:51:30,759 - DEBUG - GET setting 'custom_green': #a6e3a1 (default: None)
2026-08-06 21:51:30,759 - DEBUG - GET setting 'custom_yellow': #f9e2af (default: None)
2026-08-06 21:51:30,759 - DEBUG - GET setting 'custom_peach': #fab387 (default: None)
2026-08-06 21:51:30,759 - DEBUG - GET setting 'custom_maroon': #eba0ac (default: None)
2026-08-06 21:51:30,759 - DEBUG - GET setting 'custom_red': #f38ba8 (default: None)
2026-08-06 21:51:30,759 - DEBUG - GET setting 'custom_mauve': #cba6f7 (default: None)
2026-08-06 21:51:30,759 - DEBUG - GET setting 'custom_pink': #f5c2e7 (default: None)
2026-08-06 21:51:30,759 - DEBUG - GET setting 'custom_flamingo': #f2cdcd (default: None)
2026-08-06 21:51:30,759 - DEBUG - GET setting 'custom_rosewater': #f5e0dc (default: None)
2026-08-06 21:51:30,759 - INFO - set_theme called with theme: custom, custom_colors: True
2026-08-06 21:51:30,759 - INFO - Setting custom theme with 27 colors
2026-08-06 21:51:30,759 - INFO - Saved custom theme to C:\Users\user\AppData\Local\Temp\_MEI110402\core\themes\custom.json
2026-08-06 21:51:30,759 - INFO - Theme set to: custom with 27 colors
2026-08-06 21:51:30,759 - WARNING - No theme change callback registered
2026-08-06 21:51:30,759 - DEBUG - GET setting 'custom_duration': 1 (default: 15)
2026-08-06 21:51:30,759 - DEBUG - GET setting 'multi_quest_limit': 0 (default: 0)
2026-08-06 21:51:30,759 - DEBUG - GET setting 'remember_duration': True (default: True)
2026-08-06 21:51:30,760 - DEBUG - GET setting 'minimize_to_tray': False (default: False)
2026-08-06 21:51:30,760 - DEBUG - GET setting 'auto_clean_on_exit': False (default: True)
2026-08-06 21:51:30,760 - DEBUG - GET setting 'discord_auto_open': True (default: True)
2026-08-06 21:51:30,760 - DEBUG - GET setting 'auto_check_updates': False (default: True)
2026-08-06 21:51:30,760 - DEBUG - GET setting 'dummy_cat_selection': Cat-1 (default: Cat-1)
2026-08-06 21:51:30,760 - DEBUG - GET setting 'exe_creation_path': C:/Users/user/OneDrive/Desktop/DiscordQuestManager/version 1.1.0/dist (default: )
2026-08-06 21:51:30,760 - DEBUG - GET setting 'data_folder_path':  (default: )
2026-08-06 21:51:30,765 - DEBUG - Importing PngImagePlugin
2026-08-06 21:51:30,771 - DEBUG - STREAM b'IHDR' 16 13
2026-08-06 21:51:30,771 - DEBUG - STREAM b'pHYs' 41 9
2026-08-06 21:51:30,771 - DEBUG - STREAM b'tEXt' 62 25
2026-08-06 21:51:30,771 - DEBUG - STREAM b'IDAT' 99 8192
2026-08-06 21:51:30,779 - DEBUG - STREAM b'IHDR' 16 13
2026-08-06 21:51:30,779 - DEBUG - STREAM b'pHYs' 41 9
2026-08-06 21:51:30,779 - DEBUG - STREAM b'tEXt' 62 25
2026-08-06 21:51:30,779 - DEBUG - STREAM b'IDAT' 99 8192
2026-08-06 21:51:30,783 - DEBUG - STREAM b'IHDR' 16 13
2026-08-06 21:51:30,783 - DEBUG - STREAM b'pHYs' 41 9
2026-08-06 21:51:30,783 - DEBUG - STREAM b'tEXt' 62 25
2026-08-06 21:51:30,783 - DEBUG - STREAM b'IDAT' 99 8192
2026-08-06 21:51:30,787 - DEBUG - STREAM b'IHDR' 16 13
2026-08-06 21:51:30,787 - DEBUG - STREAM b'pHYs' 41 9
2026-08-06 21:51:30,787 - DEBUG - STREAM b'tEXt' 62 25
2026-08-06 21:51:30,787 - DEBUG - STREAM b'IDAT' 99 8192
2026-08-06 21:51:30,843 - DEBUG - STREAM b'IHDR' 16 13
2026-08-06 21:51:30,843 - DEBUG - STREAM b'pHYs' 41 9
2026-08-06 21:51:30,843 - DEBUG - STREAM b'tEXt' 62 25
2026-08-06 21:51:30,843 - DEBUG - STREAM b'IDAT' 99 8192
2026-08-06 21:51:30,902 - DEBUG - STREAM b'IHDR' 16 13
2026-08-06 21:51:30,902 - DEBUG - STREAM b'sBIT' 41 4
2026-08-06 21:51:30,902 - DEBUG - b'sBIT' 41 4 (unknown)
2026-08-06 21:51:30,902 - DEBUG - STREAM b'pHYs' 57 9
2026-08-06 21:51:30,902 - DEBUG - STREAM b'tEXt' 78 25
2026-08-06 21:51:30,902 - DEBUG - STREAM b'IDAT' 115 8192
2026-08-06 21:51:30,907 - DEBUG - STREAM b'IHDR' 16 13
2026-08-06 21:51:30,907 - DEBUG - STREAM b'sBIT' 41 4
2026-08-06 21:51:30,907 - DEBUG - b'sBIT' 41 4 (unknown)
2026-08-06 21:51:30,907 - DEBUG - STREAM b'pHYs' 57 9
2026-08-06 21:51:30,907 - DEBUG - STREAM b'tEXt' 78 25
2026-08-06 21:51:30,907 - DEBUG - STREAM b'IDAT' 115 7260
2026-08-06 21:51:30,999 - DEBUG - STREAM b'IHDR' 16 13
2026-08-06 21:51:30,999 - DEBUG - STREAM b'pHYs' 41 9
2026-08-06 21:51:30,999 - DEBUG - STREAM b'tEXt' 62 25
2026-08-06 21:51:30,999 - DEBUG - STREAM b'IDAT' 99 8192
2026-08-06 21:51:31,041 - DEBUG - STREAM b'IHDR' 16 13
2026-08-06 21:51:31,041 - DEBUG - STREAM b'sBIT' 41 4
2026-08-06 21:51:31,041 - DEBUG - b'sBIT' 41 4 (unknown)
2026-08-06 21:51:31,041 - DEBUG - STREAM b'pHYs' 57 9
2026-08-06 21:51:31,041 - DEBUG - STREAM b'tEXt' 78 25
2026-08-06 21:51:31,041 - DEBUG - STREAM b'IDAT' 115 8192
2026-08-06 21:51:31,046 - DEBUG - STREAM b'IHDR' 16 13
2026-08-06 21:51:31,046 - DEBUG - STREAM b'sRGB' 41 1
2026-08-06 21:51:31,046 - DEBUG - STREAM b'IDAT' 54 719
2026-08-06 21:51:31,071 - DEBUG - Importing AvifImagePlugin
2026-08-06 21:51:31,085 - DEBUG - Importing BlpImagePlugin
2026-08-06 21:51:31,088 - DEBUG - Importing BmpImagePlugin
2026-08-06 21:51:31,088 - DEBUG - Importing BufrStubImagePlugin
2026-08-06 21:51:31,090 - DEBUG - Importing CurImagePlugin
2026-08-06 21:51:31,090 - DEBUG - Importing DcxImagePlugin
2026-08-06 21:51:31,091 - DEBUG - Importing DdsImagePlugin
2026-08-06 21:51:31,093 - DEBUG - Importing EpsImagePlugin
2026-08-06 21:51:31,094 - DEBUG - Importing FitsImagePlugin
2026-08-06 21:51:31,095 - DEBUG - Importing FliImagePlugin
2026-08-06 21:51:31,095 - DEBUG - Importing FpxImagePlugin
2026-08-06 21:51:31,096 - DEBUG - Image: failed to import FpxImagePlugin: No module named 'olefile'
2026-08-06 21:51:31,096 - DEBUG - Importing FtexImagePlugin
2026-08-06 21:51:31,096 - DEBUG - Importing GbrImagePlugin
2026-08-06 21:51:31,096 - DEBUG - Importing GifImagePlugin
2026-08-06 21:51:31,096 - DEBUG - Importing GribStubImagePlugin
2026-08-06 21:51:31,097 - DEBUG - Importing Hdf5StubImagePlugin
2026-08-06 21:51:31,097 - DEBUG - Importing IcnsImagePlugin
2026-08-06 21:51:31,098 - DEBUG - Importing IcoImagePlugin
2026-08-06 21:51:31,099 - DEBUG - Importing ImImagePlugin
2026-08-06 21:51:31,099 - DEBUG - Importing ImtImagePlugin
2026-08-06 21:51:31,100 - DEBUG - Importing IptcImagePlugin
2026-08-06 21:51:31,100 - DEBUG - Importing JpegImagePlugin
2026-08-06 21:51:31,100 - DEBUG - Importing Jpeg2KImagePlugin
2026-08-06 21:51:31,100 - DEBUG - Importing McIdasImagePlugin
2026-08-06 21:51:31,101 - DEBUG - Importing MicImagePlugin
2026-08-06 21:51:31,101 - DEBUG - Image: failed to import MicImagePlugin: No module named 'olefile'
2026-08-06 21:51:31,101 - DEBUG - Importing MpegImagePlugin
2026-08-06 21:51:31,101 - DEBUG - Importing MpoImagePlugin
2026-08-06 21:51:31,103 - DEBUG - Importing MspImagePlugin
2026-08-06 21:51:31,104 - DEBUG - Importing PalmImagePlugin
2026-08-06 21:51:31,105 - DEBUG - Importing PcdImagePlugin
2026-08-06 21:51:31,105 - DEBUG - Importing PcxImagePlugin
2026-08-06 21:51:31,105 - DEBUG - Importing PdfImagePlugin
2026-08-06 21:51:31,109 - DEBUG - Importing PixarImagePlugin
2026-08-06 21:51:31,110 - DEBUG - Importing PngImagePlugin
2026-08-06 21:51:31,110 - DEBUG - Importing PpmImagePlugin
2026-08-06 21:51:31,110 - DEBUG - Importing PsdImagePlugin
2026-08-06 21:51:31,110 - DEBUG - Importing QoiImagePlugin
2026-08-06 21:51:31,110 - DEBUG - Importing SgiImagePlugin
2026-08-06 21:51:31,111 - DEBUG - Importing SpiderImagePlugin
2026-08-06 21:51:31,111 - DEBUG - Importing SunImagePlugin
2026-08-06 21:51:31,111 - DEBUG - Importing TgaImagePlugin
2026-08-06 21:51:31,111 - DEBUG - Importing TiffImagePlugin
2026-08-06 21:51:31,112 - DEBUG - Importing WebPImagePlugin
2026-08-06 21:51:31,113 - DEBUG - Importing WmfImagePlugin
2026-08-06 21:51:31,113 - DEBUG - Importing XbmImagePlugin
2026-08-06 21:51:31,114 - DEBUG - Importing XpmImagePlugin
2026-08-06 21:51:31,114 - DEBUG - Importing XVThumbImagePlugin
2026-08-06 21:53:53,510 - DEBUG - GET setting 'auto_clean_on_exit': False (default: True)
